appearance_id,object_id,relation_type,confidence
APP-005333079AA9,IBI-C6D59D673FF8,primary,1.0
APP-0073BB6C1CFE,IBI-C8BAC4677D5B,primary,1.0
APP-00992F95754F,IBI-CD3E2F90BE86,primary,1.0
APP-00AE16D1AD5C,IBI-453035C1DDED,primary,1.0
APP-00CC29CA1C24,IBI-C9CBD8EB2190,primary,1.0
APP-01220D999314,IBI-10A05AFD0BE2,primary,1.0
APP-01346239DE73,IBI-BBB46EF28115,primary,1.0
APP-0154647C398F,IBI-AA3FC953DA0F,primary,1.0
APP-015C55856681,IBI-C0CEB7F095BD,primary,1.0
APP-019151EE49B9,IBI-30FB7BC72D53,primary,1.0
APP-0199BC2DD6A8,IBI-16F45724A603,primary,1.0
APP-01B67FF49D78,IBI-88505642BE2E,primary,1.0
APP-01C83730C1F8,IBI-5DA6D4C914F4,primary,1.0
APP-01EC4A21E415,IBI-935792C842AB,primary,1.0
APP-024D02C15A38,IBI-21905513ABB4,primary,1.0
APP-0253493D2916,IBI-653C0F4DAF6F,primary,1.0
APP-025417AAF0E4,IBI-96F3DBB22B61,primary,1.0
APP-025F4CB1403C,IBI-E8D5C937721A,primary,1.0
APP-026840ABD522,IBI-770EFE0D1A29,primary,1.0
APP-02ADCEEA1DBA,IBI-FB27FC73F393,primary,1.0
APP-02B0C15ADFD1,IBI-E79D5A7D8874,primary,1.0
APP-036EBAD7F914,IBI-7AF2C3E31FDD,primary,1.0
APP-042E7FCC8386,IBI-3DF53470BB36,primary,1.0
APP-0456B3A2D58E,IBI-19E101F5D705,primary,1.0
APP-046C5DF14B68,IBI-21AC145272C3,primary,1.0
APP-04BA91F21938,IBI-DD8AA3CB0C93,primary,1.0
APP-05583228B981,IBI-0E7150957331,primary,1.0
APP-055AAAE40710,IBI-B8793C833977,primary,1.0
APP-0561F98655E7,IBI-5668DFCF5849,primary,1.0
APP-058D5937C09E,IBI-F6520BBAE95D,primary,1.0
APP-05A6A70E41BE,IBI-76FB63CDA695,primary,1.0
APP-05BD1FCE8DB5,IBI-35F76F0F9D47,primary,1.0
APP-05E2CD802E1D,IBI-C8B395024F41,primary,1.0
APP-05E62BA762CE,IBI-C50A3FF109FA,primary,1.0
APP-0660F3F61A00,IBI-F2B94432A053,primary,1.0
APP-06614E9AA5E9,IBI-A8BE9F6FA177,primary,1.0
APP-067B68E8D52B,IBI-F5126391366F,primary,1.0
APP-06EF4BC23B1D,IBI-51D534C82D43,primary,1.0
APP-07648364502C,IBI-6C4D8112FFE2,primary,1.0
APP-0764AA3EFCD8,IBI-C0936EFE772B,primary,1.0
APP-0785D5713827,IBI-24806B38E295,primary,1.0
APP-0793AD650B2E,IBI-079F0B82D514,primary,1.0
APP-079C5F245AF7,IBI-7C5D3911148E,primary,1.0
APP-07A0BD3CAEDC,IBI-B54D497CC676,primary,1.0
APP-07C0D5854081,IBI-374B7E79C69C,primary,1.0
APP-07DEAB9C072C,IBI-B8D8FA942816,primary,1.0
APP-081E397CF9A3,IBI-09C22FFFD031,primary,1.0
APP-085C030DC022,IBI-5689D7C131FC,primary,1.0
APP-08C76009E09E,IBI-05F37B54B501,primary,1.0
APP-08CDED538612,IBI-EF45888FA247,primary,1.0
APP-091F063B145C,IBI-087C6E4D7329,primary,1.0
APP-092726F460B9,IBI-21F04F566A66,primary,1.0
APP-0928AC66368D,IBI-1BCA06F4C6A3,primary,1.0
APP-096B30B199E3,IBI-0B9D7E67D854,primary,1.0
APP-096E5E45B639,IBI-C2906E4D88F3,primary,1.0
APP-09F7BDAE8FB6,IBI-BBF9CDFE55F2,primary,1.0
APP-0A125C62797A,IBI-FB4728FAE732,primary,1.0
APP-0A43FA9147C8,IBI-1096AC7149EC,primary,1.0
APP-0A4D0C1FE3E3,IBI-3DA1CA1060F5,primary,1.0
APP-0A7A5EB29C20,IBI-3180DEB24604,primary,1.0
APP-0AA111F6F5D7,IBI-8DF5C0C9CF56,primary,1.0
APP-0AA4D6F5B83E,IBI-B8589C86CB61,primary,1.0
APP-0AC30F161C91,IBI-5AF31C15BFED,primary,1.0
APP-0B0C592D397A,IBI-13F4F4F65D1E,primary,1.0
APP-0B40B448970A,IBI-C6C1AF3BCF87,primary,1.0
APP-0B7B14ED167D,IBI-F901D66AA611,primary,1.0
APP-0B95A087377D,IBI-9E6B264AC989,primary,1.0
APP-0BA0424A178C,IBI-D227A0BAF003,primary,1.0
APP-0BA0B1C86D21,IBI-ACA1B364B420,primary,1.0
APP-0BB258B7AC9E,IBI-FAF1F23148E0,primary,1.0
APP-0C3A807536F6,IBI-4F5841D575F1,primary,1.0
APP-0C3EF3744230,IBI-CE55DA25E681,primary,1.0
APP-0C6C43E6CE00,IBI-64889DD64911,primary,1.0
APP-0C6E6DC70494,IBI-4D931CBC1484,primary,1.0
APP-0C8F093343BD,IBI-B0EE89AC95F3,primary,1.0
APP-0CAC8F17F612,IBI-FCB1031090E2,primary,1.0
APP-0CB328E857D3,IBI-7B5FC6F7A0FA,primary,1.0
APP-0CF7130E8FA3,IBI-1D6F5E86F410,primary,0.8
APP-0D065E8F1E38,IBI-ECFA9901D4DC,primary,1.0
APP-0D11C344DF8D,IBI-07301A4A71CD,primary,1.0
APP-0D1DD71C5A89,IBI-23F08045C39F,primary,1.0
APP-0D6521BE33C9,IBI-6E087B8C539F,primary,1.0
APP-0D72E556560C,IBI-95E9F42816BF,primary,1.0
APP-0DB0C5A859CA,IBI-39B896F4912E,primary,1.0
APP-0E2655812B30,IBI-73D2DAE13663,primary,1.0
APP-0E5A220264FA,IBI-4D29382AEC22,primary,1.0
APP-0EAD427A74EB,IBI-E562B6AEEFAF,primary,1.0
APP-0EBD15DC167E,IBI-387C18B11F84,primary,1.0
APP-0F17828055F3,IBI-F7A591665533,primary,1.0
APP-0F7DD7AEB0FE,IBI-2A62E7C24655,primary,1.0
APP-0FAEA34776A0,IBI-74947CF1C998,primary,1.0
APP-105132C32B99,IBI-F3A1502F1715,primary,1.0
APP-1068E3DBBB79,IBI-75FA7EAA1BF4,primary,1.0
APP-1077F0DCA304,IBI-FB4EFCE9FCBD,primary,1.0
APP-10B39EF6ED80,IBI-B76674787AA7,primary,1.0
APP-10BD3AC03513,IBI-B6AABE2F395E,primary,1.0
APP-10F5B3181D3C,IBI-130DFB1D1802,primary,1.0
APP-110163756E00,IBI-0C49F8862A63,primary,1.0
APP-11128341D873,IBI-43E5EECA50BC,primary,1.0
APP-116959B934A7,IBI-83A0A347B7C4,primary,1.0
APP-11916763AC9B,IBI-BA91CB9E218A,primary,1.0
APP-11C2BA3EFA69,IBI-1D51C8E225EE,primary,1.0
APP-11E572A33B59,IBI-0A4D195A6EE6,primary,1.0
APP-128E0FCC3D26,IBI-5F31615726F1,primary,1.0
APP-12AB062B61C1,IBI-F031C44350BC,primary,1.0
APP-12BF5D03BB52,IBI-ED159D8FF42E,primary,1.0
APP-12FD83A18D0E,IBI-4804CC31F58D,primary,1.0
APP-1310B7191112,IBI-E135C0EA9CED,primary,1.0
APP-132331BD62FE,IBI-F1D80CD0C95B,primary,1.0
APP-134301CEFF4B,IBI-3F577A400110,primary,1.0
APP-134B03DEDDB6,IBI-99CA1DB9C484,primary,1.0
APP-1353381AE627,IBI-C6E5B1BD164C,primary,1.0
APP-136FFF349D20,IBI-8746509B00D1,primary,1.0
APP-13AE5C78C583,IBI-70A33619FA7E,primary,1.0
APP-13C6D373D189,IBI-E5149EBE4E1A,primary,1.0
APP-1402D7F3E06E,IBI-2D80EA4F1D86,primary,1.0
APP-1424E136E25B,IBI-0F72CC248889,primary,1.0
APP-14344DB7C16F,IBI-8E5308A4A137,primary,1.0
APP-14719E1AB6B5,IBI-358AAAF4ED2B,primary,1.0
APP-14CE864BC206,IBI-583417FC78CB,primary,1.0
APP-1532BF60422C,IBI-69BD5A4C197B,primary,1.0
APP-1541707BE3BC,IBI-D97F4DC17DD3,primary,1.0
APP-155E2F340767,IBI-E2E80DC27E79,primary,1.0
APP-156279AE6807,IBI-41EF9D3D3B97,primary,1.0
APP-15C1F2EE7433,IBI-8DBB2FDDBA64,primary,1.0
APP-160B0C67DFD2,IBI-FFC896350AFE,primary,1.0
APP-160D3DD6AEA0,IBI-2AF0C10043BB,primary,1.0
APP-161936A43764,IBI-D598DA57FA0E,primary,1.0
APP-164B5FD2D2D5,IBI-EEEC822AEAA9,primary,1.0
APP-16592BAB8739,IBI-834E8999515E,primary,1.0
APP-166F991307E1,IBI-5C4F91E6067E,primary,1.0
APP-16FF15569941,IBI-4A2F6AC1F208,primary,1.0
APP-174A7A992ADB,IBI-3E0C956BD836,primary,1.0
APP-1751A2BB0AEB,IBI-32F8164EAC5E,primary,1.0
APP-178EA3C828CE,IBI-20892526C235,primary,1.0
APP-17BD83A8E95C,IBI-A7984F33DE55,primary,1.0
APP-17FADEC6575A,IBI-DD170995141F,primary,1.0
APP-1824153FEC59,IBI-E132B79EADD2,primary,1.0
APP-184712E80005,IBI-E7FD7B539EF2,primary,1.0
APP-18678FADBB78,IBI-5C8B8D7464F2,primary,1.0
APP-18B616BE2229,IBI-935792C842AB,primary,0.8
APP-18F5673DA4D4,IBI-898FA72381ED,primary,1.0
APP-190E5D39A2E9,IBI-E18000741DAB,primary,1.0
APP-1921C35E6C5A,IBI-D4F9E3F0300B,primary,1.0
APP-197233AA22EC,IBI-3AF5FBEE2C91,primary,1.0
APP-1973A3D5DA1B,IBI-597290DEB8C3,primary,1.0
APP-19962AEA390C,IBI-707CAB497217,primary,1.0
APP-199CE561BC56,IBI-B1DB244ADA9C,primary,1.0
APP-19E688CF629E,IBI-5CB5A9A5E46E,primary,1.0
APP-19E720945F01,IBI-C1AF6481C19A,primary,1.0
APP-1A0F60F4302D,IBI-36E0B6218EBA,primary,1.0
APP-1A1BCE96A11F,IBI-47A624FD7A32,primary,1.0
APP-1A3A4D2B7295,IBI-3F5D2D9C15BE,primary,1.0
APP-1A5868765C01,IBI-EA02F6D6DE6D,primary,1.0
APP-1A5A2B4A468E,IBI-2C4A68905E21,primary,1.0
APP-1A7283B445A1,IBI-50F54650C17B,primary,1.0
APP-1AC1BE6251AD,IBI-93D8EFA6B3C3,primary,1.0
APP-1AC4A9330C9D,IBI-C7EBF3D2A4C3,primary,1.0
APP-1ADA79F2ACA7,IBI-65643BBAF2D8,primary,1.0
APP-1B15F39703B2,IBI-BB7E2D65B4F2,primary,1.0
APP-1B33E236A5BC,IBI-5EFBFD3ADE74,primary,1.0
APP-1BA8CC1BA631,IBI-C364057B0E9A,primary,1.0
APP-1BDA5D85DAE5,IBI-67FD2257910F,primary,1.0
APP-1BE118246DB1,IBI-F34C9BA54074,primary,1.0
APP-1C33290B0B77,IBI-9D21947B0388,primary,1.0
APP-1C6613904B9B,IBI-8430D0065670,primary,1.0
APP-1C679A2C2705,IBI-0F181E2EF9E1,primary,1.0
APP-1CAC78F9E525,IBI-ABD1308F8400,primary,1.0
APP-1CADEC77BA72,IBI-6FA7E982BF0B,primary,1.0
APP-1CEC78608F82,IBI-2D89F1AE8B4E,primary,1.0
APP-1D5EBCF84427,IBI-874E34F7B3B5,primary,1.0
APP-1D69AA0E9422,IBI-5FF17F04C265,primary,1.0
APP-1D86A433A883,IBI-C4BC7B9B2103,primary,1.0
APP-1DC5E9F304C2,IBI-D1CA2736055D,primary,1.0
APP-1DC901FC2719,IBI-0DDAE5D941C5,primary,1.0
APP-1E1AA1F0D4D6,IBI-5BA864A5AA3B,primary,1.0
APP-1E2AE81BB521,IBI-A3611322C9BE,primary,1.0
APP-1E3157DD1826,IBI-3E8AF5F84087,primary,1.0
APP-1E87E59A412A,IBI-07AB8EBC54E5,primary,1.0
APP-1E9CF57E593C,IBI-907E7D4A3B11,primary,1.0
APP-1EAFCB9D36F6,IBI-D5AB689EABA8,primary,1.0
APP-1EEC64F52715,IBI-CCC8B14D56EA,primary,1.0
APP-1F61A7F4F477,IBI-81EDA3CB0E4B,primary,1.0
APP-1FA053074779,IBI-BBF8DC8C2BCD,primary,1.0
APP-1FBB3D83FC50,IBI-278D34D3829E,primary,1.0
APP-1FD217AF38FB,IBI-BAD10E6659B3,primary,1.0
APP-1FD3C0DBEA6A,IBI-618DB7091347,primary,1.0
APP-1FDE7DBC2978,IBI-0A4638EC11A0,primary,1.0
APP-204252E1BCB0,IBI-A1994B11CDEF,primary,1.0
APP-2054FBE8FDB4,IBI-D94C8C12F3AD,primary,1.0
APP-2066721BDCA0,IBI-AB499F10A21D,primary,1.0
APP-2091E93A5E91,IBI-2E9271010AE9,primary,1.0
APP-20A761F1C80D,IBI-B84A152F08F2,primary,1.0
APP-20D486CFEAB9,IBI-5F60BF45DDD7,primary,1.0
APP-20E0748C6F9E,IBI-9C3EE339378D,primary,1.0
APP-20EFA7C72696,IBI-27E9F3EE0B7E,primary,1.0
APP-21406850740B,IBI-232C781BAEC5,primary,1.0
APP-214770C52DE5,IBI-A2E63793BF50,primary,1.0
APP-215C064CF1BC,IBI-6005503283A5,primary,1.0
APP-21660B0E7688,IBI-88FBB367AF36,primary,1.0
APP-21952FFF03F7,IBI-27E625F08E90,primary,1.0
APP-21BFE9C13933,IBI-F79FCAAA16DA,primary,1.0
APP-21E180B4464E,IBI-7F2C7C91BD32,primary,1.0
APP-21ED174FF5BD,IBI-3E3DA34C502B,primary,1.0
APP-21FFAC396595,IBI-429D6A806F08,primary,1.0
APP-222C9419A700,IBI-BAA1A1373E41,primary,1.0
APP-2272B8690D07,IBI-C4639E9E190A,primary,1.0
APP-229787075F99,IBI-49D8C1227586,primary,1.0
APP-22D666BBEB09,IBI-D6C5979E4F6F,primary,1.0
APP-22D9324E117C,IBI-0CDECCBBB862,primary,1.0
APP-22F232B516B2,IBI-272A802952A9,primary,1.0
APP-23366DFFB378,IBI-FBE2D8234311,primary,1.0
APP-23564D601E8A,IBI-8ED4E00D808D,primary,1.0
APP-23B74BE85EAD,IBI-CC392D32764E,primary,1.0
APP-23C2C6602092,IBI-EC715AA4A6F2,primary,1.0
APP-24268BB09C5A,IBI-420DBD126CDB,primary,1.0
APP-24399D0AC11F,IBI-BF9F49A67008,primary,1.0
APP-247733359FA3,IBI-5450D882F4E2,primary,1.0
APP-247BCFEB5699,IBI-021C540426A3,primary,1.0
APP-2487D9AA6159,IBI-A83BCFF1A88E,primary,1.0
APP-24BFA2C91F7E,IBI-88103E2EB680,primary,1.0
APP-24C29BEDE899,IBI-84598A59426E,primary,1.0
APP-24E5C63A736E,IBI-A5148211C7F0,primary,1.0
APP-25026EC11CD9,IBI-33E209FF5B86,primary,1.0
APP-251841C5B4E3,IBI-1482A1A5029F,primary,1.0
APP-2534C260CF81,IBI-1E618ED8E0A9,primary,1.0
APP-2546206FB1F0,IBI-917397575566,primary,1.0
APP-2549EEE46FB0,IBI-CE60AE62CE7E,primary,1.0
APP-25C4A2333B26,IBI-84A0257C12CF,primary,1.0
APP-264523209F8E,IBI-72871546D7BB,primary,1.0
APP-26608CF21AEE,IBI-AC247E275999,primary,1.0
APP-267781D9560B,IBI-F51D33F280A7,primary,1.0
APP-267A14BFBF35,IBI-4361DA43DC7F,primary,1.0
APP-26A0C881EB62,IBI-7E3DBF7BAC14,primary,1.0
APP-26AC5C4B10FA,IBI-8C0760129E59,primary,1.0
APP-26CCDF9DA293,IBI-AD8EFB15E4A0,primary,1.0
APP-26F00D3DC51E,IBI-85CF9D30BA6E,primary,1.0
APP-26F2444419B9,IBI-D177CA9271FD,primary,1.0
APP-271AE0885147,IBI-EC63644C31CF,primary,1.0
APP-2721627CCBB1,IBI-A48BB612BD37,primary,1.0
APP-275B37BA6902,IBI-4CDAFE6C01A3,primary,1.0
APP-279C27F275C2,IBI-ABDE8A973358,primary,1.0
APP-27B8CF14972B,IBI-8AB643D0833F,primary,1.0
APP-27BF087F6922,IBI-4FE7EFCFDFFC,primary,1.0
APP-27CC88416E16,IBI-3302F57D7AE1,primary,1.0
APP-27E88902A4B6,IBI-F5E127D75C58,primary,1.0
APP-2852955A522A,IBI-CFA7B8B35672,primary,1.0
APP-287D654BC5A2,IBI-60A67A350134,primary,1.0
APP-28C859F2C280,IBI-E501E80DA715,primary,1.0
APP-28F073F66DD5,IBI-692F8E9AEF80,primary,1.0
APP-28FC25AE74B6,IBI-4F94BCF5D73A,primary,1.0
APP-29511847A675,IBI-7346BB53B72D,primary,1.0
APP-29718487730E,IBI-A22328E17FE6,primary,1.0
APP-299EA81CCFE7,IBI-B5F2095272AE,primary,1.0
APP-29A28BE3EABB,IBI-E08DF7A05D36,primary,1.0
APP-29FA584826C9,IBI-D051C726E32B,primary,1.0
APP-2A392420072E,IBI-2240A84876B0,primary,1.0
APP-2A59F50295D2,IBI-E3F8EB732ACD,primary,1.0
APP-2A821431B5F8,IBI-9E37AB1B6312,primary,1.0
APP-2A846B94CDCF,IBI-29B9C18F60AD,primary,1.0
APP-2A8A4134889F,IBI-C2E332F154A0,primary,1.0
APP-2AD22005DF4D,IBI-46769AB4E6AE,primary,1.0
APP-2AF6E3903684,IBI-D2D12615DAA7,primary,1.0
APP-2B266FA0CF4F,IBI-F7E779F89D76,primary,1.0
APP-2B48310B303C,IBI-549372009A48,primary,1.0
APP-2B8886041913,IBI-520283C6D783,primary,1.0
APP-2B9677083623,IBI-3132F3F8C7D4,primary,1.0
APP-2BA6E4169C43,IBI-8F385B2EB6F2,primary,1.0
APP-2BAE17DF2CE7,IBI-8F9BDB64CD08,primary,1.0
APP-2BD1678F6C97,IBI-9C3EE339378D,primary,1.0
APP-2BFF5ACF4BBC,IBI-DB6683F21ED5,primary,1.0
APP-2C3BACD70D59,IBI-AC5D219BD84B,primary,1.0
APP-2C88E85AE745,IBI-16003DD63F46,primary,1.0
APP-2C98C28EE5F8,IBI-95409522D6EC,primary,1.0
APP-2CBAF8C31699,IBI-FAA7F16C75C2,primary,1.0
APP-2CD8194E6258,IBI-9F61AE8BC0BA,primary,1.0
APP-2CDA1DE38914,IBI-B26A8CEA33A7,primary,1.0
APP-2CEFFFE82787,IBI-6BE6D619D1CF,primary,1.0
APP-2D113A8582F0,IBI-FEAC2F4016A5,primary,1.0
APP-2D3F93060CEA,IBI-EB93A19465D8,primary,1.0
APP-2D643E89BEEE,IBI-A271E0F86F5D,primary,1.0
APP-2D6BC2F1C41A,IBI-2A492AE90AFC,primary,1.0
APP-2D7115921FF8,IBI-73933652D077,primary,1.0
APP-2D753B6C2EB1,IBI-6F29DE6CB2A3,primary,1.0
APP-2E1879EFC951,IBI-5592B06397E2,primary,1.0
APP-2E274B967FE1,IBI-BDCC7E804E77,primary,1.0
APP-2E535D54813D,IBI-9E632A3F0295,primary,1.0
APP-2E7917503759,IBI-F1AD825B3715,primary,1.0
APP-2E849D9CB83B,IBI-090537791C38,primary,1.0
APP-2E8BAAB978DB,IBI-362D2E1D6E03,primary,1.0
APP-2EB56C00D0F9,IBI-A8F08173BB65,primary,1.0
APP-2ECFEFEDDBC0,IBI-CF443CC232B9,primary,1.0
APP-2F23CE69189E,IBI-FBE1D4688507,primary,1.0
APP-2F9A8625339E,IBI-249B4166F00F,primary,1.0
APP-2FEA816D5D02,IBI-283FD9063B32,primary,1.0
APP-2FFE055F1E8E,IBI-2F865119B495,primary,1.0
APP-3002B32D5575,IBI-57F722D9620A,primary,1.0
APP-30050816E159,IBI-17E201FE4602,primary,1.0
APP-30CEE8EA10BD,IBI-DABD44C9BD10,primary,1.0
APP-30F6B9E09C0E,IBI-B013DF222B9B,primary,1.0
APP-311A574D3616,IBI-7895CC72B849,primary,1.0
APP-3126B58BCEBD,IBI-49D1BAB76E01,primary,1.0
APP-31686A1FF9D3,IBI-F49584A8B7FB,primary,1.0
APP-3203E3C5B856,IBI-4F7F8D057CCC,primary,1.0
APP-320CAB8E2027,IBI-7D0085FFB227,primary,1.0
APP-3302005ACE18,IBI-AD36E9223E31,primary,1.0
APP-334592405171,IBI-963564D9179D,primary,1.0
APP-33602B2F5C5E,IBI-ED5E1290070C,primary,1.0
APP-337452B56C89,IBI-274C504D8B36,primary,1.0
APP-33B63FB608C9,IBI-02B43ABF13D9,primary,1.0
APP-33CD14502CC8,IBI-0CCA2AA505A8,primary,1.0
APP-33DF1674340C,IBI-24A9556799DE,primary,1.0
APP-33E16F8D7545,IBI-ACB82EA70EC5,primary,1.0
APP-33E2266E6750,IBI-FAA4FDD745DD,primary,1.0
APP-33E9573E9A13,IBI-F1AC0A03B480,primary,1.0
APP-341591DA5198,IBI-074BAE1D8DED,primary,1.0
APP-34990F5F387A,IBI-B57A039113F9,primary,1.0
APP-34A84CF6A1FA,IBI-0DB8391E62FC,primary,1.0
APP-34BFEA441E57,IBI-3D34F8D130E7,primary,1.0
APP-34CB146A7158,IBI-16049F29E520,primary,1.0
APP-34E831A424CD,IBI-90B88EACB9FB,primary,1.0
APP-3564EBCCB399,IBI-021B030E5BF0,primary,1.0
APP-358105C474D0,IBI-42D1DF350C7A,primary,1.0
APP-358B55A3E1F4,IBI-2548E38191DB,primary,1.0
APP-358D05B83B0C,IBI-5A3C52509B4D,primary,1.0
APP-35B4022F9098,IBI-288831B6B43D,primary,1.0
APP-35B52766E381,IBI-3A55DF064E39,primary,1.0
APP-35DE012D253E,IBI-A89B8D5230A5,primary,1.0
APP-35EF93405BAE,IBI-11E2055B3482,primary,1.0
APP-362813077362,IBI-D6271EA68AE7,primary,1.0
APP-36314627FD66,IBI-3389670D4355,primary,1.0
APP-363B9CACDE22,IBI-284FC36562FD,primary,1.0
APP-3692B8AB087B,IBI-915C0B323E6F,primary,1.0
APP-369BE40CCB60,IBI-492EBB1E3508,primary,1.0
APP-36A16D514E66,IBI-30CBF5B8E3C2,primary,1.0
APP-36B8416EC3FC,IBI-319F3DE276D8,primary,1.0
APP-36BFB36C97ED,IBI-77584E7FC2CA,primary,1.0
APP-3702B1399B5D,IBI-56B449534A9B,primary,1.0
APP-372B7AE56B8D,IBI-B8152163710F,primary,1.0
APP-372EAEA39EC8,IBI-53BBE7375CCD,primary,1.0
APP-3737DB96B2F7,IBI-193FF4627DC7,primary,1.0
APP-3755AF0F48D4,IBI-933883363140,primary,1.0
APP-375E3E880714,IBI-F8411BD03E1F,primary,1.0
APP-386658B547AA,IBI-B5001D54F31B,primary,1.0
APP-386F31A6942D,IBI-0E5246C8CD17,primary,1.0
APP-38D4384EB58A,IBI-28C0A68E5312,primary,1.0
APP-390733C60715,IBI-9C7F41866630,primary,1.0
APP-392B097E433F,IBI-050C99E9C3F3,primary,1.0
APP-392B2FE40CCF,IBI-08DEAA97DEFF,primary,1.0
APP-39FE53A02EE0,IBI-0585D0CB4219,primary,1.0
APP-3A296C51F843,IBI-A9B1ADCFD0C7,primary,1.0
APP-3A9994BA4D52,IBI-08E893BAB0D7,primary,1.0
APP-3AA587FAD1A4,IBI-BE1D28C0DC3E,primary,1.0
APP-3AF945249EAA,IBI-CBB3B78774C0,primary,1.0
APP-3B18143493DB,IBI-0491BFEF65A7,primary,1.0
APP-3B69EBA57754,IBI-67DA4B9D3E9D,primary,1.0
APP-3B841B0230F6,IBI-1D5DB3452BB5,primary,1.0
APP-3B93FD2BBF4B,IBI-D026063426EF,primary,1.0
APP-3BC28F654AE0,IBI-D9E94A290BE6,primary,1.0
APP-3BF638A3EFEC,IBI-A2115A007A05,primary,1.0
APP-3C0552778351,IBI-F95732BB308E,primary,1.0
APP-3C113910F6E9,IBI-0C53EA838205,primary,1.0
APP-3C450513FD9E,IBI-E494B531A0F1,primary,1.0
APP-3C671F1C7320,IBI-2344C3FF52B5,primary,1.0
APP-3C683E97C1FC,IBI-FD3729E6B891,primary,1.0
APP-3C92463B3B71,IBI-84068198E4A7,primary,1.0
APP-3CC14AAE3F82,IBI-CF631FD80A2E,primary,1.0
APP-3CC487A8B72E,IBI-104CE733FB6E,primary,1.0
APP-3CC7DCD15C99,IBI-6660773386B7,primary,1.0
APP-3CC9E9730B24,IBI-E6782748AAC0,primary,1.0
APP-3CCAD19F331F,IBI-329D7C137A72,primary,1.0
APP-3CEF48C8E54D,IBI-F31466D98A10,primary,1.0
APP-3CF3C5316A57,IBI-9BF942623298,primary,1.0
APP-3D0627A59FC5,IBI-7CBFFEC3A2FE,primary,1.0
APP-3D2093F9711D,IBI-EE8A4EB0F62A,primary,1.0
APP-3D2EAF00406D,IBI-DF07D8BFA2A2,primary,1.0
APP-3D3F7831BCAA,IBI-890CF7818665,primary,1.0
APP-3D4395B921EF,IBI-82E0C40BE6C7,primary,1.0
APP-3D9B62D32D2C,IBI-6DC11F8D3494,primary,0.8
APP-3DC0EF4DEE7B,IBI-26A16977EC0F,primary,1.0
APP-3DC121D5A26A,IBI-364CBA12A40B,primary,1.0
APP-3DF7136A648F,IBI-E5D2EA2E4CBA,primary,1.0
APP-3E07F702E60D,IBI-558CF7614F99,primary,1.0
APP-3E0FF12B57E7,IBI-F2F158C0F5DD,primary,1.0
APP-3E25791225E5,IBI-B8B09844C8B9,primary,1.0
APP-3E839CB26EBA,IBI-A3CB298383D2,primary,1.0
APP-3EAD8C7E7E10,IBI-2330422E45D9,primary,1.0
APP-3EE88C259102,IBI-5A68C5918142,primary,1.0
APP-3EF5F60966FD,IBI-9EE64471DAEA,primary,1.0
APP-3F15F3863A94,IBI-1C2970E1B571,primary,1.0
APP-3F31C6F6DB94,IBI-0A0808CD163E,primary,1.0
APP-3F32AE699EFD,IBI-90E31133B7AB,primary,1.0
APP-3F3310BD4484,IBI-9D7CBB46A6A3,primary,1.0
APP-3F59C4722C04,IBI-EED72B72DD39,primary,1.0
APP-3FF8CF12882F,IBI-F8AAEA800567,primary,1.0
APP-402527C6CA91,IBI-8D512FDF86E0,primary,1.0
APP-4039A8F67922,IBI-579F6C01A9C9,primary,1.0
APP-407F214CFFE8,IBI-31C352BFECD2,primary,1.0
APP-409D171E57B1,IBI-F919AA6121E3,primary,1.0
APP-40BF3971465A,IBI-D38B14B711EA,primary,1.0
APP-40D316FED3A1,IBI-05936B466DF6,primary,1.0
APP-40E14DC77532,IBI-F15D0338AECB,primary,1.0
APP-411ECF92759A,IBI-7DAD76C36F8E,primary,1.0
APP-4121C3AD5DD6,IBI-D23DBA217AEB,primary,1.0
APP-41243167F927,IBI-12617DC13FC0,primary,1.0
APP-4129239F964C,IBI-BCD64F1C9C58,primary,1.0
APP-41311AEE9E02,IBI-3C13C6F7DFD5,primary,1.0
APP-413B91F81268,IBI-664456D75E41,primary,1.0
APP-415278D738AF,IBI-784A76964A74,primary,1.0
APP-41539B2F0516,IBI-336EFF7DA93C,primary,1.0
APP-417C99DA3B47,IBI-3657945A6155,primary,1.0
APP-41EAE7074664,IBI-9DD46C157766,primary,1.0
APP-41EDCE8B110F,IBI-220D24A5C807,primary,1.0
APP-425F0C3C5E10,IBI-8DA204C6914A,primary,1.0
APP-4272D52C85B4,IBI-A47920BF4C4D,primary,1.0
APP-4285B3DEAC47,IBI-5FEA632C514C,primary,1.0
APP-429A4B95D41E,IBI-A60287129754,primary,1.0
APP-42AD969982B5,IBI-7736310A8752,primary,1.0
APP-42B2FCFE6AAB,IBI-DD32F3954512,primary,1.0
APP-42B9DF06F707,IBI-3927B95BCA23,primary,1.0
APP-42BFB953EEF4,IBI-AC196693433D,primary,1.0
APP-42CF9FD6D46E,IBI-07EF97A1DD2B,primary,1.0
APP-43098D61BBC0,IBI-950537E68315,primary,1.0
APP-433724133E47,IBI-F5FC6A0EA9AA,primary,1.0
APP-43413A3F8BB9,IBI-0812604AAFBD,primary,1.0
APP-43706508490E,IBI-1656F37F943F,primary,1.0
APP-43840D18D530,IBI-4AACF1A7FC32,primary,1.0
APP-438DDE9F3E25,IBI-C3B04E20C369,primary,1.0
APP-43C740637FFE,IBI-B7981E70CCE1,primary,1.0
APP-43D39AE65D4B,IBI-E17277F38148,primary,1.0
APP-440B880E12A1,IBI-A2A979B37B7A,primary,1.0
APP-441C39DA599F,IBI-53CF771EE2FA,primary,1.0
APP-4430F77DCBFB,IBI-CF9476A6E303,primary,1.0
APP-44C4B2C6FD7D,IBI-95F84D41DE59,primary,1.0
APP-451A1C2A9406,IBI-724AC11312AB,primary,1.0
APP-456826C740E9,IBI-116EB49D9B12,primary,1.0
APP-45692670B4B8,IBI-33C9806531BF,primary,1.0
APP-457559F67895,IBI-D2691E26D2CB,primary,1.0
APP-45BB2445379B,IBI-6DC11F8D3494,primary,1.0
APP-45EE4DA318FD,IBI-6EDBD224265D,primary,1.0
APP-46016E609DAC,IBI-CB14A813E4B6,primary,1.0
APP-460794D516DC,IBI-51DF61D0E415,primary,1.0
APP-464F2C1F4007,IBI-00D5EF90085E,primary,1.0
APP-4658E822A5E4,IBI-51D0CCC0FDC5,primary,1.0
APP-467F600642B8,IBI-74B3A0AA8A87,primary,1.0
APP-4681969C4365,IBI-A82799547494,primary,1.0
APP-4682105E1363,IBI-1A2C37C1994B,primary,1.0
APP-46895F6F23DD,IBI-67A46456293B,primary,1.0
APP-46A2BBC0B58A,IBI-30B4E8189C7A,primary,1.0
APP-471E3718F2DA,IBI-CE71062156DD,primary,1.0
APP-472DBA57848E,IBI-7AB2CDFBCADC,primary,1.0
APP-47465C45666A,IBI-C2FE0E6C16FE,primary,1.0
APP-4750F5462AB1,IBI-DB780150F56E,primary,1.0
APP-47581DB60704,IBI-E1A342BA217A,primary,1.0
APP-4798877C1F24,IBI-4097E9918A80,primary,1.0
APP-47A1492AEEC2,IBI-CD3CA4C7B203,primary,1.0
APP-47AB03E24B3E,IBI-7809B8513409,primary,1.0
APP-47C67CF02904,IBI-63D2D8082D09,primary,1.0
APP-4840EEC888BB,IBI-01CFAFC981BF,primary,1.0
APP-4872D4C842A6,IBI-3DD8CC816566,primary,1.0
APP-488B2573211B,IBI-B21BBD2D972C,primary,1.0
APP-488F760CF16F,IBI-4653681EA3B5,primary,1.0
APP-48AA47691217,IBI-4B446E8F382A,primary,1.0
APP-48D9D0924E16,IBI-3D6D78A28128,primary,1.0
APP-492123FA8903,IBI-F5F8DCA8A78E,primary,1.0
APP-4925B388D967,IBI-3E8AE8D72F0E,primary,1.0
APP-495C64B08E66,IBI-BB33CA3C9DF6,primary,1.0
APP-4991BDD92C1C,IBI-A5812AA4A88B,primary,1.0
APP-49C686AFBC6E,IBI-DF04AC9DDBFB,primary,1.0
APP-49D9DF3B2B73,IBI-6A5B95130C25,primary,1.0
APP-49FA5DD66DDE,IBI-3777D0C0A76B,primary,1.0
APP-4A2EF57ABAF6,IBI-2A02096BEF0D,primary,1.0
APP-4A6378CA9D1D,IBI-1E6CB815A56E,primary,1.0
APP-4A6498F53223,IBI-CF2E762AEBC7,primary,1.0
APP-4A9C6F87DD37,IBI-AA15A1232B1F,primary,1.0
APP-4AA3791AA599,IBI-A4F154B0CB2E,primary,1.0
APP-4AB9486E827E,IBI-FE336AFE73F5,primary,1.0
APP-4AD38A8F17D0,IBI-D0F8CD2771DB,primary,1.0
APP-4AE39C00CB03,IBI-BFFEC04064FE,primary,1.0
APP-4B14C922B155,IBI-871A5CC64C08,primary,1.0
APP-4B491E7E3DC6,IBI-FAA7F16C75C2,primary,0.8
APP-4B70CD75CDA1,IBI-28C98DC174AB,primary,1.0
APP-4B7514C0ADC4,IBI-56796E0EB0E2,primary,1.0
APP-4B77DB95D6F7,IBI-B73092679452,primary,1.0
APP-4B7AEF6598E0,IBI-EB3CA24423AE,primary,1.0
APP-4B7FE97F44CF,IBI-3AE967E7EFF9,primary,1.0
APP-4BA3E0311787,IBI-748B22D39260,primary,1.0
APP-4BBC20E93FFF,IBI-43E160643DDF,primary,1.0
APP-4BC99017331D,IBI-5F0220831F74,primary,1.0
APP-4C202597CD63,IBI-B344613F0FDC,primary,1.0
APP-4C84678D2412,IBI-43F005796278,primary,1.0
APP-4C89E9573B02,IBI-CBE25247586E,primary,1.0
APP-4D6A633D2971,IBI-BC88C23D6F87,primary,1.0
APP-4DAE86B29FB1,IBI-B26C2EDB70C1,primary,1.0
APP-4DCBAC4DDD74,IBI-16929A0457B2,primary,1.0
APP-4DF36EF48E6A,IBI-6205B2E61A71,primary,1.0
APP-4E130230B411,IBI-62DA4A36AF2B,primary,1.0
APP-4E44F368E3F0,IBI-CABF45C2E51C,primary,1.0
APP-4E498DE386E0,IBI-B72C2B4661EE,primary,1.0
APP-4E5D696EA174,IBI-EA7636538267,primary,1.0
APP-4E5DF09E052A,IBI-1A838B4D55F0,primary,1.0
APP-4E60D8FA902C,IBI-2D03029F6DEE,primary,1.0
APP-4E642005BF08,IBI-94A458622B13,primary,1.0
APP-4E72BA5B18E6,IBI-9A21342C5663,primary,1.0
APP-4E84B16A4E89,IBI-A28AB07607CC,primary,1.0
APP-4EC1CCDB69AE,IBI-FCB1031090E2,primary,1.0
APP-4EDEC6929327,IBI-7395CFCC8BBD,primary,1.0
APP-4EF4C856E922,IBI-83E3E5673339,primary,1.0
APP-4F23946DDAD2,IBI-3D4D157C95CA,primary,1.0
APP-4F258657FA38,IBI-7884182D0362,primary,1.0
APP-4F5F8A4DB18C,IBI-35CD0E04D7E6,primary,1.0
APP-4F7DF76630F2,IBI-F6FEC5BE0085,primary,1.0
APP-4F9BB3820CAF,IBI-1D7983945634,primary,1.0
APP-4FFF75D9A697,IBI-0E52F216A762,primary,1.0
APP-5021BB7DBCDF,IBI-4AF7C0A9A49E,primary,1.0
APP-5025D8C2DAC3,IBI-A34DB975AEEB,primary,1.0
APP-502B28A3176F,IBI-EE02A425AA93,primary,1.0
APP-502F27D3A0A4,IBI-638A4565DB08,primary,1.0
APP-502F998AC4DD,IBI-0BF39B9EA89F,primary,1.0
APP-504AE9B366C6,IBI-DC4CC92ABDB9,primary,1.0
APP-505877BB511D,IBI-496A7DF45DE8,primary,1.0
APP-508069A1CD9A,IBI-19FEDBE86525,primary,1.0
APP-50A16A9BC7CF,IBI-0DC2EC6BA78F,primary,1.0
APP-50B3D66A0198,IBI-601F54AC3BA6,primary,1.0
APP-50D0A4C4BDFF,IBI-5A650FB631EB,primary,1.0
APP-50DC4991C543,IBI-01E84A54F778,primary,1.0
APP-50F1D0BE8FA1,IBI-47578B1D57F0,primary,1.0
APP-511BC53E137E,IBI-FORD2014-DAV27,primary,1.0
APP-51480337A414,IBI-7ED46612578B,primary,1.0
APP-516A5AD47944,IBI-66700DA0DFDA,primary,1.0
APP-518D9C8286C4,IBI-4317A627E44F,primary,1.0
APP-51B83479C3D8,IBI-303D33EE1BE4,primary,1.0
APP-51D37AA36175,IBI-AF04A429BAE6,primary,1.0
APP-52065091D8CC,IBI-BB0B566579F2,primary,1.0
APP-524C1087789B,IBI-817B3324D21D,primary,1.0
APP-5276524B49C5,IBI-90833A9B7D36,primary,1.0
APP-52896F54DAAB,IBI-C64F25E8FE6E,primary,1.0
APP-52CDA76A5594,IBI-47F7DABCD899,primary,1.0
APP-537F22FB46A7,IBI-BA5B79DA23D2,primary,1.0
APP-53E4CE2CFED4,IBI-D5C2461A24E6,primary,1.0
APP-53EC3D94895B,IBI-9EBAA35D18D9,primary,1.0
APP-544311637502,IBI-5125DDCA6985,primary,1.0
APP-548BAC86F38E,IBI-06D9A3E90FA7,primary,1.0
APP-549C8C501C45,IBI-E7EC27018B71,primary,1.0
APP-54BC652A3DFA,IBI-EA23C411BAE1,primary,1.0
APP-5500BE260D60,IBI-44AFA550086A,primary,1.0
APP-551E50C3D79C,IBI-6E91E5BC2104,primary,1.0
APP-55634CE4759B,IBI-5BD2C1B41501,primary,1.0
APP-5581E483FC76,IBI-A2DAA0BC88B6,primary,1.0
APP-55A99AF1A985,IBI-372A705104A0,primary,1.0
APP-5627C3DAC9F1,IBI-924B5252E5D5,primary,1.0
APP-563B4620ACF1,IBI-7C1BFCA908F2,primary,1.0
APP-563C2BC0F494,IBI-A844BEBAB2D4,primary,1.0
APP-566A02D777F4,IBI-F98B752368B9,primary,1.0
APP-567110EA98C6,IBI-B7CAE3ED4D60,primary,1.0
APP-5697C73F558C,IBI-5F336B91D4C4,primary,1.0
APP-5773C9060CC6,IBI-BCE14F6D4053,primary,1.0
APP-577655CAB509,IBI-5D08E0461F30,primary,1.0
APP-5787F58B3577,IBI-2AF0C10043BB,primary,1.0
APP-578FAC8C058D,IBI-9522B8791237,primary,1.0
APP-57968167EB3C,IBI-3FC24DAEBFE7,primary,1.0
APP-57B81ABDD178,IBI-2FE301CE0700,primary,1.0
APP-57D376738E9A,IBI-FBB33FFB180F,primary,1.0
APP-580DE955A260,IBI-7202460CF53F,primary,1.0
APP-582705B1527C,IBI-93050DC592D4,primary,1.0
APP-582E617C6AE9,IBI-EAD314664C90,primary,1.0
APP-58AD25485350,IBI-D4E7693AE9F1,primary,1.0
APP-5903212CD373,IBI-413CDC41E1AC,primary,1.0
APP-59230F05A570,IBI-A7A540CDFF87,primary,1.0
APP-595A7773A4BE,IBI-C3B7C297B162,primary,1.0
APP-5997DE3A54E2,IBI-D8649CBC536D,primary,1.0
APP-59A1B2C25893,IBI-25BCE95A8261,primary,1.0
APP-59A77F874DE0,IBI-F0173A70F87B,primary,1.0
APP-59AB12E4294E,IBI-29C586400FE7,primary,1.0
APP-59B5DCB529BD,IBI-68042E5AC552,primary,1.0
APP-59DEAF551158,IBI-08C9C37BE59B,primary,1.0
APP-59E26141341C,IBI-0169FFC4DF9F,primary,1.0
APP-5A7593FBFE48,IBI-E654464B246D,primary,1.0
APP-5A88062588C0,IBI-D920A9E3D37F,primary,1.0
APP-5AE565E13DB9,IBI-65A488C5A931,primary,1.0
APP-5AF5B5611FC5,IBI-AE853E6EB337,primary,1.0
APP-5B080DC1AC82,IBI-74B3A0AA8A87,primary,1.0
APP-5B125AE1E9A0,IBI-4D4032DE7595,primary,1.0
APP-5B1282D19BE5,IBI-77314E5A3199,primary,1.0
APP-5B13E459D9F4,IBI-748B22D39260,primary,1.0
APP-5B2BF425A89D,IBI-1AA57FC2F33B,primary,1.0
APP-5B597B0B4236,IBI-C7402DE65953,primary,1.0
APP-5B63866A5248,IBI-3CCB1D35BD7E,primary,1.0
APP-5B79A8BEF428,IBI-7A467A8AACE3,primary,1.0
APP-5B7E9C72E2AC,IBI-8A764F35A774,primary,1.0
APP-5B8404225815,IBI-21B5ECDA71C3,primary,1.0
APP-5B88FEA2E5F7,IBI-18D560D6B24D,primary,1.0
APP-5BA7E206022A,IBI-9B8F241403D7,primary,1.0
APP-5BAD9CE2C82A,IBI-FE8055483D66,primary,1.0
APP-5BB81FB157D7,IBI-1B3C1020F7B0,primary,1.0
APP-5BD91B8A83B5,IBI-D295E71EB908,primary,1.0
APP-5BD96AB65988,IBI-D6CC347287A4,primary,1.0
APP-5BD9FDEB95E7,IBI-B860E80111E3,primary,1.0
APP-5BDF35BCE282,IBI-11FC2F150C46,primary,1.0
APP-5BE874EF5621,IBI-B43401C954BF,primary,1.0
APP-5BF828733AFE,IBI-3C269118F2F6,primary,1.0
APP-5C08FECD45BA,IBI-EF961ABD5F3A,primary,1.0
APP-5C2E170AF9AA,IBI-325647D3DF8D,primary,1.0
APP-5C46930055DC,IBI-620A239DAA70,primary,1.0
APP-5C70DA33FDFF,IBI-DD2809A820A3,primary,1.0
APP-5C8FCA08A2E9,IBI-F4CE06D878F5,primary,1.0
APP-5CEE34E7AAC0,IBI-FF6A0543E254,primary,1.0
APP-5D4BA691D8A5,IBI-6C27E5474140,primary,1.0
APP-5D51A77A05C2,IBI-79A4D3B0726E,primary,1.0
APP-5D58DA67C804,IBI-4DB53DB1F71A,primary,1.0
APP-5D9BBCE663FA,IBI-45C71B5BE6EC,primary,1.0
APP-5D9E318D69BE,IBI-D45A13DA10F5,primary,1.0
APP-5DBA33A9572A,IBI-BC34FDB4C614,primary,1.0
APP-5E0FEF29099D,IBI-643AF1B799FD,primary,1.0
APP-5E5568442CE6,IBI-7B609238A08D,primary,1.0
APP-5E8A744924C6,IBI-220BCFC0023F,primary,1.0
APP-5E91189218DB,IBI-FE2547B9A003,primary,1.0
APP-5EBFC1D0BC27,IBI-5E1534581648,primary,1.0
APP-5EC7ABE9453B,IBI-0F8B15FDC9FA,primary,1.0
APP-5EE4E6645DFE,IBI-333CFA8C8FBF,primary,1.0
APP-5F03658DA5DE,IBI-6D8EB3072104,primary,1.0
APP-5F49079447F9,IBI-15446E13F965,primary,1.0
APP-5FBF903F6036,IBI-C5FDEE0C9BAA,primary,1.0
APP-5FD5A54AA26A,IBI-00411C86E8C1,primary,1.0
APP-60193A0D89C5,IBI-4E4BF73700F3,primary,1.0
APP-60499107EF33,IBI-2F9603FC2573,primary,1.0
APP-6054635709B1,IBI-34E5A43D4611,primary,1.0
APP-6085CDE44DF5,IBI-98DF11F7A9FF,primary,1.0
APP-609521CB726E,IBI-F11690D2FBFA,primary,1.0
APP-609ACC4AA594,IBI-7394BFD7A73B,primary,1.0
APP-60E886FC45DF,IBI-20A53178A58B,primary,1.0
APP-60ED31D1B398,IBI-1ABF133E056F,primary,1.0
APP-60F9D92C6805,IBI-173C87065236,primary,1.0
APP-617204A95F03,IBI-DE76B61B6C76,primary,1.0
APP-61841B20C43D,IBI-A19B58EBBBA9,primary,1.0
APP-6190D8A4208C,IBI-E775936CD191,primary,1.0
APP-61C7CD2F6AF4,IBI-60A39530F497,primary,1.0
APP-61CCE653BC5D,IBI-071DAEFA6D11,primary,1.0
APP-6242689831C4,IBI-1F55D319D973,primary,1.0
APP-624405F22CEC,IBI-33ACFC312B22,primary,1.0
APP-624DD6290B5F,IBI-4C528E17D444,primary,1.0
APP-625BC39C40C3,IBI-96BF25574EC7,primary,1.0
APP-627087E88A56,IBI-1417A2ECD0F9,primary,1.0
APP-62E155E152A7,IBI-5B32B54C7F0C,primary,1.0
APP-6304EB37DF72,IBI-996580409AEC,primary,1.0
APP-634BC98DAD5D,IBI-E7D69DF2BF21,primary,1.0
APP-636AF882E308,IBI-6F96AEDF4945,primary,1.0
APP-63773579BDA3,IBI-847BA478D9ED,primary,1.0
APP-63AF705F83CA,IBI-278C08BF8836,primary,1.0
APP-63DF7EEA7024,IBI-131463D92B2C,primary,1.0
APP-640ED46AD16A,IBI-90EB147AD3EE,primary,1.0
APP-6434CEAE80BD,IBI-4500756E262F,primary,1.0
APP-64750D1F48CA,IBI-5337D0961A00,primary,1.0
APP-64DA17599F84,IBI-D8319A094023,primary,1.0
APP-650FAB957AD6,IBI-B86B9878F345,primary,1.0
APP-656D046694B7,IBI-B0928AD8794F,primary,1.0
APP-65A45AC2F435,IBI-05FC5CD699B5,primary,1.0
APP-65C76DF17853,IBI-CCDFB03C1B86,primary,1.0
APP-65E570EA51DB,IBI-28CCB551F9CE,primary,1.0
APP-65FDBDBC3BBE,IBI-B74372055B1B,primary,1.0
APP-661913202D86,IBI-BFEE518DA6B6,primary,1.0
APP-66201E45DAFB,IBI-7BCBBD6A6A80,primary,1.0
APP-664CE5481BB6,IBI-6ADE7D036DA0,primary,1.0
APP-665C42CC1E3E,IBI-57E8D820C43C,primary,1.0
APP-66B1DAF188ED,IBI-C009531055DF,primary,1.0
APP-6790C0C7B526,IBI-98E2E65877A9,primary,1.0
APP-67B9240F4387,IBI-AFEF49A1A7FB,primary,1.0
APP-67F659E18180,IBI-DB735219142A,primary,1.0
APP-67F673206A0B,IBI-D2C708F2AA14,primary,1.0
APP-681E7CFAACAF,IBI-7F04261178CB,primary,1.0
APP-6890F3A17017,IBI-12A92BD58AA2,primary,1.0
APP-68B1673CD327,IBI-FBDF71A4917F,primary,1.0
APP-69307E2BB750,IBI-0A03F807EB9D,primary,1.0
APP-697D1CE9A6C9,IBI-360CFBBCC321,primary,1.0
APP-698AE59DA175,IBI-831C58240DC0,primary,1.0
APP-699C70CB442C,IBI-E17B1F186F59,primary,1.0
APP-69C62883BA63,IBI-57DA11BFD44F,primary,1.0
APP-69C67BBF5A9B,IBI-BA03C6123DFF,primary,1.0
APP-69D88D5FAE03,IBI-63D659859D54,primary,1.0
APP-69E0F96A8EB0,IBI-8E0BB84CFA0F,primary,1.0
APP-6A1621EFDBA5,IBI-85A9ED12421A,primary,1.0
APP-6A41B80C2E51,IBI-917B397C66C2,primary,1.0
APP-6A724B5FDC8C,IBI-0F792FD4A54F,primary,1.0
APP-6A7FA4109E7B,IBI-2FBE00255815,primary,1.0
APP-6A8E85312046,IBI-009B8B1331CF,primary,1.0
APP-6B5A03DD5F0D,IBI-56C0FBBB8E70,primary,1.0
APP-6B77E19D10EE,IBI-8A9E737C9252,primary,1.0
APP-6B86F003EB59,IBI-C30A015175D7,primary,1.0
APP-6B9F94379514,IBI-0E8D5532FA13,primary,1.0
APP-6C220C54C71B,IBI-148B8110021B,primary,1.0
APP-6C501F0581B6,IBI-A40CFF8CFA46,primary,1.0
APP-6C617B3AF886,IBI-E969578812D4,primary,1.0
APP-6C64BBC191D1,IBI-CFBE7C2A87F5,primary,1.0
APP-6CA889979B7F,IBI-69947100356A,primary,1.0
APP-6CB6D35A063F,IBI-79F6219800CC,primary,1.0
APP-6CCFA92CF710,IBI-6CF4D7A637A1,primary,1.0
APP-6CE959E158EF,IBI-A0355D42D20C,primary,1.0
APP-6D0A105D1CBC,IBI-4B583D2C62F2,primary,1.0
APP-6D2B1937E59C,IBI-691D04D6C1D1,primary,1.0
APP-6D3CC04B2114,IBI-EEFDE12D19ED,primary,1.0
APP-6D6937AC0EC4,IBI-F36B9EC67F96,primary,1.0
APP-6E254A0BB61A,IBI-2728C7DFE378,primary,1.0
APP-6E2D903E41A4,IBI-F9F8F8D64319,primary,1.0
APP-6E4B50C9AF16,IBI-8831874BC0D0,primary,1.0
APP-6EC56FE00B79,IBI-7BFAF3E1718C,primary,1.0
APP-6EE644944D79,IBI-A98BC9E6CA54,primary,1.0
APP-6F4B01B0F46F,IBI-232209BCB4D0,primary,1.0
APP-6F765ECE10D2,IBI-D4BAB956C0CD,primary,1.0
APP-6F9C55483929,IBI-84F3B62E7C51,primary,1.0
APP-6FC8AC71DF79,IBI-2F518E039625,primary,1.0
APP-6FCE676AD172,IBI-12E9DEF48BE8,primary,1.0
APP-6FE96AAF8F80,IBI-8BD97D622B48,primary,1.0
APP-6FFCD68711C9,IBI-B3F953DD9F79,primary,1.0
APP-7048B679AB55,IBI-83915232010B,primary,1.0
APP-7063BDFC5A7F,IBI-8DBB2FDDBA64,primary,1.0
APP-707B4C9741CF,IBI-3F5236D2F146,primary,1.0
APP-70A46FC43B29,IBI-6F91666B40A7,primary,1.0
APP-70C698572B19,IBI-89364EC487FF,primary,1.0
APP-70D27066BF87,IBI-C478C77AFCC6,primary,1.0
APP-70E88B918381,IBI-6CCE263ECF3D,primary,1.0
APP-711B1C2D4970,IBI-10736F9D0281,primary,1.0
APP-713471166448,IBI-4FC91C05B993,primary,1.0
APP-713A0753361D,IBI-86CA10424E8F,primary,1.0
APP-71412D986652,IBI-32E80C06D6CC,primary,1.0
APP-716AA32A9E92,IBI-C23526FF484B,primary,1.0
APP-716FFF338AC6,IBI-3ACD7A605F43,primary,1.0
APP-7179D44DA5C2,IBI-BCA2A671CAFF,primary,1.0
APP-719E8C87811E,IBI-9078953DB2E7,primary,1.0
APP-71A5A2B6AFE8,IBI-3CBF1529D760,primary,1.0
APP-7209447CC63E,IBI-E8CF3DBF81FE,primary,1.0
APP-7235EBC791B8,IBI-84F3D6311D64,primary,1.0
APP-723754A44FA2,IBI-FC553C8D4F9B,primary,1.0
APP-723E675114F0,IBI-1B4164A69AEB,primary,1.0
APP-725F81CE7E71,IBI-6F09DFD10EC4,primary,1.0
APP-72687E0496D5,IBI-9C67725EA308,primary,1.0
APP-72FC34F465FB,IBI-15FA5AB2FD95,primary,1.0
APP-7312EA3D4629,IBI-DC2AF9B46657,primary,1.0
APP-7370D916097A,IBI-179214179AA4,primary,1.0
APP-73749C0572FE,IBI-8516931DE44E,primary,1.0
APP-73772AB26C85,IBI-DD4107304D3A,primary,1.0
APP-7387FE946CA9,IBI-97ED0532D516,primary,1.0
APP-73C97144E364,IBI-BF96C5EC6A0B,primary,1.0
APP-747D7EAE8D61,IBI-EDB5B0136C6B,primary,1.0
APP-74899C783E30,IBI-66C56F42A195,primary,1.0
APP-74DA8D8BB7A3,IBI-1D6F5E86F410,primary,1.0
APP-752CCA996D69,IBI-D5AB689EABA8,primary,1.0
APP-752D020DD32C,IBI-F1591D764E61,primary,1.0
APP-7538DCADF50C,IBI-E3AB303D9346,primary,1.0
APP-75EC9A490051,IBI-1A5EEE1F1990,primary,1.0
APP-762D63E62945,IBI-66B8C4ED718F,primary,1.0
APP-76436A9290DC,IBI-26BDEA55EA1E,primary,1.0
APP-7646587E3F5C,IBI-3DAA4B38392B,primary,1.0
APP-7650138FB1CC,IBI-7D4797212D4C,primary,1.0
APP-767F252DAD20,IBI-DE1788B94612,primary,1.0
APP-76E38CD9989E,IBI-B49080BDD117,primary,1.0
APP-76EC09116092,IBI-21B455AEA105,primary,1.0
APP-76F9CDC4D344,IBI-5697CFCCA6A5,primary,1.0
APP-777956214254,IBI-77E84A2CC99D,primary,1.0
APP-777DDACBE1CB,IBI-BBD6713EFA40,primary,1.0
APP-777FD01EE7E9,IBI-03D1831C4F52,primary,1.0
APP-77A7B963AB4C,IBI-8C00422B6E33,primary,1.0
APP-77CC2C7780AC,IBI-C58457DA1C26,primary,1.0
APP-77D65458FDB4,IBI-009F4BEB848B,primary,1.0
APP-77E40C95A0B0,IBI-D88FF8FE4FCB,primary,1.0
APP-77FAED699703,IBI-A35AACF66D9D,primary,1.0
APP-78025DEAFC1B,IBI-6B9FC4A844C6,primary,1.0
APP-782DD7F8B14D,IBI-35FC1833A65E,primary,1.0
APP-78319A944D2E,IBI-E654464B246D,primary,1.0
APP-786395EB0DE0,IBI-8A079736CDD6,primary,1.0
APP-78ECA5E16211,IBI-013FBB80706C,primary,1.0
APP-79114E948F02,IBI-DEDC98D3F366,primary,1.0
APP-792469612887,IBI-09B23B2CE047,primary,1.0
APP-7962B769FA74,IBI-35C11EAAE713,primary,1.0
APP-79A71921AE52,IBI-FC1C4A33DDF5,primary,1.0
APP-7A0A450636F2,IBI-6E39509C0A3D,primary,1.0
APP-7A7B28062C3F,IBI-935680A3E627,primary,1.0
APP-7AB178A52CAA,IBI-18453A93A7E2,primary,1.0
APP-7AC4A6C65AD5,IBI-CE40E1962442,primary,1.0
APP-7ADE103DA3C5,IBI-AEB653AF5AB5,primary,1.0
APP-7AFE986C0F6B,IBI-6EDC36067929,primary,1.0
APP-7AFFC1F959FA,IBI-5B7219F61A21,primary,1.0
APP-7B06FEAB961B,IBI-F8F5A0B86451,primary,1.0
APP-7B0C53EFDC3F,IBI-85F852645114,primary,1.0
APP-7B1F66C124BC,IBI-76B1288C73F4,primary,1.0
APP-7B672024E4A6,IBI-B86B0E550724,primary,1.0
APP-7B798BC9A00B,IBI-E179BADB3761,primary,1.0
APP-7B8889C655DC,IBI-762F23251BD0,primary,1.0
APP-7BB6BD000D70,IBI-15E5F5F51C15,primary,1.0
APP-7BC982A009D6,IBI-3D7A2E9EE37B,primary,1.0
APP-7BDA929E0D7C,IBI-6C8ABCC45C7C,primary,1.0
APP-7C0D459E8459,IBI-0C99418FFC4A,primary,1.0
APP-7C1AC62B1B16,IBI-46C8C30E20BF,primary,1.0
APP-7C2D40A8CD6B,IBI-84940DBA48F7,primary,1.0
APP-7C57CA72DC96,IBI-52600C3EFC8A,primary,1.0
APP-7C67EA5D3E05,IBI-10F62BE5F176,primary,1.0
APP-7C9C434AD935,IBI-4388179CF590,primary,1.0
APP-7CA20D9EC394,IBI-2E43BB30FC0D,primary,1.0
APP-7CB3BE4FCD1B,IBI-DEBC8A1B560A,primary,1.0
APP-7CB46EF38AA0,IBI-D7459063D2FE,primary,1.0
APP-7CB9994E04C9,IBI-1C15BCD14440,primary,1.0
APP-7CE723F88F92,IBI-B5FB2969DB04,primary,1.0
APP-7CFCAD6F1A1B,IBI-035BA4ABBE6D,primary,1.0
APP-7D37C41DFB3A,IBI-AE37F6937004,primary,1.0
APP-7D441DDA7624,IBI-47922DD16507,primary,1.0
APP-7D6E250B9BC2,IBI-83474AFCE4F8,primary,1.0
APP-7D8387F38920,IBI-9DCF4B5EF070,primary,1.0
APP-7D86C5534D6E,IBI-0DDF3246CBCA,primary,1.0
APP-7D8D840F24A5,IBI-67A5D26A58C9,primary,1.0
APP-7DED964F692F,IBI-CEC9D1941144,primary,1.0
APP-7E679F96A877,IBI-7999E0D9422D,primary,1.0
APP-7E74D9760890,IBI-81FDC4078390,primary,1.0
APP-7E921D7AA7D0,IBI-6125E2675488,primary,1.0
APP-7ED508514126,IBI-898A714F8DDE,primary,1.0
APP-7F0BE70D77A9,IBI-9A362DCF2CFA,primary,1.0
APP-7F301B03F0A8,IBI-5A78EABCD168,primary,1.0
APP-7F35142A88BD,IBI-3EC203C5BED5,primary,1.0
APP-7F3A393A6B6A,IBI-6364E0AD56A8,primary,1.0
APP-7F442D32415F,IBI-A3736CD7D997,primary,1.0
APP-7F50000D0E0C,IBI-FECC2E84D07B,primary,1.0
APP-7F6157C7CFCB,IBI-2D3CCB46C922,primary,1.0
APP-7F72EE666DFE,IBI-54CD93D3C03E,primary,1.0
APP-7F7308976797,IBI-5AE22A5683A5,primary,1.0
APP-7FDE342A52B9,IBI-DF0DD1DEA8B0,primary,1.0
APP-7FE08FF26B02,IBI-F99341421AE4,primary,1.0
APP-7FE0F11CB3A0,IBI-6F17044971CD,primary,1.0
APP-80127A3E346E,IBI-EDA9596CB28F,primary,1.0
APP-802C87223FEE,IBI-E10F6716C2C1,primary,1.0
APP-802EFC92E69D,IBI-56CB143F21AA,primary,1.0
APP-8043735D6740,IBI-7E45ADDF121D,primary,1.0
APP-80F38F0C9B21,IBI-4E8B3D074C8C,primary,1.0
APP-80F938153D33,IBI-912F8F881E20,primary,1.0
APP-818A253E1EEC,IBI-7A94ED1805A5,primary,1.0
APP-819B855B20AF,IBI-E2FD8C520106,primary,1.0
APP-81A92D4ECEAE,IBI-AE6ED79D0B9E,primary,1.0
APP-81BB69556023,IBI-B1C3E7EF20DA,primary,1.0
APP-81E5E913F0B2,IBI-2EDA3F0CC8FF,primary,1.0
APP-82535536CE76,IBI-AB9C12C9719A,primary,1.0
APP-826949219F68,IBI-75154F6F38E4,primary,1.0
APP-82862BE42080,IBI-6918D270707A,primary,1.0
APP-82B7E8C9C4B8,IBI-F2503CED956E,primary,1.0
APP-830237E454C5,IBI-D2E1F77128E9,primary,1.0
APP-83264BC533D2,IBI-4B99D46392D1,primary,1.0
APP-8330B85EBE3A,IBI-8F0705B6C26E,primary,1.0
APP-833706427B96,IBI-24674D1820C6,primary,1.0
APP-835B6EE63A2B,IBI-F4BA4A2AB6FC,primary,1.0
APP-83950F7E2B49,IBI-CD3E783556B1,primary,1.0
APP-8397389546DC,IBI-62F5934FB165,primary,1.0
APP-83A542A80DB4,IBI-1E5A77A38A23,primary,1.0
APP-840662F2224C,IBI-A5EA35FED093,primary,1.0
APP-84172351FA9D,IBI-05947CF402DF,primary,1.0
APP-8420FA59AA8D,IBI-B4FBA6461813,primary,1.0
APP-8423DEB13E14,IBI-7801EB9E36C2,primary,1.0
APP-8429A4C8209F,IBI-627E5C646C5B,primary,1.0
APP-84499BAA2534,IBI-A9F0F3BFB1CC,primary,1.0
APP-847825E533E3,IBI-F30A83910A20,primary,1.0
APP-84AA247F6BA5,IBI-DEA42CB64B86,primary,1.0
APP-84B7665F9520,IBI-7F7DB35F6EFA,primary,1.0
APP-84BBF299377B,IBI-1255BB27ADF4,primary,1.0
APP-84EB80A8D196,IBI-4A609BF869D2,primary,1.0
APP-84F4564D1618,IBI-A39549C75B8E,primary,1.0
APP-85EE9BE05763,IBI-B16BA47EFA4E,primary,1.0
APP-85FA80FC8523,IBI-9AC8BF7669C1,primary,1.0
APP-86126D370DE0,IBI-85C8219A7F74,primary,1.0
APP-862F03963440,IBI-ABDDBBFDA2B7,primary,1.0
APP-864157C44B8B,IBI-B6246E14776E,primary,1.0
APP-8658FD5C0439,IBI-2D5171E717C9,primary,1.0
APP-868F3CF70318,IBI-CEEF8D572150,primary,1.0
APP-86D4B5F6FD05,IBI-61A4EA30B2D4,primary,1.0
APP-872D592EE813,IBI-6BEC680B1365,primary,1.0
APP-87B018A7FE42,IBI-6F98412BF44D,primary,1.0
APP-8865D2B96D12,IBI-9548EB8935E2,primary,1.0
APP-889882B863F1,IBI-EC5763E4FB05,primary,1.0
APP-88AB2D596351,IBI-EB0446000ACB,primary,1.0
APP-88AB594097A5,IBI-01F91982BC30,primary,1.0
APP-88C463D302BB,IBI-19825182523D,primary,1.0
APP-88C80447B0A8,IBI-09AF8E775E18,primary,1.0
APP-891975DE736E,IBI-87CCB1D1D1FC,primary,1.0
APP-8950615AE696,IBI-67E68F81FE63,primary,1.0
APP-8950654FA8A5,IBI-8FDA7C4C0FF6,primary,1.0
APP-896AA2CCB5BE,IBI-790A43FE121F,primary,1.0
APP-8990ED472C6C,IBI-D0A629AC03EA,primary,1.0
APP-89B09A02E964,IBI-7C92CE21BB01,primary,1.0
APP-89F344695B03,IBI-778D533455D4,primary,1.0
APP-89FB54DEE9FC,IBI-B92E4622CE3B,primary,1.0
APP-8A44147C29A4,IBI-45CD59071E6E,primary,1.0
APP-8AD07B181116,IBI-3799CFE813B5,primary,1.0
APP-8B0B272CAE6C,IBI-7B7F91559A1C,primary,1.0
APP-8B8BD9EFDB87,IBI-8B111BFD04DA,primary,1.0
APP-8BE6964FD2E5,IBI-761FF5C3F057,primary,1.0
APP-8BEC95656A16,IBI-5C02510AF065,primary,1.0
APP-8C5BF42DE261,IBI-4D7E8C4473C1,primary,1.0
APP-8CA18E8DAFF6,IBI-4AC688F5E515,primary,1.0
APP-8CD9200BF835,IBI-A2C514D5D255,primary,1.0
APP-8D181BA2666C,IBI-FB5555B823FD,primary,1.0
APP-8D2119D595BF,IBI-302745C14252,primary,1.0
APP-8D74FBFF57E2,IBI-171905420AEE,primary,1.0
APP-8D788F96DCAE,IBI-B6B1F6551CBD,primary,1.0
APP-8DA1CB690432,IBI-8C5D24A42E37,primary,1.0
APP-8DADA079DEB8,IBI-EA3220CE80B7,primary,1.0
APP-8DC41F60D38B,IBI-5FCC4322461F,primary,1.0
APP-8DDCA65FA32A,IBI-2CD9170DA696,primary,1.0
APP-8E0B8DCCADAB,IBI-F2C28856C4B8,primary,1.0
APP-8EB6522F2A88,IBI-76DD89B4A04F,primary,1.0
APP-8EC9BD16E972,IBI-8C33CF70266B,primary,1.0
APP-8FA38F3A659F,IBI-078201A1B578,primary,1.0
APP-8FE03DB18FAE,IBI-6E4DCD510E4B,primary,1.0
APP-8FF2F69BB44A,IBI-260D4E5E5F7D,primary,1.0
APP-901B4FD33A08,IBI-90E4425BBD7D,primary,1.0
APP-90A2DFD992E5,IBI-E71CB0A6665B,primary,1.0
APP-90B85A3CFBA6,IBI-87782BA285D5,primary,1.0
APP-90C02FD8C0C8,IBI-522D56F4C3D8,primary,1.0
APP-910E0DBAE0FE,IBI-23A83B02203D,primary,1.0
APP-917CE8453B6D,IBI-8997E7C02290,primary,1.0
APP-9180C7D3CA9A,IBI-8750B6F61AFD,primary,1.0
APP-920468EF3263,IBI-63C66E7DD4EA,primary,1.0
APP-920FD5CEE987,IBI-96661F866A76,primary,1.0
APP-92225DC6F231,IBI-D6F3F56881F3,primary,1.0
APP-926897406085,IBI-A13F6AA8742B,primary,1.0
APP-92B6694CC7FA,IBI-CD52D742D131,primary,1.0
APP-9327551C5E3F,IBI-0AD30C169821,primary,1.0
APP-932A8A3D162B,IBI-3B8932F5C770,primary,1.0
APP-932EBD7F2FA5,IBI-9BB1E32FF0C7,primary,1.0
APP-936A6FBC3017,IBI-FB21D28897C8,primary,1.0
APP-9373A0BA859E,IBI-BC3C5FF3A853,primary,1.0
APP-93771701A63D,IBI-4884D32F63D1,primary,1.0
APP-93FD5DBFE76A,IBI-3E0213A1FBDB,primary,1.0
APP-941A15810E32,IBI-21F8CFF83258,primary,1.0
APP-941FFB6BD2A2,IBI-D7DBEFF71013,primary,1.0
APP-942CD5B1FA5D,IBI-52859A699CD5,primary,1.0
APP-9438E2F3BDF4,IBI-E8943A27A06D,primary,1.0
APP-9444D55B9922,IBI-6F774DF56560,primary,1.0
APP-9446FE9576BB,IBI-CE7F7986BF7F,primary,1.0
APP-9481F4C827BC,IBI-ECC55FD866D4,primary,1.0
APP-94DE5C1D6623,IBI-13B2242254BB,primary,1.0
APP-94FA825D1558,IBI-632C69FF10F4,primary,1.0
APP-94FBC3205165,IBI-E4602FCF2E34,primary,1.0
APP-95019A4EB67B,IBI-F54E7E649DE1,primary,1.0
APP-9528B968F50E,IBI-93D8D01109BC,primary,1.0
APP-958FF348A430,IBI-AD368E360A02,primary,1.0
APP-959E03721CEB,IBI-E2C3AD20FE3B,primary,1.0
APP-95D559E9AFF5,IBI-373176F3D2D5,primary,1.0
APP-961B35074E6D,IBI-6CD6137EB7E6,primary,1.0
APP-96236DA44A94,IBI-70CE0F40E409,primary,1.0
APP-9629B8DED2BB,IBI-B4F65386FB8A,primary,1.0
APP-9633443B3A81,IBI-BE34A956B4B8,primary,1.0
APP-96441190BD1B,IBI-9A53997D1CD3,primary,1.0
APP-96871B3E4365,IBI-544ABA7B7DAA,primary,1.0
APP-96B135FA9935,IBI-81AE4E796DC4,primary,1.0
APP-96F238C5FEC7,IBI-16D03874CAB3,primary,1.0
APP-9709E1C437B3,IBI-F36154E31E2B,primary,1.0
APP-970F3F6F8C06,IBI-92B15B350110,primary,1.0
APP-975B9D538E2D,IBI-2AD309D00BD8,primary,1.0
APP-9774EF361D81,IBI-66ED0C90B161,primary,1.0
APP-977B295D819F,IBI-49DD527F5D94,primary,1.0
APP-97C36CB13A80,IBI-9E5647B804C4,primary,1.0
APP-97C74DA6F9A0,IBI-04F3BDA44F08,primary,1.0
APP-97D61A789DF5,IBI-36BC4F8663C6,primary,1.0
APP-97F6D80C6AA7,IBI-8D4A2D8DC7DA,primary,1.0
APP-97FC0F2C9CB2,IBI-6CF4E4167D3E,primary,1.0
APP-9809269CBA2C,IBI-F2B52FC0533E,primary,1.0
APP-980A9C8C40D3,IBI-4056AFBF0AC8,primary,1.0
APP-9823CC7BB067,IBI-FA62D628951C,primary,1.0
APP-983A3EA534E7,IBI-7A65D1FE72ED,primary,1.0
APP-9894461327D2,IBI-2302CEAE11AF,primary,1.0
APP-9898E30CEAFF,IBI-3D5237919C52,primary,1.0
APP-98CF1D70C933,IBI-61855D47B725,primary,1.0
APP-990C003BD08B,IBI-3044FDEF415D,primary,1.0
APP-9922CA99FD17,IBI-555D2CF45684,primary,1.0
APP-992B09C1A5C6,IBI-F9FFC9C1FCD8,primary,1.0
APP-997048DA7331,IBI-C4D30211498C,primary,1.0
APP-999BAA54123A,IBI-178BA6C8C6EF,primary,1.0
APP-99D79B808C6F,IBI-7B5F55D0F6C7,primary,1.0
APP-9A082FB14352,IBI-644F03502EC4,primary,1.0
APP-9A0EE87B9A3A,IBI-686F34EE247B,primary,1.0
APP-9A11D0369583,IBI-214D07893EE2,primary,1.0
APP-9A5AFDF1DDBC,IBI-1288C462A766,primary,1.0
APP-9A691BC2F59B,IBI-24A6C8270E2E,primary,1.0
APP-9AADB403C9CD,IBI-17CAC92E4C51,primary,1.0
APP-9B32F93738A2,IBI-765368D92A2B,primary,1.0
APP-9B48A548CA4A,IBI-F6360E44F685,primary,1.0
APP-9B6276A10746,IBI-B5C397BC11F8,primary,1.0
APP-9B6AD0307CDD,IBI-9025903BB357,primary,1.0
APP-9B938E04AFF8,IBI-4A088BA7C7FA,primary,1.0
APP-9BA029EAD993,IBI-77A885AF1965,primary,1.0
APP-9C0AD09664DE,IBI-BDCC7E804E77,primary,1.0
APP-9C525C0F73E0,IBI-1355E0808717,primary,1.0
APP-9C8F9B941BB6,IBI-0FA43D3D3845,primary,1.0
APP-9CBCA6A109D7,IBI-A158055D97DA,primary,1.0
APP-9D0393CE7133,IBI-FDB589C9B13A,primary,1.0
APP-9DAB6A8528E6,IBI-4BE4B69AB2D2,primary,1.0
APP-9DBFDDCBD465,IBI-60CEFE849F9D,primary,1.0
APP-9E271388CEF2,IBI-AA67AEE8E98C,primary,1.0
APP-9E68B0FEF1FA,IBI-0B93002906B1,primary,1.0
APP-9ECF45D165DE,IBI-9D6F9874FF25,primary,1.0
APP-9EF28DF3CABE,IBI-7221ABC87DD6,primary,1.0
APP-9F0E5B31C5EB,IBI-C0284839BFB8,primary,1.0
APP-9F2F019F4897,IBI-0F6031C5921B,primary,1.0
APP-9F475C4B7D90,IBI-1EBF3D398990,primary,1.0
APP-9F510913D8F5,IBI-740D6F751B98,primary,1.0
APP-9F80A7DEC69A,IBI-C18767B3486E,primary,1.0
APP-9F9D3BB6E5E5,IBI-EADE8579FC26,primary,1.0
APP-9FB5E30FC428,IBI-AE52679A7DB6,primary,1.0
APP-9FC8C30B1B6D,IBI-541CBE3771BC,primary,1.0
APP-9FCD992E707D,IBI-92F5B3CC2C41,primary,1.0
APP-9FDDFF3C08DB,IBI-F7D69E185A23,primary,1.0
APP-9FE4F9B2200D,IBI-5513BF033E74,primary,1.0
APP-A076EE2FBB0B,IBI-6BBB445849BC,primary,1.0
APP-A08B8751B395,IBI-ED9B72ED148A,primary,1.0
APP-A0B1794A4DCA,IBI-9A5BAF49A18E,primary,1.0
APP-A1146419ADDD,IBI-E23B46226CD2,primary,1.0
APP-A137EAD44F63,IBI-5344FF63115C,primary,1.0
APP-A1392B1D3FB1,IBI-C637C068095A,primary,1.0
APP-A14147F9DC61,IBI-FC756E58C80D,primary,1.0
APP-A18561410A6E,IBI-9569F656CA93,primary,1.0
APP-A1EA9268732A,IBI-A8470A9AD28F,primary,1.0
APP-A22EB417D863,IBI-01B582E3244E,primary,1.0
APP-A2498F68FA65,IBI-8C2D4494C773,primary,1.0
APP-A2BCB721DB12,IBI-A08C17F9599F,primary,1.0
APP-A2BCD65230D4,IBI-7C446F6E0A21,primary,1.0
APP-A2FA853161AC,IBI-AE42D05AA4A3,primary,1.0
APP-A3099A2F0CC8,IBI-FORD2014-AS13,primary,1.0
APP-A31F7DDB8746,IBI-C4B29A1F2B90,primary,1.0
APP-A3CCAD85AA6A,IBI-FA688CC07117,primary,1.0
APP-A3D7AD896B95,IBI-7483C18A7D30,primary,1.0
APP-A440E3BA77BD,IBI-7BD7F0E6C60E,primary,1.0
APP-A4832379A1C3,IBI-185FCCE03C08,primary,1.0
APP-A496FFED3CD7,IBI-E83C8B4B906E,primary,1.0
APP-A54270F9CE94,IBI-6FF335082D5F,primary,1.0
APP-A5532AA9B956,IBI-2AC4F65B8B41,primary,1.0
APP-A55A2CCBD4EC,IBI-A4D8C4C956A2,primary,1.0
APP-A5623983C8CC,IBI-1F14B48CC1F9,primary,1.0
APP-A5B38DFE8E90,IBI-AAAE996F8011,primary,1.0
APP-A5F0D2BFC6CB,IBI-412E0B1680FB,primary,1.0
APP-A634FCA8EF72,IBI-7D489FCC0799,primary,1.0
APP-A66631330C3F,IBI-5ECA91207942,primary,1.0
APP-A69D5521AA51,IBI-B3CD7FB74C71,primary,1.0
APP-A6B17490CBFB,IBI-EE139B7E7FDB,primary,1.0
APP-A6BF2C984262,IBI-93762BB9D0E1,primary,1.0
APP-A6BF53626B5C,IBI-812A2B38A50E,primary,1.0
APP-A6C99A064C9A,IBI-37106ED2732D,primary,1.0
APP-A70EFA167C62,IBI-FEF6B893A0A7,primary,1.0
APP-A753690F08FC,IBI-3C9042E76702,primary,1.0
APP-A75AF9628FE4,IBI-1C5D8BAE830D,primary,1.0
APP-A774220684F3,IBI-BC07E48B8A78,primary,1.0
APP-A77F41E66F07,IBI-9B0CE6A4F4DE,primary,1.0
APP-A78C1A73FEBC,IBI-B19BB6350226,primary,1.0
APP-A79508FF2125,IBI-CEC11D2DBB44,primary,1.0
APP-A7A7CE4B78AA,IBI-5B31D5318EAC,primary,1.0
APP-A7B427F9479B,IBI-72FEFF11F8A7,primary,1.0
APP-A7B6521BA0B4,IBI-99A827DC94C1,primary,1.0
APP-A7BF5D50DDB5,IBI-110CE4A42E40,primary,1.0
APP-A820D51C5E33,IBI-E74F7ED591BD,primary,1.0
APP-A85F60F8A76D,IBI-96E0594FD57F,primary,1.0
APP-A85FD600B352,IBI-4CD929F055AE,primary,1.0
APP-A8775EFAC3C4,IBI-CE5BA931384D,primary,1.0
APP-A8B4D0399C12,IBI-96C65489B296,primary,1.0
APP-A8D348F2DEF4,IBI-C781F00363AA,primary,1.0
APP-A8E07458D2DD,IBI-E20EB1F7EAB4,primary,1.0
APP-A93104AF2D91,IBI-3F07F2C93A12,primary,1.0
APP-A94E7CDA90B3,IBI-007D77A72CEE,primary,1.0
APP-A9804B57D912,IBI-40D12FB9110C,primary,1.0
APP-A99A561B97FF,IBI-EFC743E3AEA8,primary,1.0
APP-A99AAF477322,IBI-4C5ECE7D80EA,primary,1.0
APP-A9D951867C6E,IBI-7BEE2637A6E3,primary,1.0
APP-A9F5EC340DBF,IBI-F1230736EC4F,primary,1.0
APP-AA1B3A0C99AF,IBI-69255EEE1854,primary,1.0
APP-AA44EAE4E089,IBI-B050BB4D3D83,primary,1.0
APP-AA4596D90599,IBI-B169DA581974,primary,1.0
APP-AA7843F90E14,IBI-69D6B3739EA2,primary,1.0
APP-AA79CC4C5C90,IBI-63793B0DDEBD,primary,1.0
APP-AABBC1EE16B5,IBI-4AE5624CAB18,primary,1.0
APP-AB14FD898FCC,IBI-5632A258703A,primary,1.0
APP-AB3A77375196,IBI-4B613C8F7888,primary,1.0
APP-ABB2C908115F,IBI-8B4301E118EE,primary,1.0
APP-ABDFAAA521A4,IBI-D50BC9F2D496,primary,1.0
APP-ABE31463B8AD,IBI-2BC68A5CB28B,primary,1.0
APP-ABE44F84FD21,IBI-B205D4EC9A30,primary,1.0
APP-ABE6E03B1E62,IBI-1E8BC06AF3C4,primary,1.0
APP-AC009DA277B5,IBI-844F7374DC37,primary,1.0
APP-AC1561EE3C85,IBI-BF211A4B72F7,primary,1.0
APP-AC2BDB1A351B,IBI-6788A84FE8CA,primary,1.0
APP-AC3F00FE8EEE,IBI-97EA83DC09F6,primary,1.0
APP-AC449FC8B4E1,IBI-444B0B07BA0E,primary,1.0
APP-AC6EFA398F62,IBI-C7A7DEBCC1FE,primary,1.0
APP-AC79328C0AB1,IBI-31C3A4F59439,primary,1.0
APP-AC7CBE17FCED,IBI-4F498F59E098,primary,1.0
APP-AC936A14AD11,IBI-C949656D3227,primary,1.0
APP-ACA912992A03,IBI-73425D0E99C6,primary,1.0
APP-ACB436F9A56D,IBI-11589900B7B0,primary,1.0
APP-ACDB5933B682,IBI-6BFAD1AD6664,primary,1.0
APP-AD1BD5736E37,IBI-90C14612734A,primary,1.0
APP-AD31735AE8F1,IBI-8D49D8735E51,primary,1.0
APP-AD360963778C,IBI-E69AB24A0E1B,primary,1.0
APP-AD7DC4D7998F,IBI-986201E25DF1,primary,1.0
APP-ADFEA1075C96,IBI-06DF28395D0E,primary,1.0
APP-AE1611AB0B90,IBI-3BEE579DCD9B,primary,1.0
APP-AE1B7337ED31,IBI-03DD4136BA32,primary,1.0
APP-AE27625948FC,IBI-8745953F454E,primary,1.0
APP-AE2A5D280D3A,IBI-4F06EB79A80F,primary,1.0
APP-AE341F31CE77,IBI-C37AC08EF228,primary,1.0
APP-AE390EA2F74A,IBI-41EA6AEE468A,primary,1.0
APP-AE4703D88E7B,IBI-9625CFD9198C,primary,1.0
APP-AE5E75662FA0,IBI-CAA61F73F4A4,primary,1.0
APP-AE8377D43DA1,IBI-F530DDB24D54,primary,1.0
APP-AE89144CF3BE,IBI-C50CABFE3DBA,primary,1.0
APP-AEB203999F73,IBI-B671F57193BF,primary,1.0
APP-AEE037F6E7BB,IBI-8D5D7E958737,primary,1.0
APP-AEE83E236DE5,IBI-3077C088CF69,primary,1.0
APP-AEEE7E36FAA1,IBI-9758D297FB44,primary,1.0
APP-AF20EFEB9662,IBI-B5772A1804A9,primary,1.0
APP-AF909DECCF5D,IBI-E088FE342AE5,primary,1.0
APP-B0D7231EB0B0,IBI-71268FC381A8,primary,1.0
APP-B0DBB915FE9E,IBI-A0386665BAC2,primary,1.0
APP-B1065098217F,IBI-5430A0855D0E,primary,1.0
APP-B1072B41BBC1,IBI-4B7488D77F24,primary,1.0
APP-B10C393977C4,IBI-24ACB7015795,primary,1.0
APP-B1ED37E2393B,IBI-77AF26949E80,primary,1.0
APP-B1F84ECBB576,IBI-92002BD6064C,primary,1.0
APP-B222A488D5AA,IBI-4949F2DB777F,primary,1.0
APP-B223C8B5628A,IBI-8D435836FB42,primary,1.0
APP-B233D7B98D0C,IBI-72719DB2F6BE,primary,1.0
APP-B2C7B49BD1EC,IBI-3AF5851ED3F8,primary,1.0
APP-B2EE5017ED85,IBI-30ADFE79BF8F,primary,1.0
APP-B2EE7C0379B5,IBI-8D98BEE1638B,primary,1.0
APP-B31A44812BDE,IBI-7FD16B24CE37,primary,1.0
APP-B3245E3CF442,IBI-63BF471B795C,primary,1.0
APP-B34CCF0239BF,IBI-8D915E3AD761,primary,1.0
APP-B35ADE74FF54,IBI-1196B85EC89E,primary,1.0
APP-B366D5E4D8DC,IBI-530D2CFECF43,primary,1.0
APP-B372918F3973,IBI-EC0E16D4FA07,primary,1.0
APP-B3B13E5554C1,IBI-3CC67931DF0F,primary,1.0
APP-B3BDA6AA9B5E,IBI-72C2FEA80E01,primary,1.0
APP-B3DDAD1F9097,IBI-591F2729082B,primary,1.0
APP-B41E0FF32405,IBI-AFDF57CFF3FF,primary,1.0
APP-B42951DB121E,IBI-EAC93F99B3EE,primary,1.0
APP-B4552FE87416,IBI-DE794FBC9282,primary,1.0
APP-B469D02A8C76,IBI-C8B0B8A4E26E,primary,1.0
APP-B4BED677EF1A,IBI-BA38256134C5,primary,1.0
APP-B4F540F7E5C9,IBI-E50FA737EDB0,primary,1.0
APP-B53A8FC352EC,IBI-E2176E40ECE2,primary,1.0
APP-B57DD6764CBA,IBI-381873493558,primary,1.0
APP-B5847C96D56A,IBI-E5A7736DE977,primary,1.0
APP-B5B85148475C,IBI-223C8B15FFAD,primary,1.0
APP-B5B9ECE1BF86,IBI-2D00C224051D,primary,1.0
APP-B5C88EF0F929,IBI-BCF1D44D0968,primary,1.0
APP-B5F3CBED3251,IBI-90D234EC291A,primary,1.0
APP-B5FCDF2998D4,IBI-2B41E81A39DC,primary,1.0
APP-B65818AEDFE3,IBI-025E789F4093,primary,1.0
APP-B6763174DE28,IBI-9BBDC3BD6086,primary,1.0
APP-B6770D4AFE7B,IBI-DD2809A820A3,primary,0.8
APP-B678F0873881,IBI-6F82CB1B2935,primary,1.0
APP-B69EA4233EDC,IBI-9092CCC4D2C5,primary,1.0
APP-B6BD356BF083,IBI-B3482BD0CA0B,primary,1.0
APP-B6DB3DFD1A00,IBI-DDC4E29E455A,primary,1.0
APP-B77D999AA28B,IBI-103744835B8E,primary,1.0
APP-B78A8BABB6AC,IBI-2615F285A3AD,primary,1.0
APP-B791C35EEC89,IBI-AA487E5E1C00,primary,1.0
APP-B8146B488F30,IBI-F00ACFE82A97,primary,1.0
APP-B86915527E35,IBI-74D92579EF70,primary,1.0
APP-B873BA998099,IBI-1F104D5164E8,primary,1.0
APP-B87B13A39224,IBI-AFC832AD66CF,primary,1.0
APP-B87BDE27D4B5,IBI-47578B1D57F0,primary,1.0
APP-B8ABC4A762AB,IBI-1DEFEF3EB62A,primary,1.0
APP-B8B7514BF026,IBI-DC36E80A1951,primary,1.0
APP-B8D112758665,IBI-87B3F205EF11,primary,1.0
APP-B8D4508B7FFC,IBI-CE59A50C7510,primary,1.0
APP-B8D73B5F4D11,IBI-76A1BD1CA1A4,primary,1.0
APP-B8FD3DE29CE8,IBI-4C9716400DD6,primary,1.0
APP-B98F6FD087F4,IBI-78BDAC8F3B1B,primary,1.0
APP-B9994BE56CA4,IBI-DCA253EBA01A,primary,1.0
APP-B99C759709C9,IBI-61CFB166EF10,primary,1.0
APP-B9DBA85C9EE0,IBI-B7DE88C662A8,primary,1.0
APP-B9E68FDA29E9,IBI-EF74C758E075,primary,1.0
APP-B9F95589374A,IBI-4BC0E6C6248A,primary,1.0
APP-BA001396F923,IBI-2DC78044BAB0,primary,1.0
APP-BA19018A9D2E,IBI-B475D78A6EA0,primary,1.0
APP-BA3800C2BD3C,IBI-5002143E0DC9,primary,1.0
APP-BAA315C1B2DF,IBI-B3655A59BF77,primary,1.0
APP-BACAB76E713C,IBI-21B5ECDA71C3,primary,0.8
APP-BAD54DCC7312,IBI-F5189CBA8227,primary,1.0
APP-BAFE389B17E5,IBI-4CB0DA45A7D0,primary,1.0
APP-BB2CE744231E,IBI-C757E352890A,primary,1.0
APP-BB2D958AECF0,IBI-2E2B0585326F,primary,1.0
APP-BB3A6FE232F7,IBI-7C8AF79EC8C6,primary,1.0
APP-BB6A76AB356F,IBI-4128C404FC1B,primary,1.0
APP-BB6EE684E770,IBI-3ECE3C33AE7F,primary,1.0
APP-BB9A9EDA205D,IBI-3215D0FCF59D,primary,1.0
APP-BBD47FBE5A37,IBI-A5C2CAEEB322,primary,1.0
APP-BBDA21097D1B,IBI-7705A74EC455,primary,1.0
APP-BBE92A56E33C,IBI-1FE3CC239841,primary,1.0
APP-BC151ECE2FD6,IBI-158E425708DC,primary,1.0
APP-BC2C8B9F669A,IBI-799AE236CDBB,primary,1.0
APP-BC2C923105CE,IBI-A3C9CD6A584F,primary,1.0
APP-BC39B2C2B100,IBI-419B3DDFF35E,primary,1.0
APP-BC79F456A7EB,IBI-1E9210B570BC,primary,1.0
APP-BCA877F828BA,IBI-121D02E69051,primary,1.0
APP-BCCE6CCC483A,IBI-69CDF063CE1C,primary,1.0
APP-BD55793C89AE,IBI-68D0AE18B550,primary,1.0
APP-BD950A6C5C70,IBI-516832F05365,primary,1.0
APP-BDACE01D22AF,IBI-0EA741BCC672,primary,1.0
APP-BDEA99D18801,IBI-F84904CC6EC4,primary,1.0
APP-BDFCE876498E,IBI-EA9A06E1E283,primary,1.0
APP-BE085AE3FA8A,IBI-5EA30AAE087E,primary,1.0
APP-BEEC606C7A26,IBI-B0F71190A97E,primary,1.0
APP-BEF1B8965191,IBI-31618FC3F7AF,primary,1.0
APP-BF2BA34F73E9,IBI-549372009A48,primary,0.8
APP-BF517B36F37A,IBI-A250EA460C15,primary,1.0
APP-BF96AB248794,IBI-A41CE27FA5B1,primary,1.0
APP-BFF9AC57AC73,IBI-46C8C30E20BF,primary,1.0
APP-C02452699A7C,IBI-9D13CDD62235,primary,1.0
APP-C02ADA9E9271,IBI-2422A6BE70E3,primary,1.0
APP-C05654DF0BB4,IBI-80E139281335,primary,1.0
APP-C07041A35168,IBI-B205D4EC9A30,primary,0.8
APP-C072E9EDCF70,IBI-2DE111D82FEB,primary,1.0
APP-C07BAD085F2A,IBI-6B180132497C,primary,1.0
APP-C0DA8DBECFCC,IBI-DC69D2C0C3B3,primary,1.0
APP-C0DEE290C5E4,IBI-2DD01E4AEBAA,primary,1.0
APP-C0F9C69F7225,IBI-73216B6C3FD7,primary,1.0
APP-C121ED8D928F,IBI-3264A74D6009,primary,1.0
APP-C137203F4C41,IBI-AA67AEE8E98C,primary,1.0
APP-C15D52F4BAFE,IBI-ABBCB8EAD162,primary,1.0
APP-C1725CEB6D3C,IBI-E98FB8675047,primary,1.0
APP-C1744ED9533C,IBI-146141958966,primary,1.0
APP-C1906D9B1D14,IBI-D6403DD4D0A2,primary,1.0
APP-C1C5EA374EEB,IBI-EAAB69175FA2,primary,1.0
APP-C1F2C9EE10BC,IBI-24554F13A378,primary,1.0
APP-C2200B128C95,IBI-00AF5AE402AB,primary,1.0
APP-C222E15EC213,IBI-CDCC7E23EA8D,primary,1.0
APP-C2344330CF69,IBI-555795C53961,primary,1.0
APP-C28A11F25F9D,IBI-CCC8B14D56EA,primary,1.0
APP-C2B3BA0A92B3,IBI-5689D7C131FC,primary,1.0
APP-C2C2E7B53C42,IBI-8D8C026752CF,primary,1.0
APP-C31E9BF394AC,IBI-F36E43C5908B,primary,1.0
APP-C31FD74EB60E,IBI-A58C2D4572FF,primary,1.0
APP-C3237B865E50,IBI-3E89893C3F16,primary,1.0
APP-C3343A90D551,IBI-5B8AA7831836,primary,1.0
APP-C35406087491,IBI-4B442625658D,primary,1.0
APP-C35D0D80C4D3,IBI-70F13CE9430F,primary,1.0
APP-C35EFF1BD276,IBI-ACEE815450B1,primary,1.0
APP-C396EC60E12D,IBI-404DAD941844,primary,1.0
APP-C3C4F898D923,IBI-A2E775143F9F,primary,1.0
APP-C3E7C7C80B35,IBI-D0A6CF48B471,primary,1.0
APP-C4586D6406B0,IBI-3F8692FF0DFB,primary,1.0
APP-C473CE540756,IBI-586A5A88B7DC,primary,1.0
APP-C48AA75BDA1F,IBI-F06701DB64E4,primary,1.0
APP-C48DA3DA160C,IBI-8A414E482E1F,primary,1.0
APP-C4DA3952D693,IBI-DC2AA7C32F36,primary,1.0
APP-C4F8F10A8105,IBI-559FAD73616B,primary,1.0
APP-C507C1ED1D66,IBI-B2BDAC53058E,primary,1.0
APP-C52090447037,IBI-61A96A00B7B1,primary,1.0
APP-C548B4517C9D,IBI-9C4A68654295,primary,1.0
APP-C5B27F370246,IBI-8919DB3E898E,primary,1.0
APP-C5E5C07D7FA5,IBI-F0BBD6278BCB,primary,1.0
APP-C5E90A5B96F7,IBI-021C540426A3,primary,1.0
APP-C5EE44F55B61,IBI-48D2AD086C07,primary,1.0
APP-C5FB697DB808,IBI-BC3CB609520C,primary,1.0
APP-C616208D4143,IBI-B27D20C6DBDD,primary,1.0
APP-C691E47A40A2,IBI-00E095201103,primary,1.0
APP-C6D4631FFF9D,IBI-C01989E5879E,primary,1.0
APP-C6DA1A4BE86E,IBI-28F0AB8A316E,primary,1.0
APP-C6EECC3B03FC,IBI-68A32545462E,primary,1.0
APP-C707198BE971,IBI-D53390041C26,primary,1.0
APP-C7329F336174,IBI-F4C8268E41B1,primary,1.0
APP-C747DD3F175A,IBI-2FFC9FF8236D,primary,1.0
APP-C772190086F2,IBI-917276249B87,primary,1.0
APP-C7BAA1D42320,IBI-DD441C1D4C62,primary,1.0
APP-C7EAA57B2112,IBI-90E3D2265AC0,primary,1.0
APP-C7FC5DE8EFC6,IBI-39C410944B65,primary,1.0
APP-C83A28B352E3,IBI-BB9AB54B13F3,primary,1.0
APP-C847CF325545,IBI-F1E0D71CB699,primary,1.0
APP-C8722407C5B0,IBI-CB1D9D72E7BD,primary,1.0
APP-C872442A3F2B,IBI-ECB69FB91460,primary,1.0
APP-C8A48C4F4AB5,IBI-593FD3B153CF,primary,1.0
APP-C8A7A644F639,IBI-02C3017F6BC7,primary,1.0
APP-C8BAF7FE9252,IBI-6A898071715D,primary,1.0
APP-C8C53C3D38C4,IBI-8ADDEA9CC8CC,primary,1.0
APP-C936ED916369,IBI-F9670CEFD548,primary,1.0
APP-C96EE4F7E8A1,IBI-7C8C513C8C12,primary,1.0
APP-C96EF1921D57,IBI-05D1CD7549AE,primary,1.0
APP-C97A21011F1C,IBI-BCFC0A10CBD4,primary,1.0
APP-C97CC5607375,IBI-CDB8A4D4C424,primary,1.0
APP-C9C432B4E7A8,IBI-87227EEFF156,primary,1.0
APP-CA53AAE5731D,IBI-3F9E41863B70,primary,1.0
APP-CA5BCFA583B0,IBI-0C91DE9D2AEC,primary,1.0
APP-CA63BCC5029D,IBI-B92459BF5743,primary,1.0
APP-CA887941C051,IBI-F504A461BD0B,primary,1.0
APP-CABBEC3DF038,IBI-0DE175753ED8,primary,1.0
APP-CB08BF2780D7,IBI-A4764EF0C15E,primary,1.0
APP-CB26AEAC91FF,IBI-11589900B7B0,primary,1.0
APP-CB493E324926,IBI-E3B2B21257C2,primary,1.0
APP-CB9589834148,IBI-7B9A81135B29,primary,1.0
APP-CB9DCD61D2C4,IBI-E3268823DA64,primary,1.0
APP-CBCEA944904B,IBI-C6413BF444D0,primary,1.0
APP-CBE70D3B6534,IBI-C3A694B7B3C5,primary,1.0
APP-CC08B64A9B10,IBI-49BD92ACF18B,primary,1.0
APP-CC230F3F6666,IBI-E27F43D96092,primary,1.0
APP-CC2567E2477F,IBI-EB68D29ACDD1,primary,1.0
APP-CC46616CC9BA,IBI-F35968ED418B,primary,1.0
APP-CC4E0ECDE135,IBI-F72F1F87420C,primary,1.0
APP-CC66B378D4AD,IBI-607F5A5A80C9,primary,1.0
APP-CC7FD10F1D1D,IBI-A0C31C78E234,primary,1.0
APP-CC95F1D4FFC9,IBI-AA3D4D3C35CC,primary,1.0
APP-CCE0397B5387,IBI-CF57D0BC40F5,primary,1.0
APP-CD63F6300DE6,IBI-3D7A2E9EE37B,primary,0.8
APP-CD6FB4A75074,IBI-C31D6B6016A8,primary,1.0
APP-CDECE1AA8025,IBI-7680B927BB2F,primary,1.0
APP-CDF3BDE1EAA4,IBI-CD463292B7B0,primary,1.0
APP-CDFD82B6C285,IBI-16895A57D419,primary,1.0
APP-CE010ECE31B1,IBI-85A9ED12421A,primary,0.8
APP-CE0ADD0B0E5A,IBI-A5173FAF0C5A,primary,1.0
APP-CE15DCCE367E,IBI-6A3D928A2501,primary,1.0
APP-CE2ADF9516E5,IBI-79D32E0C0500,primary,1.0
APP-CE30F142317A,IBI-410A5FE6DE6C,primary,1.0
APP-CE3B90176297,IBI-1DBFD17467EE,primary,1.0
APP-CEA6906FB856,IBI-D6B6F227C0B8,primary,1.0
APP-CEA96844A495,IBI-34BA7D7EBB71,primary,1.0
APP-CEE59A9402CF,IBI-208EC97C9987,primary,1.0
APP-CEFA7FFC813A,IBI-B1DFAA8ED8D6,primary,1.0
APP-CF0B57E4B80E,IBI-40A1A8922ED8,primary,1.0
APP-CF0F690B505B,IBI-F4BAF2DE2A59,primary,1.0
APP-CF5005810BA1,IBI-390480DC194A,primary,1.0
APP-CF9E30DE5E2F,IBI-B925657D4CFC,primary,1.0
APP-CFADE634BDB0,IBI-356AD7EE0473,primary,1.0
APP-CFD0D3A20C81,IBI-A8AC02611953,primary,1.0
APP-CFD77BF3A9A9,IBI-6AEF476E4E4C,primary,1.0
APP-D017C38D7A25,IBI-58B777C45C40,primary,1.0
APP-D07023A10A85,IBI-6A9034D26F19,primary,1.0
APP-D0727F9CBF15,IBI-766C8AAE7C05,primary,1.0
APP-D07FD852F641,IBI-0764D67E1597,primary,1.0
APP-D09A69947962,IBI-073B6E935D3A,primary,1.0
APP-D0AA69CDAE8E,IBI-B36E5BE78B3E,primary,1.0
APP-D0B1CF187594,IBI-397771B8038D,primary,1.0
APP-D0CB5875819F,IBI-ACAABD6937E2,primary,1.0
APP-D0FE96F9B61B,IBI-8059813DF1C5,primary,1.0
APP-D127ADC58D23,IBI-A4018648241E,primary,1.0
APP-D128DAA6EC9F,IBI-410C07F078B6,primary,1.0
APP-D15A7B35FA1C,IBI-96231E65950A,primary,1.0
APP-D1639F6B19DC,IBI-C72C7FD3CDDD,primary,1.0
APP-D19563197752,IBI-525DC230A207,primary,1.0
APP-D1D8FD2DBA8D,IBI-0486433C4AA1,primary,1.0
APP-D21A3379FFBA,IBI-5C86F6265738,primary,1.0
APP-D21D62D448CB,IBI-ABAC40CC7E28,primary,1.0
APP-D23A19AB8F32,IBI-6290A5A4DDFB,primary,1.0
APP-D278B7392342,IBI-0A183C0D3DA4,primary,1.0
APP-D28CA0EDB66D,IBI-A5833D9EAB52,primary,1.0
APP-D2CB64140857,IBI-9BC4FB520566,primary,1.0
APP-D2EA9D464EEE,IBI-BD3D78FADE4F,primary,1.0
APP-D355F392DF3F,IBI-070B31F47013,primary,1.0
APP-D35AA36C014D,IBI-6FABD77BF235,primary,1.0
APP-D3810FB639CA,IBI-17B3C6565520,primary,1.0
APP-D3AD24BBECB9,IBI-53A84E600FF4,primary,1.0
APP-D3BEF3FBA17E,IBI-9AB5883DFA15,primary,1.0
APP-D3C9DCAC6722,IBI-B88F64EB52FE,primary,1.0
APP-D417EA5B5CA6,IBI-7F45E9808B4D,primary,1.0
APP-D433CFA5D994,IBI-5C355EF43D8D,primary,1.0
APP-D47DCF2D7039,IBI-8176C19CFDAF,primary,1.0
APP-D4C5D8A61D40,IBI-527704D6B074,primary,1.0
APP-D4D714C08B5D,IBI-6AB1C3C19294,primary,1.0
APP-D4F9803F756B,IBI-798DF2BF6161,primary,1.0
APP-D53093BE00FF,IBI-ABBE8A2E6E8E,primary,1.0
APP-D55584024F5C,IBI-9E37AB1B6312,primary,1.0
APP-D5695AEFA715,IBI-5C74E556D20C,primary,1.0
APP-D56DC322FCF0,IBI-F93FDA2B10F9,primary,1.0
APP-D5B1119872C1,IBI-BE8DC46BBAE7,primary,1.0
APP-D5B42523BDE1,IBI-17A84EB70872,primary,1.0
APP-D5F418C462E6,IBI-6F7988CFF562,primary,1.0
APP-D6332D50B8C5,IBI-25B551BD0779,primary,1.0
APP-D64A77D2209D,IBI-9B6BD36CC471,primary,1.0
APP-D658293F9196,IBI-9D49C1678C2B,primary,1.0
APP-D65954531CB1,IBI-763438F34FF1,primary,1.0
APP-D67D91BD0033,IBI-ECDFA73054C5,primary,1.0
APP-D682E3BB35C2,IBI-90A3DFF32458,primary,1.0
APP-D6A3607F5440,IBI-5F62830AF613,primary,1.0
APP-D71B57DE1A56,IBI-1000B6CDC792,primary,1.0
APP-D724A7994ABA,IBI-F094DE6A4112,primary,1.0
APP-D754E1A6AFD7,IBI-0D8026ACFDC0,primary,1.0
APP-D75CB7329D0B,IBI-9F0C2BC5FBC8,primary,1.0
APP-D75D25816F4E,IBI-6AE031E07D30,primary,1.0
APP-D785825B61A8,IBI-CFB0EFC807F9,primary,1.0
APP-D7A3301C5C89,IBI-457F94914353,primary,1.0
APP-D7A426AFF108,IBI-F660717BBCBB,primary,1.0
APP-D7CEB06EB454,IBI-04E65150CB94,primary,1.0
APP-D7F7224B83EA,IBI-948D89090FA8,primary,1.0
APP-D85A15D4B75E,IBI-8CB0CA407E6E,primary,1.0
APP-D8AB95126BD8,IBI-BFAC7CA37B96,primary,1.0
APP-D8C5FCEC5FA4,IBI-BA3BDCD8ECE9,primary,1.0
APP-D92151B01B91,IBI-3322C751E92E,primary,1.0
APP-D9DDA0AC69C7,IBI-5B1343517775,primary,1.0
APP-D9EC039E8F87,IBI-9D5B4D1848CD,primary,1.0
APP-DA359B113B2F,IBI-A921F581030C,primary,1.0
APP-DAA7DE13CC9C,IBI-3BD55EC0BD28,primary,1.0
APP-DAC2E0099851,IBI-9C0310AAA82F,primary,1.0
APP-DAEEDEF9DDE0,IBI-C675E9FE069A,primary,1.0
APP-DB27BA76DE58,IBI-95B32DB89DA3,primary,1.0
APP-DB463FE004EA,IBI-C566A8D2270F,primary,1.0
APP-DB64D8CDE4F3,IBI-F79FCAAA16DA,primary,0.8
APP-DB856A10C22A,IBI-DC6868391777,primary,1.0
APP-DB97525A50CA,IBI-392B4F4424B7,primary,1.0
APP-DBE55F1367B4,IBI-035BA4ABBE6D,primary,0.95
APP-DBEC5C4B2D0E,IBI-023E358F613C,primary,1.0
APP-DBF2B4838CFB,IBI-ED015F40EEB2,primary,1.0
APP-DC14781F6726,IBI-E1D0E790302A,primary,1.0
APP-DC32AF12C4C5,IBI-8EDCA2132C79,primary,1.0
APP-DC56FE13F86F,IBI-9D21947B0388,primary,1.0
APP-DC7D3493313C,IBI-136F2CFA2ADD,primary,1.0
APP-DC8DF92DC947,IBI-EF1FDA96620B,primary,1.0
APP-DCECC7BCB7EC,IBI-DAF65A02CE3D,primary,1.0
APP-DD2FABE39F33,IBI-34A1296673D3,primary,1.0
APP-DD516C602CE1,IBI-8A3BAEA23243,primary,1.0
APP-DD5C11A327C5,IBI-29E94E57E9AB,primary,1.0
APP-DDD356D8B0EB,IBI-AD2976FBA996,primary,1.0
APP-DDE3396CD563,IBI-2DB1150EAABF,primary,1.0
APP-DE02B50C7C0A,IBI-6ECF7BBA5A74,primary,1.0
APP-DE37F595CB17,IBI-BC873E943AF3,primary,1.0
APP-DE5B6924278F,IBI-189465D21A81,primary,1.0
APP-DE786E9AE760,IBI-0C99418FFC4A,primary,0.8
APP-DE80A5EBF204,IBI-21C43CC67547,primary,1.0
APP-DE960CCD0A92,IBI-3E712394AF88,primary,1.0
APP-DF016C0E6915,IBI-55769FD589D6,primary,1.0
APP-DF49AF2944F5,IBI-F30A83910A20,primary,1.0
APP-DF4C340D0854,IBI-FC231B673E0D,primary,1.0
APP-DF7EC5961F33,IBI-AE7EC914E754,primary,1.0
APP-DF8287A62EC9,IBI-5530C58CC7B7,primary,1.0
APP-DFBD3D20F8A0,IBI-17B5BAA1746B,primary,1.0
APP-DFCCD4470576,IBI-2037A36226CB,primary,1.0
APP-DFF663D5C322,IBI-C06FF61EAB69,primary,1.0
APP-E0184D9AF11F,IBI-D9E9C4FD2C24,primary,1.0
APP-E03A757E4547,IBI-66B8FD91B8A4,primary,1.0
APP-E046032C93E0,IBI-C489B8F60488,primary,1.0
APP-E09FEF70BAF1,IBI-046C568A20AD,primary,1.0
APP-E0BCCD513821,IBI-0812604AAFBD,primary,1.0
APP-E0FCD4644F38,IBI-2C7E81F0BF57,primary,1.0
APP-E106B3EF9F60,IBI-5E32D964D468,primary,1.0
APP-E14EB6A1F2F4,IBI-80A2CB091A04,primary,1.0
APP-E15D1F8D9985,IBI-EEFD60F2F08B,primary,1.0
APP-E1866F473C8D,IBI-3C7C76482C2A,primary,1.0
APP-E188176EF0FD,IBI-23A7F361C52B,primary,1.0
APP-E1C393B6D8B0,IBI-B6711673FBFD,primary,1.0
APP-E20C20306315,IBI-CFC719B959A4,primary,1.0
APP-E2230E75BBA4,IBI-329D7C137A72,primary,1.0
APP-E24412643E4D,IBI-4EDC87544CE8,primary,1.0
APP-E25D96452406,IBI-3EA5FDFA2ECA,primary,1.0
APP-E26982193112,IBI-CCF48C90D565,primary,1.0
APP-E275724F7B16,IBI-44BC3FE36601,primary,1.0
APP-E28C47FC5BE0,IBI-5DF7F023CE35,primary,1.0
APP-E299FE3E0B92,IBI-E5EEB5C82284,primary,1.0
APP-E2C53B2D9422,IBI-304663B8D76A,primary,1.0
APP-E2E1C4BC929E,IBI-F1D484247D42,primary,1.0
APP-E3390B650C1F,IBI-38ADDA9EF4F6,primary,1.0
APP-E357E01071D5,IBI-730F26F11354,primary,1.0
APP-E36F1D2E8F1C,IBI-D1418E448B16,primary,1.0
APP-E407BC3FA76A,IBI-A941F1E8B2F0,primary,1.0
APP-E411585CCAA1,IBI-E5D486121C82,primary,1.0
APP-E454391AABA1,IBI-16D19CDC2E71,primary,1.0
APP-E45B435B1A10,IBI-54398C1767BE,primary,1.0
APP-E469880C1A4F,IBI-B03AFE28F0B9,primary,1.0
APP-E474F489D786,IBI-3FA4EDABE5CF,primary,1.0
APP-E4AD3891D95A,IBI-8CB0CA407E6E,primary,1.0
APP-E4F0CF300EB8,IBI-18B688C301FD,primary,1.0
APP-E51C53FB43A8,IBI-19F212ABD00E,primary,1.0
APP-E53C8C1931E8,IBI-BDCAF03B3004,primary,1.0
APP-E55E8F7CEE75,IBI-9D9670FD6A9E,primary,1.0
APP-E57A7DC0B6FE,IBI-4E0DCBDCC1F2,primary,1.0
APP-E58537D51A05,IBI-D8C1FFD3FBED,primary,1.0
APP-E585D72E011E,IBI-3192995163A4,primary,1.0
APP-E5941336D608,IBI-7E2150B4925C,primary,1.0
APP-E5C91FE39A32,IBI-9DF7057095D2,primary,1.0
APP-E61BFE5EEBB8,IBI-683DEE5EB7BA,primary,1.0
APP-E6214FCEDF49,IBI-D4744BD1B068,primary,1.0
APP-E622EB824E1D,IBI-48EE2D615A84,primary,1.0
APP-E6374F3AD784,IBI-F20A466A7863,primary,1.0
APP-E63DBFD9B594,IBI-69CFC1400A1D,primary,1.0
APP-E66C809E0C44,IBI-F26E4DF4F7C2,primary,1.0
APP-E6789C434C70,IBI-2C29F83F15B7,primary,1.0
APP-E6A44BCFBAA4,IBI-FADE4346A022,primary,1.0
APP-E6BB7E770B6E,IBI-8C0AC5D39D04,primary,1.0
APP-E6DE69654126,IBI-63DC1A6B27EF,primary,1.0
APP-E77B10ABEF2E,IBI-1C2EB1600C9F,primary,1.0
APP-E7E77EBECE42,IBI-C6C8937ACF81,primary,1.0
APP-E888B25E57D9,IBI-A1AA3AE64B09,primary,1.0
APP-E8CCDD040162,IBI-88D1937D3ED2,primary,1.0
APP-E8E55DF75182,IBI-FC4FD2D26B71,primary,1.0
APP-E909A477FAE6,IBI-C9C76391BEAB,primary,1.0
APP-E92E3F1F4B26,IBI-BBAD14924234,primary,1.0
APP-E93DB0CCA38F,IBI-F265C68D7662,primary,1.0
APP-E94599E8B374,IBI-9864B55DD2CF,primary,1.0
APP-E95E0099983B,IBI-B8D8FA942816,primary,1.0
APP-E96B95105D16,IBI-21CC875A95F0,primary,1.0
APP-E987653764E6,IBI-CF7556423B9D,primary,1.0
APP-E999275808E9,IBI-2B02110E6106,primary,1.0
APP-E9A25FC9C0D8,IBI-E5775846E3D3,primary,1.0
APP-E9E750D4906F,IBI-5B8A457394DA,primary,1.0
APP-E9F829BCB9F2,IBI-3D8358A1D0CC,primary,1.0
APP-EA22EAEEBD84,IBI-B4B929069FC4,primary,1.0
APP-EA889DCD22B2,IBI-EB5FA4903D0B,primary,1.0
APP-EAA08B23A4DB,IBI-49279B6480D9,primary,1.0
APP-EAAAD4B439CF,IBI-4F8B091D150F,primary,1.0
APP-EAD0AE7DED3E,IBI-84F6B8FD30B3,primary,1.0
APP-EAD374017D1E,IBI-C66B96611012,primary,1.0
APP-EADCE2DD6DF5,IBI-9746820141A2,primary,1.0
APP-EAE177702002,IBI-023E77FA4EA0,primary,1.0
APP-EB307341B1E8,IBI-0DF80F9636D2,primary,1.0
APP-EBC3E10E4F4B,IBI-E69AB24A0E1B,primary,1.0
APP-EBC88EB1D979,IBI-719DCF8C9757,primary,1.0
APP-EC4EC772950B,IBI-06712C7D2130,primary,1.0
APP-EC51D6233D0F,IBI-1AF2D2009F51,primary,1.0
APP-EC9DBC1BC316,IBI-9C59F4B49756,primary,1.0
APP-ECA677FE863B,IBI-2953DC605502,primary,1.0
APP-ECAD9DEC5BEA,IBI-11735829BDED,primary,1.0
APP-ED2D7E5896D2,IBI-967FFF92E37F,primary,1.0
APP-ED41344D4C48,IBI-EB8FD1657B4A,primary,1.0
APP-ED6641177C30,IBI-64FAFD2BE47A,primary,1.0
APP-ED84B2D5D1DA,IBI-7EE6B714A1A1,primary,1.0
APP-EDAF587D738C,IBI-E24EF470E162,primary,1.0
APP-EDBA9536BF4B,IBI-035BA4ABBE6D,primary,1.0
APP-EDE6AA9159CA,IBI-893BE95F307C,primary,1.0
APP-EDEBBB6AF474,IBI-01F4DCFD953A,primary,1.0
APP-EDFD952FD199,IBI-C58FA9F0D778,primary,1.0
APP-EE0BF14978A2,IBI-79CB88572315,primary,1.0
APP-EE60E958229B,IBI-D2935A468C4F,primary,1.0
APP-EE9CB598203D,IBI-D70867D160AF,primary,1.0
APP-EEA1FA8D9636,IBI-B05ED8D498A4,primary,1.0
APP-EEF39D9E3F13,IBI-71275D19F5D2,primary,1.0
APP-EF0D4708ADE3,IBI-33600DDBE0D9,primary,1.0
APP-EF16097F47FD,IBI-1D8AC86E0520,primary,1.0
APP-EF3701A9A126,IBI-6F5058101C90,primary,1.0
APP-EF378257C3E5,IBI-ABCF1B285071,primary,1.0
APP-EF6358A972EC,IBI-83EFA38D9260,primary,1.0
APP-EF6559C53B88,IBI-2B3A9FEDF6B6,primary,1.0
APP-EF95DDBB582E,IBI-B3373DC80437,primary,1.0
APP-EFC5C80C1A6D,IBI-A11621D03F66,primary,1.0
APP-EFD5AA2FB0B0,IBI-89D70498E475,primary,1.0
APP-EFE855010E9E,IBI-7B5FC6F7A0FA,primary,1.0
APP-EFF2CB1469A2,IBI-5C48844F88FB,primary,1.0
APP-F01A5339803E,IBI-B2B63E5644A3,primary,1.0
APP-F02AF2F2A773,IBI-160D40AE5C30,primary,1.0
APP-F04489E80FAE,IBI-81D1B97CB192,primary,1.0
APP-F05307E3137D,IBI-A96694F1191E,primary,1.0
APP-F05ED130EF6E,IBI-F67D2C05B209,primary,1.0
APP-F06832D35854,IBI-C237D8E8489F,primary,1.0
APP-F0954D593F45,IBI-E1144204BA40,primary,1.0
APP-F17AB87B2164,IBI-5E45A166A621,primary,1.0
APP-F1ECAAED8E71,IBI-BF1E6329F91D,primary,1.0
APP-F1EFFFD98EB9,IBI-9CDA1C6324E4,primary,1.0
APP-F202F630088C,IBI-677C9AD3E7E9,primary,1.0
APP-F23B8DC5D045,IBI-9D8D10B24135,primary,1.0
APP-F27512683DC7,IBI-E806B8E31887,primary,1.0
APP-F3733BD44EB1,IBI-54F1E266EBCC,primary,1.0
APP-F3858F330C4D,IBI-C48D5B52AB4E,primary,1.0
APP-F417E2CE754F,IBI-06BD95937A55,primary,1.0
APP-F43207FA0A66,IBI-E44584B3B490,primary,1.0
APP-F458D86CE45B,IBI-5E480A6DF9A3,primary,1.0
APP-F46E82C5D5F3,IBI-A739C7EF9DDC,primary,1.0
APP-F47E3A169ABC,IBI-6A24B33718DB,primary,1.0
APP-F4A93FCBD733,IBI-F881E6B2BBA7,primary,1.0
APP-F4A978951BF1,IBI-878D276D0136,primary,1.0
APP-F4AE8487EFD4,IBI-74625165CE1F,primary,1.0
APP-F54558D974A5,IBI-3D640F2A8374,primary,1.0
APP-F571467A90A2,IBI-88D53AE086DE,primary,1.0
APP-F57681899D95,IBI-1B7355F5BA43,primary,1.0
APP-F57AADB737E5,IBI-8CE840CF9115,primary,1.0
APP-F590B893E243,IBI-9CDD9096F957,primary,1.0
APP-F5AE14AC5945,IBI-BD32172273E5,primary,1.0
APP-F5C5D3F0E0C1,IBI-DF5CD82C866D,primary,1.0
APP-F6B0C901BE41,IBI-0EECB81B329A,primary,1.0
APP-F6B44789182B,IBI-A3F96BE488EA,primary,1.0
APP-F6BB1DBB43F0,IBI-3C3AFF5F0F29,primary,1.0
APP-F76FFA7D9973,IBI-72847F594F9C,primary,1.0
APP-F79E1B775419,IBI-62F30A57A7A0,primary,1.0
APP-F7B27582C91D,IBI-C73FC32015BC,primary,1.0
APP-F7B9A1B4D020,IBI-A6D92692DBC3,primary,1.0
APP-F7C3685C3ADF,IBI-E7665D140173,primary,1.0
APP-F7D8CAD32682,IBI-DAA9CA20E17D,primary,1.0
APP-F827FFD5E44E,IBI-3AAD60BB880F,primary,1.0
APP-F881DBC7166B,IBI-974F2B5B0B55,primary,1.0
APP-F8C1852631F1,IBI-AA8DEF952E20,primary,1.0
APP-F8C1D05811EB,IBI-277022EB0397,primary,1.0
APP-F8C86F36EE25,IBI-32F8164EAC5E,primary,1.0
APP-F8E42F83197D,IBI-51396F1F61E4,primary,1.0
APP-F91552104B91,IBI-27C6D6615AA5,primary,1.0
APP-F9171BF75A94,IBI-5EFFC55984C7,primary,1.0
APP-F92D19173A11,IBI-17BB2C48B051,primary,1.0
APP-F9303E02DE72,IBI-218DE1BE8204,primary,1.0
APP-F951497DDE8C,IBI-A691404B8D7B,primary,1.0
APP-F976CA918425,IBI-843CFCE02D20,primary,1.0
APP-F988C848427C,IBI-1D6632625C45,primary,1.0
APP-F9A046FAFB34,IBI-564F562C76B3,primary,1.0
APP-F9A77B2A4270,IBI-F6ED61BF3D88,primary,1.0
APP-F9AB3D3AD5B6,IBI-E6466DF808EF,primary,1.0
APP-F9B830C8A1C4,IBI-E0372BE85045,primary,1.0
APP-F9B9FCD0E06D,IBI-793E7D2CCAFD,primary,1.0
APP-F9BAF269B5FA,IBI-B75AF2D8983C,primary,1.0
APP-F9CD9B998967,IBI-2686C627CD27,primary,1.0
APP-F9F6EF1B5ABE,IBI-F823DBF4529D,primary,1.0
APP-FA031AE00D0B,IBI-7ABA09FA264D,primary,1.0
APP-FA0C9E5E79EA,IBI-E79DBD4D7298,primary,1.0
APP-FA87932B3E69,IBI-A9469781DBBE,primary,1.0
APP-FA9C80B5DC77,IBI-1A098436B031,primary,1.0
APP-FAC8D3B9C501,IBI-B4F1979F5412,primary,1.0
APP-FB2FFBAD8B74,IBI-DCB180CAB0CD,primary,1.0
APP-FB5B33C68FBF,IBI-884C0EC644E9,primary,1.0
APP-FB61AB1B8CC5,IBI-1276CBE352E3,primary,1.0
APP-FB7852B5607E,IBI-7575F61C0341,primary,1.0
APP-FBCD122ACF75,IBI-A085AF4BECE1,primary,1.0
APP-FBE336A2A518,IBI-A51969D3CFF7,primary,1.0
APP-FBF0D10A8B79,IBI-E5149EBE4E1A,primary,0.8
APP-FC27CB5EB482,IBI-14DE93A591AB,primary,1.0
APP-FC3E5212995A,IBI-8CE1A46F46E2,primary,1.0
APP-FC98AC0E5F24,IBI-1AAF876317AA,primary,1.0
APP-FCA110CE0020,IBI-F11690D2FBFA,primary,1.0
APP-FCC2CE9293DF,IBI-D8AEF8DE70E8,primary,1.0
APP-FCE745A2762E,IBI-F2C9E1AF8B6B,primary,1.0
APP-FD1659B5ADF4,IBI-2607A944A606,primary,1.0
APP-FD76CEC04A5E,IBI-E4F58D851CFF,primary,1.0
APP-FD8BB30C523B,IBI-510CFB1AB6F7,primary,1.0
APP-FDB5EB176668,IBI-310095C53E06,primary,1.0
APP-FDD68D283379,IBI-38C18AE46D90,primary,1.0
APP-FE0FFEDE62F8,IBI-28AFCD028373,primary,1.0
APP-FE1F41BEE85E,IBI-8FE3072526F1,primary,1.0
APP-FE4CBEAD32DC,IBI-FF406F1D7BF5,primary,1.0
APP-FE65020FA8F2,IBI-C13515C7CFCF,primary,1.0
APP-FEED7B714B3C,IBI-0EC7827D64A8,primary,1.0
APP-FEF7A5026BA8,IBI-322709A42431,primary,1.0
APP-FF3B384BBD73,IBI-BE00F0EA837A,primary,1.0
APP-FF729208665B,IBI-307462D3FF1E,primary,1.0
APP-FF768211D317,IBI-21BB929F927B,primary,1.0
APP-FFB1F2304516,IBI-21A82C18C677,primary,1.0
APP-FFB765F0030A,IBI-7C6E06AF5A4D,candidate,0.4
APP-FFB97C322539,IBI-2EED9438395D,primary,1.0
APP-FFCDEDF2DD4F,IBI-C14FB1F238D2,primary,1.0
APP-FFD2AC6AA5EB,IBI-13A6F72CD6F0,primary,1.0
APP-FFE55E5D216A,IBI-F244D3894172,primary,1.0
