id,source_id,locator
APP-005333079AA9,SRC-72D809FB4249,text 029A; section pp. 43–102
APP-0073BB6C1CFE,SRC-1B1888AA7E76,inventory 8324
APP-00992F95754F,SRC-3A8095B6D794,index entry MS2053/164
APP-00AE16D1AD5C,SRC-375868B5C1C1,MMS 997008712405905171
APP-00CC29CA1C24,SRC-195B6B6E19A1,pp. 159–165
APP-01220D999314,SRC-0ACFB1709242,Penn web object 257210
APP-01346239DE73,SRC-F09573688FD1,abstract; object 626–S
APP-0154647C398F,SRC-72D809FB4249,text 028A; section pp. 43–102
APP-015C55856681,SRC-72D809FB4249,text 117ES; section pp. 147–149
APP-019151EE49B9,SRC-54D3E0493BC1,MMS 997008712546505171
APP-0199BC2DD6A8,SRC-77CADCC57C0B,MMS 997008712545305171
APP-01B67FF49D78,SRC-72D809FB4249,text 044A; section pp. 43–102
APP-01C83730C1F8,SRC-0BB014E762FF,Penn web object 189411
APP-01EC4A21E415,SRC-3A8095B6D794,index entry MS2053/103
APP-024D02C15A38,SRC-BAD4DDB58937,MMS 997008712396205171
APP-0253493D2916,SRC-73C44B143A9D,"p. 157, distribution table, JBA 42"
APP-025417AAF0E4,SRC-3A8095B6D794,index entry MS1928/8
APP-025F4CB1403C,SRC-73C44B143A9D,"p. 155, distribution table, CAMIB 23"
APP-026840ABD522,SRC-72D809FB4249,text 017A; section pp. 43–102
APP-02ADCEEA1DBA,SRC-6D313A7AA389,"p. 1, item 17"
APP-02B0C15ADFD1,SRC-66B24D951AFE,Penn web object 93146
APP-036EBAD7F914,SRC-3D4B57D27A24,Related objects: 1881-0714-1
APP-042E7FCC8386,SRC-1B660EA75317,MMS 997008712546005171
APP-0456B3A2D58E,SRC-73C44B143A9D,"p. 154, distribution table, AMB 11"
APP-046C5DF14B68,SRC-3A8095B6D794,index entry BM055A
APP-04BA91F21938,SRC-BCC98AAE8C40,article: bowl 7 of seven-object Klagsbald donation
APP-05583228B981,SRC-4E17491A7466,Penn web object 199797
APP-055AAAE40710,SRC-72D809FB4249,text 046A; section pp. 43–102
APP-0561F98655E7,SRC-B341F40EFEF5,Penn web object 252830
APP-058D5937C09E,SRC-6D313A7AA389,"p. 2, item 35"
APP-05A6A70E41BE,SRC-CC5AB88F01DC,Penn web object 161879
APP-05BD1FCE8DB5,SRC-72D809FB4249,text 025A; section pp. 43–102
APP-05E2CD802E1D,SRC-16E6FD74D61C,"project page, bowl 2 of 4"
APP-05E62BA762CE,SRC-0EFFDC54B348,dealer ref. 6412
APP-0660F3F61A00,SRC-72D809FB4249,text 127Ps; section pp. 150–162
APP-06614E9AA5E9,SRC-4C8646D12939,"Object of the Month, April 2024"
APP-067B68E8D52B,SRC-3A8095B6D794,index entry AIT27
APP-06EF4BC23B1D,SRC-CC6F5DF593C9,MMS 997008712397005171
APP-07648364502C,SRC-943673B56FB8,"p. 324, item 22"
APP-0764AA3EFCD8,SRC-A90AB34CA3FE,"p. 134, note 546; designation Berlin XI-t 5178"
APP-0785D5713827,SRC-3A8095B6D794,index entry MSFB23
APP-0793AD650B2E,SRC-943673B56FB8,"p. 325, item 31"
APP-079C5F245AF7,SRC-0148A161BFB8,Penn web object 277251
APP-07A0BD3CAEDC,SRC-943673B56FB8,"p. 322, item 9"
APP-07C0D5854081,SRC-3D4B57D27A24,Related objects: 1980-0415-31-f
APP-07DEAB9C072C,SRC-3D4B57D27A24,Related objects: 1851-0903-3
APP-081E397CF9A3,SRC-A90AB34CA3FE,"p. 102, table 6, NFP 1"
APP-085C030DC022,SRC-84678662059D,object W_1851-0903-2
APP-08C76009E09E,SRC-F1C5AEABA349,MMS 997008712400405171
APP-08CDED538612,SRC-588C4286D26F,MMS 997008712398805171
APP-091F063B145C,SRC-73C44B143A9D,"p. 153, distribution table, Isbell 19"
APP-092726F460B9,SRC-899462FAA735,"p. 138, table 8.1: 18N20"
APP-0928AC66368D,SRC-078B374442E9,MMS 997008712399205171
APP-096B30B199E3,SRC-73C44B143A9D,"p. 154, distribution table, MSF 22"
APP-096E5E45B639,SRC-73C44B143A9D,"p. 155, distribution table, CAMIB 40"
APP-09F7BDAE8FB6,SRC-8BED62342B9F,MMS 997008712404605171
APP-0A125C62797A,SRC-73C44B143A9D,"p. 158, distribution table, JBA 75"
APP-0A43FA9147C8,SRC-73C44B143A9D,"p. 157, distribution table, JBA 12"
APP-0A4D0C1FE3E3,SRC-FB14E097C4E0,Penn web object 220768
APP-0A7A5EB29C20,SRC-C54888E36130,MS 2053/196 context: MS 2053/14
APP-0AA111F6F5D7,SRC-C54888E36130,MS 2053/196 context: MS 2053/158
APP-0AA4D6F5B83E,SRC-F9433CD2204F,Penn web object 180736
APP-0AC30F161C91,SRC-3A8095B6D794,index entry AIT7
APP-0B0C592D397A,SRC-312A054517F1,Penn web object 303321
APP-0B40B448970A,SRC-B77B1B8DBC8E,Penn web object 303320
APP-0B7B14ED167D,SRC-72D809FB4249,text 134Ps; section pp. 150–162
APP-0B95A087377D,SRC-855C75734A1F,Penn web object 157174
APP-0BA0424A178C,SRC-72E772B0D8BB,MMS 997008712402205171
APP-0BA0B1C86D21,SRC-7E7849278752,MMS 997008712397105171
APP-0BB258B7AC9E,SRC-3A8095B6D794,index entry Gor11
APP-0C3A807536F6,SRC-01E58FA07682,"IBC 3, pp. 417–432"
APP-0C3EF3744230,SRC-F20148C5DA92,"lot 273, fragment 4 of 5"
APP-0C6C43E6CE00,SRC-932479553867,Penn web object 136538
APP-0C6E6DC70494,SRC-73C44B143A9D,"p. 161, distribution table, XI-t 5178"
APP-0C8F093343BD,SRC-D6A39C85BB80,MMS 997008712545905171
APP-0CAC8F17F612,SRC-7314F33C6D82,object W_1980-0415-8
APP-0CB328E857D3,SRC-3D4B57D27A24,Related objects: 1851-1009-97
APP-0D065E8F1E38,SRC-E715F5369D95,Penn web object 156577
APP-0D11C344DF8D,SRC-3A8095B6D794,index entry AMBB9
APP-0D1DD71C5A89,SRC-3D4B57D27A24,Related objects: 1980-0415-9
APP-0D6521BE33C9,SRC-943673B56FB8,"p. 326, item 35"
APP-0D72E556560C,SRC-C54888E36130,MS 2053/196 context: MS 2053/70
APP-0DB0C5A859CA,SRC-73C44B143A9D,"p. 153, distribution table, Isbell 08"
APP-0E2655812B30,SRC-72D809FB4249,text 069A; section pp. 43–102
APP-0E5A220264FA,SRC-C19E7D2FAC8D,Penn web object 55090
APP-0EAD427A74EB,SRC-3D4B57D27A24,Related objects: 1980-0415-19
APP-0EBD15DC167E,SRC-4BFFE489072D,MMS 997008712544805171
APP-0F17828055F3,SRC-3A8095B6D794,index entry YAMB
APP-0F7DD7AEB0FE,SRC-3D4D1109BDBA,Penn web object 21452
APP-0FAEA34776A0,SRC-3A8095B6D794,index entry BM031A
APP-105132C32B99,SRC-72D809FB4249,text 001A; section pp. 43–102
APP-1068E3DBBB79,SRC-3AC5DC6A8452,Penn web object 134690
APP-1077F0DCA304,SRC-3D4B57D27A24,Related objects: 1980-0415-12
APP-10B39EF6ED80,SRC-ABE0A4D150BF,Penn web object 284364
APP-10BD3AC03513,SRC-D16E3E4042E1,work record 574086; image record 1366285
APP-10F5B3181D3C,SRC-2D4CCAB47A46,Penn web object 112273
APP-110163756E00,SRC-411F8CB07388,MMS 997008712395205171
APP-11128341D873,SRC-72D809FB4249,text 116M; section pp. 103–146
APP-116959B934A7,SRC-A08F75BDD59C,pp. 59–70
APP-11916763AC9B,SRC-72D809FB4249,text 073A; section pp. 43–102
APP-11C2BA3EFA69,SRC-3A8095B6D794,index entry Mous155
APP-11E572A33B59,SRC-BCC98AAE8C40,article: bowl 3 of seven-object Klagsbald donation
APP-128E0FCC3D26,SRC-3A8095B6D794,index entry AIT2
APP-12AB062B61C1,SRC-C54888E36130,MS 2053/196 context: MS 2053/230
APP-12BF5D03BB52,SRC-3A8095B6D794,index entry Mous131
APP-12FD83A18D0E,SRC-73C44B143A9D,"p. 158, distribution table, JBA 109"
APP-1310B7191112,SRC-943673B56FB8,"p. 322, item 5"
APP-132331BD62FE,SRC-14ECC955C5F3,Penn web object 325646
APP-134301CEFF4B,SRC-3A8095B6D794,index entry N-IV
APP-134B03DEDDB6,SRC-83A3DFDE7924,"pp. 161–162, M139"
APP-1353381AE627,SRC-72D809FB4249,text 062A; section pp. 43–102
APP-136FFF349D20,SRC-73C44B143A9D,"p. 156, distribution table, JBA 04"
APP-13AE5C78C583,SRC-E9E6B626C293,Penn web object 107955
APP-13C6D373D189,SRC-3A8095B6D794,index entry MS2053/89
APP-1402D7F3E06E,SRC-72D809FB4249,text 008A; section pp. 43–102
APP-1424E136E25B,SRC-A6A2C7BD19A7,DOI 10.25549/inscriptifact-ouc1sto1540648
APP-14344DB7C16F,SRC-FFE3830F7B87,Penn web object 97118
APP-14719E1AB6B5,SRC-73C44B143A9D,"p. 161, distribution table, SD 34"
APP-14CE864BC206,SRC-6C59F1DF2FE9,Penn web object 305906
APP-1532BF60422C,SRC-E72996E8597F,MMS 997008712404505171
APP-1541707BE3BC,SRC-73C44B143A9D,"p. 162, distribution table, Ford/Ten-Ami 2012"
APP-155E2F340767,SRC-73C44B143A9D,"p. 154, distribution table, Isbell 35"
APP-156279AE6807,SRC-73C44B143A9D,"p. 155, distribution table, CAMIB 41"
APP-15C1F2EE7433,SRC-C790CF0327BB,object W_1983-1002-2
APP-160B0C67DFD2,SRC-6A7F76E470A0,Penn web object 192629
APP-160D3DD6AEA0,SRC-EF1521B0C736,object W_1881-0714-11
APP-161936A43764,SRC-72D809FB4249,text 033A; section pp. 43–102
APP-164B5FD2D2D5,SRC-D67785A09056,Penn web object 141845
APP-16592BAB8739,SRC-8A22FE453E07,Penn web object 66411
APP-166F991307E1,SRC-924037351956,MMS 997008712406205171
APP-16FF15569941,SRC-28BD17A5E54E,dc00001092
APP-174A7A992ADB,SRC-3A8095B6D794,index entry AIT11
APP-1751A2BB0AEB,SRC-3D4B57D27A24,Related objects: 1851-1009-100
APP-178EA3C828CE,SRC-18F27823F3AD,MMS 997008712546605171
APP-17BD83A8E95C,SRC-3A8095B6D794,index entry IM114981
APP-17FADEC6575A,SRC-81CBECDBBCA9,Trocadero item 1495910
APP-1824153FEC59,SRC-3D4B57D27A24,Related objects: 1881-0714-6
APP-184712E80005,SRC-3A8095B6D794,index entry IM9726
APP-18678FADBB78,SRC-3A8095B6D794,index entry AMBB6
APP-18F5673DA4D4,SRC-1CB4C889AD40,Penn web object 252935
APP-190E5D39A2E9,SRC-73C44B143A9D,"p. 159, distribution table, HS 3030"
APP-1921C35E6C5A,SRC-3A8095B6D794,index entry Gor4
APP-197233AA22EC,SRC-3A8095B6D794,index entry CAIB71
APP-1973A3D5DA1B,SRC-9FBCEE17F505,Penn web object 67147
APP-19962AEA390C,SRC-3D4B57D27A24,Related objects: 1908-0411-92
APP-199CE561BC56,SRC-B289E0430BDE,Penn web object 112781
APP-19E688CF629E,SRC-943673B56FB8,"p. 325, item 29"
APP-19E720945F01,SRC-3D4B57D27A24,Related objects: 1886-0109-15
APP-1A0F60F4302D,SRC-EF4978FB3663,Google Arts & Culture asset fQEubwbd_KepFw
APP-1A1BCE96A11F,SRC-73C44B143A9D,"p. 161, distribution table, Moriah 2"
APP-1A3A4D2B7295,SRC-7AFBBA66C4E8,MMS 997008712404405171
APP-1A5868765C01,SRC-D4CF2125EF21,pp. 137–139
APP-1A5A2B4A468E,SRC-9EBF6EFC1388,Penn web object 139404
APP-1A7283B445A1,SRC-5F6911283DE0,MMS 997008712399805171
APP-1AC1BE6251AD,SRC-3D4B57D27A24,Related objects: 1886-0109-8
APP-1AC4A9330C9D,SRC-B93E616D7657,Penn web object 50873
APP-1ADA79F2ACA7,SRC-3D4B57D27A24,Related objects: 1911-0408-51
APP-1B15F39703B2,SRC-D04B87AB76D8,Penn web object 192680
APP-1B33E236A5BC,SRC-3D4B57D27A24,Related objects: 1980-0415-26
APP-1BA8CC1BA631,SRC-B94E1CE84725,MMS 997008712397805171
APP-1BDA5D85DAE5,SRC-3A8095B6D794,index entry Mous50
APP-1BE118246DB1,SRC-6D313A7AA389,"p. 2, item 31"
APP-1C33290B0B77,SRC-943673B56FB8,"printed p. 19, bibliography item N"
APP-1C6613904B9B,SRC-3A8095B6D794,index entry MS1927/39
APP-1C679A2C2705,SRC-3D4B57D27A24,Related objects: 1908-1010-2
APP-1CAC78F9E525,SRC-3A8095B6D794,index entry BM053A
APP-1CADEC77BA72,SRC-D26AD3EC2523,MMS 997008712405505171
APP-1CEC78608F82,SRC-97C7954CBDDE,Penn web object 194433
APP-1D5EBCF84427,SRC-B47F6370B1D0,pp. 56–72
APP-1D69AA0E9422,SRC-72D809FB4249,text 091M; section pp. 103–146
APP-1D86A433A883,SRC-3A8095B6D794,index entry IM114982
APP-1DC5E9F304C2,SRC-3A8095B6D794,index entry BM065A
APP-1DC901FC2719,SRC-3D4B57D27A24,Related objects: 1980-0415-31-k
APP-1E1AA1F0D4D6,SRC-3A8095B6D794,index entry BM072A
APP-1E2AE81BB521,SRC-3A8095B6D794,index entry AP9163
APP-1E3157DD1826,SRC-83A3DFDE7924,"pp. 162–164, unnumbered bowl A"
APP-1E87E59A412A,SRC-3A8095B6D794,index entry MS1927/64
APP-1E9CF57E593C,SRC-E62506EF1954,Penn web object 271620
APP-1EAFCB9D36F6,SRC-F5D33A091B32,object W_1851-1009-96
APP-1EEC64F52715,SRC-4CF084A3C54D,object W_1886-0109-5
APP-1F61A7F4F477,SRC-99EFC7EC2D5B,Catawiki lot 68030117
APP-1FA053074779,SRC-1287F81AAABD,dc00001094
APP-1FBB3D83FC50,SRC-3217B5EE5A08,MMS 997008712395105171
APP-1FD217AF38FB,SRC-3A8095B6D794,index entry Mor2
APP-1FD3C0DBEA6A,SRC-4E99FA9CB36E,MMS 997008712398005171
APP-1FDE7DBC2978,SRC-72D809FB4249,text 019A; section pp. 43–102
APP-204252E1BCB0,SRC-3A8095B6D794,index entry Kaufman
APP-2054FBE8FDB4,SRC-72D809FB4249,text 005A; section pp. 43–102
APP-2066721BDCA0,SRC-3A8095B6D794,index entry MS1927/47
APP-2091E93A5E91,SRC-72D809FB4249,text 021A; section pp. 43–102
APP-20A761F1C80D,SRC-3A8095B6D794,index entry Mous156
APP-20D486CFEAB9,SRC-73C44B143A9D,"p. 155, distribution table, CAMIB 71"
APP-20E0748C6F9E,SRC-790D28CDD890,object W_1851-1009-101
APP-20EFA7C72696,SRC-C54888E36130,MS 2053/196 context: MS 2053/24
APP-21406850740B,SRC-C34EA7722F42,Penn web object 225261
APP-214770C52DE5,SRC-3AC6C3776969,MMS 997008712548305171
APP-215C064CF1BC,SRC-756FA4A26B5C,Penn web object 254819
APP-21660B0E7688,SRC-3A8095B6D794,index entry Mous123
APP-21952FFF03F7,SRC-72D809FB4249,text 026A; section pp. 43–102
APP-21BFE9C13933,SRC-3A8095B6D794,index entry MS2053/237
APP-21E180B4464E,SRC-0F8B82A71EC7,19 September 2025; Barnebys mx2DTW9-621490181
APP-21ED174FF5BD,SRC-296BF5E4B353,Penn web object 277833
APP-21FFAC396595,SRC-3A8095B6D794,index entry MS1927/61
APP-222C9419A700,SRC-6BA7308804FF,dc00000833
APP-2272B8690D07,SRC-3A8095B6D794,index entry BM004A
APP-229787075F99,SRC-73C44B143A9D,"p. 162, distribution table, Shaked 2015: 109-110"
APP-22D666BBEB09,SRC-B65DDE4B6FCE,Penn web object 222028
APP-22D9324E117C,SRC-73C44B143A9D,"p. 155, distribution table, M 117"
APP-22F232B516B2,SRC-9D5AF084582B,MMS 997008712408805171
APP-23366DFFB378,SRC-2349DCC5FC9C,Penn web object 199042
APP-23564D601E8A,SRC-3A8095B6D794,index entry AMBB3
APP-23B74BE85EAD,SRC-73C44B143A9D,"p. 155, distribution table, M 155"
APP-23C2C6602092,SRC-72D809FB4249,text 140Ps; section pp. 150–162
APP-24268BB09C5A,SRC-FC095519D7D0,MMS 997008712403605171
APP-24399D0AC11F,SRC-3A8095B6D794,index entry AIT21
APP-247733359FA3,SRC-5E9C0E6CB79F,Penn web object 160253
APP-247BCFEB5699,SRC-3D4B57D27A24,Related objects: 1980-0415-27
APP-2487D9AA6159,SRC-3D4B57D27A24,Related objects: 1980-0415-14
APP-24BFA2C91F7E,SRC-943673B56FB8,"p. 323, item 13"
APP-24C29BEDE899,SRC-6D313A7AA389,"p. 2, item 39"
APP-24E5C63A736E,SRC-72D809FB4249,text 059A; section pp. 43–102
APP-25026EC11CD9,SRC-CB9AA5B27DA9,MMS 997008712394705171
APP-251841C5B4E3,SRC-72D809FB4249,text 067A; section pp. 43–102
APP-2534C260CF81,SRC-533244D3E589,Penn web object 310933
APP-2546206FB1F0,SRC-A90AB34CA3FE,"p. 102, table 6, NFP 6 and note 413"
APP-2549EEE46FB0,SRC-3A8095B6D794,index entry AIT24
APP-25C4A2333B26,SRC-3A8095B6D794,index entry BM049A
APP-264523209F8E,SRC-48B63941459A,MMS 997008712409905171
APP-26608CF21AEE,SRC-3A8095B6D794,index entry Gor51A
APP-267781D9560B,SRC-F09573688FD1,abstract; object 108–S
APP-267A14BFBF35,SRC-F20148C5DA92,"lot 273, fragment 2 of 5"
APP-26A0C881EB62,SRC-B07506C4C68D,Penn web object 237590
APP-26AC5C4B10FA,SRC-BDDF7C1BBEDA,Penn web object 120271
APP-26CCDF9DA293,SRC-292E3E15363B,MS 1911/2
APP-26F00D3DC51E,SRC-C54888E36130,MS 2053/196 context: MS 2053/7
APP-26F2444419B9,SRC-3D4B57D27A24,Related objects: 1880-1112-1964
APP-271AE0885147,SRC-3A8095B6D794,index entry Ellis7
APP-2721627CCBB1,SRC-72B16EB72E00,MMS 997008712408005171
APP-275B37BA6902,SRC-73C44B143A9D,"p. 158, distribution table, JBA 103"
APP-279C27F275C2,SRC-943673B56FB8,"p. 324, item 20"
APP-27B8CF14972B,SRC-D018E60187B4,Penn web object 191681
APP-27BF087F6922,SRC-4D70F2E22F3B,Penn web object 332043
APP-27CC88416E16,SRC-3A8095B6D794,index entry AIT19
APP-27E88902A4B6,SRC-3D4B57D27A24,Related objects: 1881-0714-12
APP-2852955A522A,SRC-C54888E36130,MS 2053/196 context: MS 2053/246
APP-287D654BC5A2,SRC-73C44B143A9D,"p. 157, distribution table, JBA 65"
APP-28C859F2C280,SRC-73C44B143A9D,"p. 158, distribution table, JBA 104"
APP-28F073F66DD5,SRC-3A8095B6D794,index entry Gor10
APP-28FC25AE74B6,SRC-3A8095B6D794,index entry BM030A
APP-29511847A675,SRC-3D4B57D27A24,Related objects: 1911-0408-49
APP-29718487730E,SRC-3D4B57D27A24,Related objects: 1881-0714-2
APP-299EA81CCFE7,SRC-9D292A182A36,MMS 997008712399105171
APP-29A28BE3EABB,SRC-C91C9977E144,Penn web object 102194
APP-29FA584826C9,SRC-4DAE5E57BB1D,Penn web object 325645
APP-2A392420072E,SRC-73C44B143A9D,"p. 157, distribution table, JBA 10"
APP-2A59F50295D2,SRC-D94E4E0AD015,MMS 997008712401305171
APP-2A821431B5F8,SRC-3D4B57D27A24,Related objects: 1881-0714-7
APP-2A846B94CDCF,SRC-82FD18CB6C4C,MMS 997008712545505171
APP-2A8A4134889F,SRC-943673B56FB8,"p. 324, item 24"
APP-2AD22005DF4D,SRC-3B11D8C4C4A5,dc00001095
APP-2AF6E3903684,SRC-73C44B143A9D,"p. 156, distribution table, VA 2484"
APP-2B266FA0CF4F,SRC-130E5CC7BE14,MMS 997008712398905171
APP-2B48310B303C,SRC-3A8095B6D794,index entry MS2053/123
APP-2B8886041913,SRC-4489E2811D65,Penn web object 311845
APP-2B9677083623,SRC-BCC98AAE8C40,article: bowl 4 of seven-object Klagsbald donation
APP-2BA6E4169C43,SRC-3A8095B6D794,index entry MS2053/86
APP-2BAE17DF2CE7,SRC-3A8095B6D794,index entry BM043A
APP-2BD1678F6C97,SRC-3D4B57D27A24,Related objects: 1851-1009-101
APP-2BFF5ACF4BBC,SRC-D2482299BAC7,paragraph 3 and object metadata: YBC 2359
APP-2C3BACD70D59,SRC-6D313A7AA389,"p. 1, item 16"
APP-2C88E85AE745,SRC-72D809FB4249,text 086M; section pp. 103–146
APP-2C98C28EE5F8,SRC-4B0CEB2BE96C,"lot 58, larger fragment"
APP-2CBAF8C31699,SRC-3A8095B6D794,index entry MS2053/206
APP-2CD8194E6258,SRC-DF63085B819C,Penn web object 144684
APP-2CDA1DE38914,SRC-3A8095B6D794,index entry GelD
APP-2CEFFFE82787,SRC-3A8095B6D794,index entry BM012A
APP-2D113A8582F0,SRC-A90AB34CA3FE,"p. 105, note 434"
APP-2D3F93060CEA,SRC-D0719FDE1C1E,MMS 997008712395005171
APP-2D643E89BEEE,SRC-3D4B57D27A24,Related objects: 1980-0415-3
APP-2D6BC2F1C41A,SRC-EA31BF5F4DAE,Penn web object 320170
APP-2D7115921FF8,SRC-72D809FB4249,text 002A; section pp. 43–102
APP-2D753B6C2EB1,SRC-FCFB8F2D8D96,Penn web object 288383
APP-2E1879EFC951,SRC-7C6EE65D44A4,Penn web object 279621
APP-2E274B967FE1,SRC-C2F92EEA870B,object W_1880-1112-1963
APP-2E535D54813D,SRC-73C44B143A9D,"p. 155, distribution table, M 102"
APP-2E7917503759,SRC-72D809FB4249,text 103M; section pp. 103–146
APP-2E849D9CB83B,SRC-F9F85D27F191,MMS 997008712407805171
APP-2E8BAAB978DB,SRC-0D5A017F426B,bowl BOR
APP-2EB56C00D0F9,SRC-3A8095B6D794,index entry AIT3
APP-2ECFEFEDDBC0,SRC-2224B0D9093F,Met object 322404
APP-2F23CE69189E,SRC-D3B57299DA0C,Penn web object 223709
APP-2F9A8625339E,SRC-6D313A7AA389,"p. 2, item 40"
APP-2FEA816D5D02,SRC-3A8095B6D794,index entry Ellis4
APP-2FFE055F1E8E,SRC-17A7CA53F7DB,article object
APP-3002B32D5575,SRC-3A8095B6D794,index entry FWG
APP-30050816E159,SRC-72D809FB4249,text 071A; section pp. 43–102
APP-30CEE8EA10BD,SRC-3D4B57D27A24,Related objects: 1911-0408-50
APP-30F6B9E09C0E,SRC-3B45D352EBFC,DDB item T4U6BPHOZYQQAUXABQH67R3ZNFHY55NX
APP-311A574D3616,SRC-EB27DA285DC5,"bowl S-448, especially pp. 300–302"
APP-3126B58BCEBD,SRC-943673B56FB8,"p. 322, item 11"
APP-31686A1FF9D3,SRC-539BB677443B,"DA 5, second Mandaean bowl"
APP-3203E3C5B856,SRC-433FE9C26B38,Penn web object 256456
APP-320CAB8E2027,SRC-A4EF037CBA76,dc00000866
APP-3302005ACE18,SRC-72D809FB4249,text 072A; section pp. 43–102
APP-334592405171,SRC-F5FD4D31B37A,MMS 997008712395905171
APP-33602B2F5C5E,SRC-BA1BE9814566,Penn web object 50872
APP-337452B56C89,SRC-BE76DD94C1E9,Penn web object 333539
APP-33B63FB608C9,SRC-3A8095B6D794,index entry AIT12
APP-33CD14502CC8,SRC-3A8095B6D794,index entry CAIB64
APP-33DF1674340C,SRC-8E067C28E5A9,Penn web object 156153
APP-33E16F8D7545,SRC-4076DEE75C61,MMS 997008712408605171
APP-33E2266E6750,SRC-73C44B143A9D,"p. 154, distribution table, Isbell 24"
APP-33E9573E9A13,SRC-B6042669D993,MMS 997008712548205171
APP-341591DA5198,SRC-72D809FB4249,text 053A; section pp. 43–102
APP-34990F5F387A,SRC-72D809FB4249,text 139Ps; section pp. 150–162
APP-34A84CF6A1FA,SRC-A9360C4ED277,Penn web object 198331
APP-34BFEA441E57,SRC-B6DFFED94536,Penn web object 270210
APP-34CB146A7158,SRC-FFAB3848F559,MMS 997008712404005171
APP-34E831A424CD,SRC-72D809FB4249,text 018A; section pp. 43–102
APP-3564EBCCB399,SRC-72D809FB4249,text 035A; section pp. 43–102
APP-358105C474D0,SRC-3A8095B6D794,index entry CAIB70
APP-358B55A3E1F4,SRC-D954931E2792,Penn web object 254164
APP-358D05B83B0C,SRC-86094B7B5D39,MMS 997008712408705171
APP-35B4022F9098,SRC-3D4B57D27A24,Related objects: 1914-0404-3252
APP-35B52766E381,SRC-73C44B143A9D,"p. 161, distribution table, T 28001"
APP-35DE012D253E,SRC-C54888E36130,MS 2053/196 context: MS 1927/18
APP-35EF93405BAE,SRC-3A8095B6D794,index entry MS2053/64
APP-362813077362,SRC-9EE856E168F9,Penn web object 137208
APP-36314627FD66,SRC-3A8095B6D794,index entry AMBB5
APP-363B9CACDE22,SRC-EBF76D62E26E,Penn web object 330994
APP-3692B8AB087B,SRC-F5FF2B133C4D,MMS 997008712401105171
APP-369BE40CCB60,SRC-72D809FB4249,text 101M; section pp. 103–146
APP-36A16D514E66,SRC-72D809FB4249,text 102M; section pp. 103–146
APP-36B8416EC3FC,SRC-73C44B143A9D,"p. 153, distribution table, Isbell 09"
APP-36BFB36C97ED,SRC-3D4B57D27A24,Related objects: 1886-0109-13
APP-3702B1399B5D,SRC-F23AC44C9882,Penn web object 617
APP-372B7AE56B8D,SRC-0D8C4983AED9,bowl MFL 10895
APP-372EAEA39EC8,SRC-305EE21263F2,Penn web object 188705
APP-3737DB96B2F7,SRC-A90AB34CA3FE,"p. 134, note 546; designation JNF 188"
APP-3755AF0F48D4,SRC-3A8095B6D794,index entry Mous138
APP-375E3E880714,SRC-390194A0629F,MMS 997008712399505171
APP-386658B547AA,SRC-3A8095B6D794,index entry BM059A
APP-386F31A6942D,SRC-1CFCA1D5EACA,MMS 997008712397505171
APP-38D4384EB58A,SRC-3A8095B6D794,index entry GorG
APP-390733C60715,SRC-134B12FB133A,MMS 997008712405605171
APP-392B097E433F,SRC-3A8095B6D794,index entry MS2053/249
APP-392B2FE40CCF,SRC-BCC98AAE8C40,article: bowl 2 of seven-object Klagsbald donation
APP-39FE53A02EE0,SRC-73C44B143A9D,"p. 160, distribution table, MS 1927/2"
APP-3A296C51F843,SRC-5701CCD26A7E,Penn web object 326671
APP-3A9994BA4D52,SRC-EB27DA285DC5,"bowl S-442, pp. 283–316"
APP-3AA587FAD1A4,SRC-ADE6F4D6FBB6,MMS 997008712546805171
APP-3AF945249EAA,SRC-805E0E81051E,MMS 997008712409705171
APP-3B18143493DB,SRC-C54888E36130,MS 2053/196 context: MS 2053/243
APP-3B69EBA57754,SRC-E7EEBC8FD486,Penn web object 204381
APP-3B841B0230F6,SRC-3D4B57D27A24,Related objects: 1881-0714-10
APP-3B93FD2BBF4B,SRC-F9AF1A2B801F,Penn web object 34750
APP-3BC28F654AE0,SRC-3D4B57D27A24,Related objects: 1914-0214-46
APP-3BF638A3EFEC,SRC-72D809FB4249,text 124Ps; section pp. 150–162
APP-3C0552778351,SRC-72D809FB4249,text 003A; section pp. 43–102
APP-3C113910F6E9,SRC-CA4B122C5F4D,"NLI Ms. Heb. 9467.163, pp. 105–134"
APP-3C450513FD9E,SRC-F20148C5DA92,"lot 273, fragment 5 of 5"
APP-3C671F1C7320,SRC-3A8095B6D794,index entry MS2053/273
APP-3C683E97C1FC,SRC-A90AB34CA3FE,"p. 102, table 6, NFP 2"
APP-3C92463B3B71,SRC-73C44B143A9D,"p. 153, distribution table, Isbell 10"
APP-3CC14AAE3F82,SRC-6D313A7AA389,"p. 2, item 30"
APP-3CC487A8B72E,SRC-62A4522F2585,"lot 1419, object 3 (right)"
APP-3CC7DCD15C99,SRC-6C3666635D28,Penn web object 324269
APP-3CC9E9730B24,SRC-72D809FB4249,text 052A; section pp. 43–102
APP-3CCAD19F331F,SRC-077A37E87487,object W_1980-0415-1
APP-3CEF48C8E54D,SRC-5AC7A3C663BC,Penn web object 149566
APP-3CF3C5316A57,SRC-73C44B143A9D,"p. 156, distribution table, JBA 03"
APP-3D0627A59FC5,SRC-3D4B57D27A24,Related objects: 1841-0726-90_1
APP-3D2093F9711D,SRC-BCBAFEAC30C4,MMS 997008712400305171
APP-3D2EAF00406D,SRC-73C44B143A9D,"p. 160, distribution table, S-446"
APP-3D3F7831BCAA,SRC-6D313A7AA389,"p. 1, item 10"
APP-3D4395B921EF,SRC-72D809FB4249,text 015A; section pp. 43–102
APP-3DC0EF4DEE7B,SRC-CEF9579585E3,"8 August 2022, lot 60577753"
APP-3DC121D5A26A,SRC-72D809FB4249,text 112M; section pp. 103–146
APP-3DF7136A648F,SRC-E9B37D7AB940,Penn web object 84603
APP-3E07F702E60D,SRC-3A8095B6D794,index entry BM068A
APP-3E0FF12B57E7,SRC-3A8095B6D794,index entry MS2053/185
APP-3E25791225E5,SRC-FF4308945F0F,pp. 79–81
APP-3E839CB26EBA,SRC-0ED4935B6606,dc00001093
APP-3EAD8C7E7E10,SRC-B6CEC7A8F00B,"Auction 69, Bidspirit record 87924"
APP-3EE88C259102,SRC-3D4B57D27A24,Related objects: 1914-0214-47
APP-3EF5F60966FD,SRC-3A8095B6D794,index entry BM1957-9-25.1
APP-3F15F3863A94,SRC-3D4B57D27A24,Related objects: 1911-0408-48
APP-3F31C6F6DB94,SRC-72D809FB4249,text 048A; section pp. 43–102
APP-3F32AE699EFD,SRC-C54888E36130,MS 2053/196 context: MS 2053/223
APP-3F3310BD4484,SRC-72D809FB4249,text 078M; section pp. 103–146
APP-3F59C4722C04,SRC-3A8095B6D794,index entry MS2053/150
APP-3FF8CF12882F,SRC-A2CAB79ACA79,dc00001098
APP-402527C6CA91,SRC-72D809FB4249,text 061A; section pp. 43–102
APP-4039A8F67922,SRC-E727BD1F6B73,DOI 10.25549/inscriptifact-ouc15260334
APP-407F214CFFE8,SRC-72D809FB4249,text 060A; section pp. 43–102
APP-409D171E57B1,SRC-72D809FB4249,text 009A; section pp. 43–102
APP-40BF3971465A,SRC-3A8095B6D794,index entry Mous107
APP-40D316FED3A1,SRC-6D313A7AA389,"p. 1, item 2"
APP-40E14DC77532,SRC-72D809FB4249,text 096M; section pp. 103–146
APP-411ECF92759A,SRC-C54888E36130,Schøyen record MS 2053/196
APP-4121C3AD5DD6,SRC-29C91A678076,Penn web object 168965
APP-41243167F927,SRC-A84A167A5779,pp. 242–246
APP-4129239F964C,SRC-3A8095B6D794,index entry Gor3
APP-41311AEE9E02,SRC-3D4B57D27A24,Related objects: N-1560
APP-413B91F81268,SRC-6AE1D2F1E16E,illustrated object S-444
APP-415278D738AF,SRC-EC32A6CBE741,MMS 997008712547805171
APP-41539B2F0516,SRC-1EE58A703971,bowl BM 91715
APP-417C99DA3B47,SRC-2471CE31E5D9,"pp. 139–147, figs. 2 and 4"
APP-41EAE7074664,SRC-3A8095B6D794,index entry BM056A
APP-41EDCE8B110F,SRC-73C44B143A9D,"p. 157, distribution table, JBA 56"
APP-425F0C3C5E10,SRC-FC77989995C8,"catalogue p. 92, lot 440; image p. 93"
APP-4272D52C85B4,SRC-73C44B143A9D,"p. 159, distribution table, M 4"
APP-4285B3DEAC47,SRC-73C44B143A9D,"p. 154, distribution table, Isbell 33"
APP-429A4B95D41E,SRC-3A8095B6D794,index entry AMBB8
APP-42AD969982B5,SRC-A90AB34CA3FE,"p. 106, note 435"
APP-42B2FCFE6AAB,SRC-3A8095B6D794,index entry MS2053/257
APP-42B9DF06F707,SRC-6F1648776C5D,Penn web object 67146
APP-42BFB953EEF4,SRC-3D4B57D27A24,Related objects: 1881-0714-3
APP-42CF9FD6D46E,SRC-6AA8AE0B4D4D,MMS 997008712544405171
APP-43098D61BBC0,SRC-3848F0A07B43,object W_1880-1112-1964
APP-433724133E47,SRC-78DC3B5775D7,MMS 997008712546405171
APP-43413A3F8BB9,SRC-3D4B57D27A24,Related objects: 1886-0109-2
APP-43706508490E,SRC-6A9CA8180B69,MMS 997008712399905171
APP-43840D18D530,SRC-3D4B57D27A24,Related objects: 1914-0214-50
APP-438DDE9F3E25,SRC-943673B56FB8,"p. 322, item 10"
APP-43C740637FFE,SRC-F09573688FD1,abstract; object 627–S
APP-43D39AE65D4B,SRC-3A8095B6D794,index entry Mous59
APP-440B880E12A1,SRC-9FAFD9EC4C6E,Penn web object 226635
APP-441C39DA599F,SRC-3A8095B6D794,index entry BM007A
APP-4430F77DCBFB,SRC-72D809FB4249,text 037A; section pp. 43–102
APP-44C4B2C6FD7D,SRC-3A8095B6D794,index entry BM038A
APP-451A1C2A9406,SRC-539BB677443B,"DA 4, first Mandaean bowl"
APP-456826C740E9,SRC-F724A8B2B2B5,MMS 997008712403805171
APP-45692670B4B8,SRC-6181E1924D9F,Penn web object 275285
APP-457559F67895,SRC-72D809FB4249,text 095M; section pp. 103–146
APP-45BB2445379B,SRC-3A8095B6D794,index entry MS2053/280
APP-45EE4DA318FD,SRC-A90AB34CA3FE,"p. 102, table 6, NFP 7 and note 414"
APP-46016E609DAC,SRC-3AFA40D331F9,Penn web object 265281
APP-460794D516DC,SRC-76FA11AF1EDE,MMS 997008712545805171
APP-464F2C1F4007,SRC-CFD877FFC7B9,MMS 997008712407605171
APP-4658E822A5E4,SRC-3A8095B6D794,index entry BM014A
APP-467F600642B8,SRC-71F6B506CE96,object W_1883-0118-AH-2601
APP-4681969C4365,SRC-72D809FB4249,text 120SY; section pp. 147–149
APP-4682105E1363,SRC-73C44B143A9D,"p. 161, distribution table, VA 3853"
APP-46895F6F23DD,SRC-6D313A7AA389,"p. 2, item 29"
APP-46A2BBC0B58A,SRC-3A8095B6D794,index entry BM022A
APP-471E3718F2DA,SRC-CDD81DFDF1FC,Penn web object 270745
APP-472DBA57848E,SRC-73C44B143A9D,"p. 155, distribution table, M 123"
APP-47465C45666A,SRC-3D4B57D27A24,Related objects: 1974-1209-2
APP-4750F5462AB1,SRC-3A8095B6D794,index entry MS2053/13
APP-47581DB60704,SRC-9648B800DB11,MMS 997008712548605171
APP-4798877C1F24,SRC-3A8095B6D794,index entry MS2053/231
APP-47A1492AEEC2,SRC-73C44B143A9D,"p. 154, distribution table, Isbell 50"
APP-47AB03E24B3E,SRC-3D4B57D27A24,Related objects: 1911-0408-47
APP-47C67CF02904,SRC-73C44B143A9D,"p. 161, distribution table, VA 3854"
APP-4840EEC888BB,SRC-AFDBED16E322,"p. 38, object KM 19504"
APP-4872D4C842A6,SRC-095962E3A0BB,Penn web object 284511
APP-488B2573211B,SRC-99B4DABF5368,MMS 997008712400505171
APP-488F760CF16F,SRC-9B1A9F3DFDD9,MMS 997008712401605171
APP-48AA47691217,SRC-3A8095B6D794,index entry DMb
APP-48D9D0924E16,SRC-BA3B66DE4490,Penn web object 80402
APP-492123FA8903,SRC-3A8095B6D794,index entry MSFB21
APP-4925B388D967,SRC-A180AB5C85FF,Smithsonian record nmnhanthropology_8046133
APP-495C64B08E66,SRC-339D358761D2,object W_1957-0925-1
APP-4991BDD92C1C,SRC-538B9693942C,Penn web object 271794
APP-49C686AFBC6E,SRC-943673B56FB8,"p. 324, item 23"
APP-49D9DF3B2B73,SRC-4071AE0F749A,pp. 215–230; newly published Davidovitz Collection bowl
APP-49FA5DD66DDE,SRC-7C7C417359C9,MMS 997008712407405171
APP-4A2EF57ABAF6,SRC-5738F04D3B6E,Penn web object 166400
APP-4A6378CA9D1D,SRC-3D4B57D27A24,Related objects: 1974-1209-3
APP-4A6498F53223,SRC-3D4B57D27A24,Related objects: 1980-0415-31-m
APP-4A9C6F87DD37,SRC-1F52948F96BC,registration A33980; accession 3633
APP-4AA3791AA599,SRC-455442AA727F,Artefact of the Month 26; IsIAO 5206
APP-4AB9486E827E,SRC-3A8095B6D794,index entry AIT13
APP-4AD38A8F17D0,SRC-6D313A7AA389,"p. 2, item 28"
APP-4AE39C00CB03,SRC-DA1288CA9874,Penn web object 17299
APP-4B14C922B155,SRC-0A0B34FCB8C4,MMS 997008712547305171
APP-4B70CD75CDA1,SRC-0BFD41B92D25,Penn web object 193276
APP-4B7514C0ADC4,SRC-73C44B143A9D,"p. 158, distribution table, HS 3005"
APP-4B77DB95D6F7,SRC-05619C73E4FD,dc00001097
APP-4B7AEF6598E0,SRC-73C44B143A9D,"p. 159, distribution table, IM 212092"
APP-4B7FE97F44CF,SRC-3A8095B6D794,index entry AMBB12a
APP-4BA3E0311787,SRC-C98D8598819D,object W_1851-1009-99
APP-4BBC20E93FFF,SRC-85BD313987E5,iCollector record 20562699; item MCG00069
APP-4BC99017331D,SRC-0CAE1EF4AE7B,Penn web object 290797
APP-4C202597CD63,SRC-5C78BBC82960,Penn web object 86242
APP-4C84678D2412,SRC-3A8095B6D794,index entry BM019A
APP-4C89E9573B02,SRC-3A8095B6D794,index entry MS2053/79
APP-4D6A633D2971,SRC-DC3E2CFAE157,Penn web object 332921
APP-4DAE86B29FB1,SRC-6D313A7AA389,"p. 2, item 25"
APP-4DCBAC4DDD74,SRC-898354D07BF9,MMS 997008712403705171
APP-4DF36EF48E6A,SRC-3D4B57D27A24,Related objects: 1886-0109-16
APP-4E130230B411,SRC-F7F68B42D30F,Penn web object 79917
APP-4E44F368E3F0,SRC-8D6EF06C7096,Penn web object 316265
APP-4E498DE386E0,SRC-72D809FB4249,text 097M; section pp. 103–146
APP-4E5D696EA174,SRC-73C44B143A9D,"p. 154, distribution table, AMB 12a"
APP-4E5DF09E052A,SRC-55715D7F988A,Penn web object 165546
APP-4E60D8FA902C,SRC-3A8095B6D794,index entry AIT9
APP-4E642005BF08,SRC-3A8095B6D794,index entry MS1927/8
APP-4E72BA5B18E6,SRC-3A8095B6D794,index entry MS2053/258
APP-4E84B16A4E89,SRC-72D809FB4249,text 108M; section pp. 103–146
APP-4EC1CCDB69AE,SRC-3D4B57D27A24,Related objects: 1980-0415-8
APP-4EDEC6929327,SRC-9281A3F0294E,MMS 997008712404205171
APP-4EF4C856E922,SRC-3A8095B6D794,index entry MSFB18
APP-4F23946DDAD2,SRC-75EA53A29C14,Penn web object 224217
APP-4F258657FA38,SRC-73C44B143A9D,"p. 158, distribution table, JBA 90"
APP-4F5F8A4DB18C,SRC-8E416F453608,DOI 10.25549/inscriptifact-ouc110214183
APP-4F7DF76630F2,SRC-3A8095B6D794,index entry AMBB4
APP-4F9BB3820CAF,SRC-3A8095B6D794,index entry MNdAO2
APP-4FFF75D9A697,SRC-8F85777A6AC7,MMS 997008712407105171
APP-5021BB7DBCDF,SRC-5355C069886E,MMS 997008712547205171
APP-5025D8C2DAC3,SRC-67E04A92F7ED,MMS 997008712405305171
APP-502B28A3176F,SRC-3D4B57D27A24,Related objects: 1883-0413-1
APP-502F27D3A0A4,SRC-319EC4AD733E,MMS 997008712405205171
APP-502F998AC4DD,SRC-73C44B143A9D,"p. 158, distribution table, JBA 113"
APP-504AE9B366C6,SRC-3D4B57D27A24,Related objects: 1914-0404-3253
APP-505877BB511D,SRC-244417C8D483,Penn web object 333538
APP-508069A1CD9A,SRC-3A8095B6D794,index entry ABD
APP-50A16A9BC7CF,SRC-3D4B57D27A24,Related objects: 1980-0415-11
APP-50B3D66A0198,SRC-72D809FB4249,text 075A; section pp. 43–102
APP-50D0A4C4BDFF,SRC-53453CB4041A,Penn web object 109436
APP-50DC4991C543,SRC-3A8095B6D794,index entry BM066A
APP-50F1D0BE8FA1,SRC-3D4B57D27A24,Related objects: 1886-0109-11
APP-51480337A414,SRC-3A8095B6D794,index entry MSFB22
APP-516A5AD47944,SRC-24B0EC105BC9,"text 1, pp. 194–198; Christie’s lot 348"
APP-518D9C8286C4,SRC-DAB04ADFD27F,Penn web object 238748
APP-51B83479C3D8,SRC-73C44B143A9D,"p. 160, distribution table, S-448"
APP-51D37AA36175,SRC-73C44B143A9D,"p. 159, distribution table, Aaron E"
APP-52065091D8CC,SRC-3D4B57D27A24,Related objects: 1886-0109-6
APP-524C1087789B,SRC-7B803E3973EE,ObjID 1743770
APP-5276524B49C5,SRC-3A8095B6D794,index entry BM062A
APP-52896F54DAAB,SRC-72D809FB4249,text 080M; section pp. 103–146
APP-52CDA76A5594,SRC-016BB1B186B2,MMS 997008712399305171
APP-537F22FB46A7,SRC-3A8095B6D794,index entry AIT15
APP-53E4CE2CFED4,SRC-2AB386E77F55,MMS 997008712545005171
APP-53EC3D94895B,SRC-EAE1F2F2F522,Penn web object 283813
APP-544311637502,SRC-2168D49A8168,"p. 71, caption: incantation bowl no. 139"
APP-548BAC86F38E,SRC-3D4B57D27A24,Related objects: 1851-1009-102
APP-549C8C501C45,SRC-73C44B143A9D,"p. 160, distribution table, MS 2053/7"
APP-54BC652A3DFA,SRC-3B1501581C61,ObjID 1743776
APP-5500BE260D60,SRC-73C44B143A9D,"p. 158, distribution table, JBA 114"
APP-551E50C3D79C,SRC-24DD1B6CC031,MMS 997008712406705171
APP-55634CE4759B,SRC-E94437DF5962,"Auction 32, lot 154"
APP-5581E483FC76,SRC-73C44B143A9D,"p. 161, distribution table, C10-116"
APP-55A99AF1A985,SRC-3A8095B6D794,index entry BM013A
APP-5627C3DAC9F1,SRC-6D313A7AA389,"p. 1, item 15"
APP-563B4620ACF1,SRC-E6A21F75ED17,Penn web object 3828
APP-563C2BC0F494,SRC-46B8FF1A7ABD,Penn web object 134019
APP-566A02D777F4,SRC-3A8095B6D794,index entry BM006A
APP-567110EA98C6,SRC-3A8095B6D794,index entry Myhrman
APP-5697C73F558C,SRC-3A8095B6D794,index entry VA3854
APP-5773C9060CC6,SRC-8052C7DFFEEC,Penn web object 136917
APP-577655CAB509,SRC-C628D3B5E8F9,18N97 / Iraq Museum 114986
APP-5787F58B3577,SRC-3D4B57D27A24,Related objects: 1881-0714-11
APP-578FAC8C058D,SRC-16E6FD74D61C,"project page, bowl 3 of 4"
APP-57968167EB3C,SRC-863F759FA35B,Penn web object 135415
APP-57B81ABDD178,SRC-50FCA2CFA614,MMS 997008712397905171
APP-57D376738E9A,SRC-58DF8DE7160F,Penn web object 327754
APP-580DE955A260,SRC-B5ED0698C76C,Penn web object 206952
APP-582705B1527C,SRC-C402D951B97E,MMS 997008712395505171
APP-582E617C6AE9,SRC-73C44B143A9D,"p. 158, distribution table, JBA 101"
APP-58AD25485350,SRC-3A8095B6D794,index entry IM49972
APP-5903212CD373,SRC-1197DC220F81,Penn web object 293964
APP-59230F05A570,SRC-73C44B143A9D,"p. 154, distribution table, Isbell 66"
APP-595A7773A4BE,SRC-3D4B57D27A24,Related objects: 1885-1209-1
APP-5997DE3A54E2,SRC-3A8095B6D794,index entry BM005A
APP-59A1B2C25893,SRC-677DE1B86161,Penn web object 260717
APP-59A77F874DE0,SRC-3A8095B6D794,index entry GorH
APP-59AB12E4294E,SRC-3C09380321B1,Penn web object 323749
APP-59B5DCB529BD,SRC-3A8095B6D794,index entry MS2053/209
APP-59DEAF551158,SRC-3D4B57D27A24,Related objects: 1980-0415-13
APP-59E26141341C,SRC-C54888E36130,MS 2053/196 context: MS 2053/176
APP-5A7593FBFE48,SRC-BA7AEA03AE5F,object W_1872-1231-1
APP-5A88062588C0,SRC-3A8095B6D794,index entry BM042A
APP-5AE565E13DB9,SRC-0C4F68A28B03,Penn web object 68949
APP-5AF5B5611FC5,SRC-73C44B143A9D,"p. 156, distribution table, VA 2509"
APP-5B080DC1AC82,SRC-3D4B57D27A24,Related objects: 1883-0118-AH-2601
APP-5B125AE1E9A0,SRC-3D4B57D27A24,Related objects: 1980-0415-31-g
APP-5B1282D19BE5,SRC-73C44B143A9D,"p. 159, distribution table, IM 9736"
APP-5B13E459D9F4,SRC-3D4B57D27A24,Related objects: 1851-1009-99
APP-5B2BF425A89D,SRC-CA028E12B1F7,Penn web object 90904
APP-5B597B0B4236,SRC-C54888E36130,MS 2053/196 context: MS 2053/195
APP-5B63866A5248,SRC-72D809FB4249,text 088M; section pp. 103–146
APP-5B79A8BEF428,SRC-1A1CA0D8975E,Penn web object 28709
APP-5B7E9C72E2AC,SRC-3A8095B6D794,index entry ABF
APP-5B8404225815,SRC-A90AB34CA3FE,"p. 102, table 6, NFP 4 and note 411"
APP-5B88FEA2E5F7,SRC-3D4B57D27A24,Related objects: 1911-0408-46
APP-5BA7E206022A,SRC-3A8095B6D794,index entry BM008A
APP-5BAD9CE2C82A,SRC-974453A73C8C,MMS 997008712407705171
APP-5BB81FB157D7,SRC-73C44B143A9D,"p. 154, distribution table, AMB 03"
APP-5BD91B8A83B5,SRC-3A8095B6D794,index entry MS1927/29
APP-5BD96AB65988,SRC-6D313A7AA389,"p. 2, item 34"
APP-5BD9FDEB95E7,SRC-F168D061C401,Incantation Bowls label: Penn B2923
APP-5BDF35BCE282,SRC-73C44B143A9D,"p. 158, distribution table, JBA 73"
APP-5BE874EF5621,SRC-72D809FB4249,text 105M; section pp. 103–146
APP-5BF828733AFE,SRC-3A8095B6D794,index entry GelC
APP-5C08FECD45BA,SRC-8D773CA2BC70,DiSKO object 2018.01.0502
APP-5C2E170AF9AA,SRC-943673B56FB8,"p. 325, item 28"
APP-5C46930055DC,SRC-C54888E36130,MS 2053/196 context: MS 2053/156
APP-5C70DA33FDFF,SRC-3A8095B6D794,index entry MS2053/250
APP-5C8FCA08A2E9,SRC-EFB44E76D7E2,MMS 997008712544105171
APP-5CEE34E7AAC0,SRC-3D4B57D27A24,Related objects: 1888-0806-11
APP-5D4BA691D8A5,SRC-0814FE138CE9,Penn web object 97097
APP-5D51A77A05C2,SRC-C0872322A931,MMS 997008712406605171
APP-5D58DA67C804,SRC-3A8095B6D794,index entry BM020A
APP-5D9BBCE663FA,SRC-3A8095B6D794,index entry MS2053/256
APP-5D9E318D69BE,SRC-3A8095B6D794,index entry BM015A
APP-5DBA33A9572A,SRC-3A8095B6D794,index entry AMBB13
APP-5E0FEF29099D,SRC-3D4B57D27A24,Related objects: 1883-0118-2602
APP-5E5568442CE6,SRC-3A8095B6D794,index entry ABB
APP-5E8A744924C6,SRC-C54888E36130,MS 2053/196 context: MS 2053/218
APP-5E91189218DB,SRC-38F30D0275FD,Penn web object 320710
APP-5EBFC1D0BC27,SRC-1D8E2B6707B0,Penn web object 305967
APP-5EC7ABE9453B,SRC-3D4B57D27A24,Related objects: 1881-0324-351
APP-5EE4E6645DFE,SRC-9CE88C12ED2A,Penn web object 166717
APP-5F03658DA5DE,SRC-4FF79FEECFC3,MMS 997008712406105171
APP-5F49079447F9,SRC-36D8E46878B8,MMS 997008712545705171
APP-5FBF903F6036,SRC-3D4B57D27A24,Related objects: 1908-1010-3
APP-5FD5A54AA26A,SRC-3A8095B6D794,index entry CAIB68
APP-60193A0D89C5,SRC-E5C2BF660801,Penn web object 172159
APP-60499107EF33,SRC-72D809FB4249,text 129Ps; section pp. 150–162
APP-6054635709B1,SRC-A90AB34CA3FE,"p. 102, table 6, NFP 5 and note 412"
APP-6085CDE44DF5,SRC-3A8095B6D794,index entry MS2053/33
APP-609521CB726E,SRC-FCF261C5597C,accession X 831; web object 5840
APP-609ACC4AA594,SRC-9D7F88975731,bowl IM 76106
APP-60E886FC45DF,SRC-2227D5AC463A,"LiveAuctioneers item 232753117, lot 1203"
APP-60ED31D1B398,SRC-5759F37E8D3E,MMS 997008712548405171
APP-60F9D92C6805,SRC-3A8095B6D794,index entry Gor2
APP-617204A95F03,SRC-73C44B143A9D,"p. 160, distribution table, MS 2053/130"
APP-61841B20C43D,SRC-72D809FB4249,text 031A; section pp. 43–102
APP-6190D8A4208C,SRC-A90AB34CA3FE,"p. 105, note 434; designation Moussaieff 11 (A/2)"
APP-61C7CD2F6AF4,SRC-3A8095B6D794,index entry Mous112
APP-61CCE653BC5D,SRC-73C44B143A9D,"p. 156, distribution table, JBA 02"
APP-6242689831C4,SRC-8BF11D5C2CDD,"6 March 2024, lot 84; Invaluable 31b41a7a0c"
APP-624405F22CEC,SRC-3D4B57D27A24,Related objects: 1980-0415-7
APP-624DD6290B5F,SRC-3A8095B6D794,index entry AIT29
APP-625BC39C40C3,SRC-72D809FB4249,text 133Ps; section pp. 150–162
APP-627087E88A56,SRC-73C44B143A9D,"p. 159, distribution table, Aaron F"
APP-62E155E152A7,SRC-41B17DE2900D,MMS 997008712400705171
APP-6304EB37DF72,SRC-29E8BB7237EE,TMA 1931.455 / KM 31455
APP-634BC98DAD5D,SRC-C08DD4B81771,MMS 997008712409105171
APP-636AF882E308,SRC-C54888E36130,MS 2053/196 context: MS 2053/1
APP-63773579BDA3,SRC-73C44B143A9D,"p. 156, distribution table, JBA 06"
APP-63AF705F83CA,SRC-1266ACD6AF22,Met object 322405
APP-63DF7EEA7024,SRC-6D313A7AA389,"p. 2, item 24"
APP-640ED46AD16A,SRC-3D4B57D27A24,Related objects: 1980-0415-31-J
APP-6434CEAE80BD,SRC-943673B56FB8,"p. 323, item 12"
APP-64750D1F48CA,SRC-36BB3396A927,lot 47; record 23199669
APP-64DA17599F84,SRC-943673B56FB8,"p. 325, item 30"
APP-650FAB957AD6,SRC-8C3D3D8BF3F2,Penn web object 59666
APP-656D046694B7,SRC-76D41F29691C,MMS 997008712398605171
APP-65A45AC2F435,SRC-2CD1B5E5420D,MMS 997008712409605171
APP-65C76DF17853,SRC-3A8095B6D794,index entry MSFB15
APP-65E570EA51DB,SRC-5B067D515306,Penn web object 70578
APP-65FDBDBC3BBE,SRC-73C44B143A9D,"p. 159, distribution table, M 5"
APP-661913202D86,SRC-3A8095B6D794,index entry BM035A
APP-66201E45DAFB,SRC-3D4B57D27A24,Related objects: 1881-0714-5
APP-664CE5481BB6,SRC-3D4B57D27A24,Related objects: 1980-0415-17
APP-665C42CC1E3E,SRC-3D4B57D27A24,Related objects: 1953-1010-16
APP-66B1DAF188ED,SRC-C54888E36130,MS 2053/196 context: MS 2053/262
APP-6790C0C7B526,SRC-D6DF11669149,Penn web object 75888
APP-67B9240F4387,SRC-C3627F15C24C,Penn web object 226862
APP-67F659E18180,SRC-3A8095B6D794,index entry YBC2393
APP-67F673206A0B,SRC-4FD8CCDCD0E5,dc00001090
APP-681E7CFAACAF,SRC-943673B56FB8,"p. 323, item 15"
APP-6890F3A17017,SRC-3D4B57D27A24,Related objects: 1886-0109-10
APP-68B1673CD327,SRC-3A8095B6D794,index entry GelA
APP-69307E2BB750,SRC-3A8095B6D794,index entry MS2053/188
APP-697D1CE9A6C9,SRC-68F0CF7A7A0D,Penn web object 213966
APP-698AE59DA175,SRC-1CAFEFE49E1B,MMS 997008712544205171
APP-699C70CB442C,SRC-3A8095B6D794,index entry CAIB69
APP-69C62883BA63,SRC-0C4E120C4D5D,MMS 997008712403105171
APP-69C67BBF5A9B,SRC-3A8095B6D794,index entry BM073A
APP-69D88D5FAE03,SRC-21417589C8F9,pp. 283–308
APP-69E0F96A8EB0,SRC-E36A3DBC391F,Penn web object 287815
APP-6A1621EFDBA5,SRC-73C44B143A9D,"p. 157, distribution table, JBA 55"
APP-6A41B80C2E51,SRC-1BB50C76BF2C,MMS 997008712396605171
APP-6A724B5FDC8C,SRC-3D4B57D27A24,Related objects: 1851-1009-98
APP-6A7FA4109E7B,SRC-72D809FB4249,text 011A; section pp. 43–102
APP-6A8E85312046,SRC-344728DC5548,DOI 10.25549/inscriptifact-ouc15259838
APP-6B5A03DD5F0D,SRC-3D4B57D27A24,Related objects: 1911-0408-45
APP-6B77E19D10EE,SRC-B66F63BA033E,Penn web object 128125
APP-6B86F003EB59,SRC-73C44B143A9D,"p. 159, distribution table, IM 114987"
APP-6B9F94379514,SRC-3A8095B6D794,index entry BM061A
APP-6C220C54C71B,SRC-3D4B57D27A24,Related objects: 1980-0415-28
APP-6C501F0581B6,SRC-73C44B143A9D,"p. 160, distribution table, MS 2053/159"
APP-6C617B3AF886,SRC-C33884C0693D,Penn web object 264466
APP-6C64BBC191D1,SRC-9D9A654A4A94,MMS 997008712395405171
APP-6CA889979B7F,SRC-72D809FB4249,text 006A; section pp. 43–102
APP-6CB6D35A063F,SRC-3A8095B6D794,index entry CAIB67
APP-6CCFA92CF710,SRC-D79B932D0350,MMS 997008712400005171
APP-6CE959E158EF,SRC-3A8095B6D794,index entry Mous163
APP-6D0A105D1CBC,SRC-3A8095B6D794,index entry MSFB24
APP-6D2B1937E59C,SRC-8E2DACBA5AC1,Penn web object 97562
APP-6D3CC04B2114,SRC-FA220943A803,"lot 1200, object 1 of 3"
APP-6D6937AC0EC4,SRC-73C44B143A9D,"p. 156, distribution table, JBA 08"
APP-6E254A0BB61A,SRC-3A8095B6D794,index entry Mous101
APP-6E2D903E41A4,SRC-3A8095B6D794,index entry BM040A
APP-6E4B50C9AF16,SRC-C4AD9F24411E,Penn web object 56707
APP-6EC56FE00B79,SRC-73C44B143A9D,"p. 155, distribution table, CAMIB 43"
APP-6EE644944D79,SRC-3A8095B6D794,index entry Mor1
APP-6F4B01B0F46F,SRC-F611FA1D3950,MMS 997008712407205171
APP-6F765ECE10D2,SRC-0143DF58AF23,Penn web object 68943
APP-6F9C55483929,SRC-3A8095B6D794,index entry Gor7
APP-6FC8AC71DF79,SRC-02623DB1658A,Penn web object 87498
APP-6FCE676AD172,SRC-73C44B143A9D,"p. 159, distribution table, HS 3027"
APP-6FE96AAF8F80,SRC-6D313A7AA389,"p. 2, item 41"
APP-6FFCD68711C9,SRC-919E6B2FEA91,Penn web object 327632
APP-7048B679AB55,SRC-73C44B143A9D,"p. 155, distribution table, CAMIB 73"
APP-7063BDFC5A7F,SRC-3D4B57D27A24,Related objects: 1983-1002-2
APP-707B4C9741CF,SRC-C54888E36130,MS 2053/196 context: MS 2053/92
APP-70A46FC43B29,SRC-3A8095B6D794,index entry BM046A
APP-70C698572B19,SRC-16E6FD74D61C,"project page, bowl 1 of 4"
APP-70D27066BF87,SRC-24B0EC105BC9,"text 2, pp. 198–201; BM 117877"
APP-70E88B918381,SRC-F43CD7126732,MMS 997008712400905171
APP-711B1C2D4970,SRC-F5776C7FE120,MMS 997008712405105171
APP-713471166448,SRC-3D4B57D27A24,Related objects: 1980-0415-10
APP-713A0753361D,SRC-72D809FB4249,text 126Ps; section pp. 150–162
APP-71412D986652,SRC-7EF50A8BFF24,Penn web object 139925
APP-716AA32A9E92,SRC-927524F526DA,MMS 997008712402305171
APP-716FFF338AC6,SRC-F4CEF1B0DCD4,Penn web object 250839
APP-7179D44DA5C2,SRC-AB306F0110B7,title and abstract
APP-719E8C87811E,SRC-B1A37FD6D79D,stock X.0552 / record 54886
APP-71A5A2B6AFE8,SRC-AEC78404B0F5,Penn web object 127915
APP-7209447CC63E,SRC-3D4B57D27A24,Related objects: 1980-0415-31-a
APP-7235EBC791B8,SRC-D28CDCB2377E,Penn web object 272782
APP-723754A44FA2,SRC-AE3E1F2033B2,Penn web object 262518
APP-723E675114F0,SRC-72D809FB4249,text 087M; section pp. 103–146
APP-725F81CE7E71,SRC-3D4B57D27A24,Related objects: N-1692
APP-72687E0496D5,SRC-FC3EE21D1928,MMS 997008712547005171
APP-72FC34F465FB,SRC-72D809FB4249,text 023A; section pp. 43–102
APP-7312EA3D4629,SRC-C54888E36130,MS 2053/196 context: MS 2053/56
APP-7370D916097A,SRC-83A3DFDE7924,"p. 160, M24"
APP-73749C0572FE,SRC-4955445F0A7A,"Isbell bowl 23, pp. 71–72"
APP-73772AB26C85,SRC-3D4B57D27A24,Related objects: 1856-0903-1154
APP-7387FE946CA9,SRC-1B2EA0C25D31,dc00001087
APP-73C97144E364,SRC-7E06AEF259FF,MMS 997008712544605171
APP-747D7EAE8D61,SRC-325C80F69B67,MMS 997008712409205171
APP-74899C783E30,SRC-9183803B353B,Penn web object 294157
APP-74DA8D8BB7A3,SRC-3A8095B6D794,index entry MS2053/213
APP-752CCA996D69,SRC-3D4B57D27A24,Related objects: 1851-1009-96
APP-752D020DD32C,SRC-72D809FB4249,text 013A; section pp. 43–102
APP-7538DCADF50C,SRC-3A8095B6D794,index entry BM002A
APP-75EC9A490051,SRC-8FCA6E546C05,Penn web object 50874
APP-762D63E62945,SRC-94C8F3372F28,Penn web object 334210
APP-76436A9290DC,SRC-943673B56FB8,"p. 324, item 21"
APP-7646587E3F5C,SRC-83005A93C553,Penn web object 298056
APP-7650138FB1CC,SRC-3D4B57D27A24,Related objects: 1885-1209-2
APP-767F252DAD20,SRC-3A8095B6D794,index entry MS2053/242
APP-76E38CD9989E,SRC-72D809FB4249,text 014A; section pp. 43–102
APP-76EC09116092,SRC-C3CCB4D63BF3,Penn web object 273067
APP-76F9CDC4D344,SRC-73C44B143A9D,"p. 155, distribution table, M 059"
APP-777956214254,SRC-08CD8D5C9BC7,Penn web object 47350
APP-777DDACBE1CB,SRC-54EF439A3C46,MMS 997008712406305171
APP-777FD01EE7E9,SRC-3A8095B6D794,index entry C10-118
APP-77A7B963AB4C,SRC-72D809FB4249,text 138Ps; section pp. 150–162
APP-77CC2C7780AC,SRC-5C51CF0634BF,MMS 997008712405805171
APP-77D65458FDB4,SRC-469EB92E7F79,Penn web object 85195
APP-77E40C95A0B0,SRC-72D809FB4249,text 065A; section pp. 43–102
APP-77FAED699703,SRC-0B3B139F8A63,MMS 997008712402405171
APP-78025DEAFC1B,SRC-172D44EE4FF0,MMS 997008712409805171
APP-782DD7F8B14D,SRC-08AB5EF50A0D,Penn web object 312135
APP-78319A944D2E,SRC-3D4B57D27A24,Related objects: 1872-1231-1
APP-786395EB0DE0,SRC-9D818A9AF9D9,MMS 997008712396005171
APP-78ECA5E16211,SRC-943673B56FB8,"p. 322, item 7"
APP-79114E948F02,SRC-943673B56FB8,"p. 323, item 16"
APP-792469612887,SRC-A90AB34CA3FE,"p. 134, note 546; designation HS 3003"
APP-7962B769FA74,SRC-72D809FB4249,text 049A; section pp. 43–102
APP-79A71921AE52,SRC-CE4F7C4C919B,item 31.36716
APP-7A0A450636F2,SRC-72D809FB4249,text 132Ps; section pp. 150–162
APP-7A7B28062C3F,SRC-6E01F490BAF0,Penn web object 97758
APP-7AB178A52CAA,SRC-0E239F9740F6,dc00001091
APP-7AC4A6C65AD5,SRC-6D313A7AA389,"p. 1, item 18"
APP-7ADE103DA3C5,SRC-72D809FB4249,text 137Ps; section pp. 150–162
APP-7AFE986C0F6B,SRC-57594963376F,MMS 997008712396905171
APP-7AFFC1F959FA,SRC-9D328E5D571E,Penn web object 226368
APP-7B06FEAB961B,SRC-A76B96C9F741,Penn web object 4578
APP-7B0C53EFDC3F,SRC-8276911E4531,Penn web object 34145
APP-7B1F66C124BC,SRC-6D313A7AA389,"p. 1, item 1"
APP-7B672024E4A6,SRC-3D4B57D27A24,Related objects: 1914-0214-48
APP-7B798BC9A00B,SRC-9DE6760E76E4,Penn web object 104403
APP-7B8889C655DC,SRC-3A8095B6D794,index entry IM9737
APP-7BB6BD000D70,SRC-6CF62B01BA38,DOI 10.25549/inscriptifact-ouc15260339
APP-7BC982A009D6,SRC-3A8095B6D794,index entry MS2053/270
APP-7BDA929E0D7C,SRC-26EBAAB932E3,dc00001085
APP-7C0D459E8459,SRC-3A8095B6D794,index entry MS1927/45
APP-7C1AC62B1B16,SRC-943673B56FB8,"printed p. 19, bibliography item O"
APP-7C2D40A8CD6B,SRC-73C44B143A9D,"p. 160, distribution table, S-447"
APP-7C57CA72DC96,SRC-A300875F3D30,MMS 997008712405005171
APP-7C67EA5D3E05,SRC-B61FB82385EC,Penn web object 309982
APP-7C9C434AD935,SRC-D2482299BAC7,paragraph 3: YBC 2393
APP-7CA20D9EC394,SRC-3A8095B6D794,index entry BM047A
APP-7CB3BE4FCD1B,SRC-72D809FB4249,text 027A; section pp. 43–102
APP-7CB46EF38AA0,SRC-72D809FB4249,text 084M; section pp. 103–146
APP-7CB9994E04C9,SRC-0FC1E1F46934,Penn web object 279284
APP-7CE723F88F92,SRC-3A8095B6D794,index entry BM024A
APP-7CFCAD6F1A1B,SRC-25F456A40523,"pp. 323–336, bowl AC-MSEF"
APP-7D37C41DFB3A,SRC-3A8095B6D794,index entry BM052A
APP-7D441DDA7624,SRC-3A8095B6D794,index entry MS2053/12
APP-7D6E250B9BC2,SRC-6D313A7AA389,"p. 2, item 37"
APP-7D8387F38920,SRC-A5DC9FB9EBC5,MMS 997008712546305171
APP-7D86C5534D6E,SRC-43521AC02D0C,Penn web object 257049
APP-7D8D840F24A5,SRC-C2ACF825A4A5,Penn web object 69246
APP-7DED964F692F,SRC-3D4B57D27A24,Related objects: 1881-0324-350
APP-7E679F96A877,SRC-3A8095B6D794,index entry MS2053/193
APP-7E74D9760890,SRC-3D4B57D27A24,Related objects: 1932-1212-23
APP-7E921D7AA7D0,SRC-3A8095B6D794,index entry BM064A
APP-7ED508514126,SRC-57D7DC37C6A4,Penn web object 54420
APP-7F0BE70D77A9,SRC-0B9E40B67D88,Matenadaran MS 132; pp. 139–146
APP-7F301B03F0A8,SRC-73C44B143A9D,"p. 155, distribution table, M 138"
APP-7F35142A88BD,SRC-5A523D7507AE,MMS 997008712396405171
APP-7F3A393A6B6A,SRC-72D809FB4249,text 077M; section pp. 103–146
APP-7F442D32415F,SRC-943673B56FB8,"p. 326, item 40"
APP-7F50000D0E0C,SRC-3A8095B6D794,index entry MS2053/253
APP-7F6157C7CFCB,SRC-605E059DD5A2,Penn web object 159144
APP-7F72EE666DFE,SRC-61EC9872D89C,MMS 997008712406405171
APP-7F7308976797,SRC-E8D5BD16B78D,MMS 997008712403405171
APP-7FDE342A52B9,SRC-EB09D527BB22,Penn web object 188383
APP-7FE08FF26B02,SRC-A48B67BA0E61,MMS 997008712405705171
APP-7FE0F11CB3A0,SRC-47A2A679B754,dc00001096
APP-80127A3E346E,SRC-D55D69F8BD09,Wikimedia Commons photograph DSC09712
APP-802C87223FEE,SRC-943673B56FB8,"p. 326, item 33"
APP-802EFC92E69D,SRC-A90AB34CA3FE,"p. 134, note 546"
APP-8043735D6740,SRC-3A8095B6D794,index entry GelB
APP-80F38F0C9B21,SRC-3A8095B6D794,index entry BM039A
APP-80F938153D33,SRC-3A8095B6D794,index entry AIT30
APP-818A253E1EEC,SRC-72D809FB4249,text 114M; section pp. 103–146
APP-819B855B20AF,SRC-C54888E36130,MS 2053/196 context: MS 2053/182
APP-81A92D4ECEAE,SRC-C54888E36130,MS 2053/196 context: MS 2053/66
APP-81BB69556023,SRC-B6E21F06D34B,Penn web object 51264
APP-81E5E913F0B2,SRC-5F194E6FE4AC,MMS 997008712400605171
APP-82535536CE76,SRC-73C44B143A9D,"p. 158, distribution table, HS 3003"
APP-826949219F68,SRC-3A8095B6D794,index entry BM032A
APP-82862BE42080,SRC-73C44B143A9D,"p. 157, distribution table, JBA 09"
APP-82B7E8C9C4B8,SRC-9FC0E001C489,Penn web object 67694
APP-830237E454C5,SRC-BCC98AAE8C40,article: bowl 6 of seven-object Klagsbald donation
APP-83264BC533D2,SRC-3A8095B6D794,index entry BM063A
APP-8330B85EBE3A,SRC-3A8095B6D794,index entry BM037A
APP-833706427B96,SRC-3A8095B6D794,index entry AIT5
APP-835B6EE63A2B,SRC-3A8095B6D794,index entry Mous145
APP-83950F7E2B49,SRC-943673B56FB8,"p. 326, item 36"
APP-8397389546DC,SRC-E2797DB92056,"pp. 123–132, IM 91-100147"
APP-83A542A80DB4,SRC-A02DBA0BC928,"sale 6402, lot 114"
APP-840662F2224C,SRC-72D809FB4249,text 055A; section pp. 43–102
APP-84172351FA9D,SRC-BD180D70F5A2,MMS 997008712545605171
APP-8420FA59AA8D,SRC-0BC03D117630,object W_1914-0404-3255
APP-8423DEB13E14,SRC-B28E99A341D0,Penn web object 1919
APP-8429A4C8209F,SRC-87551DA5C233,Penn web object 265499
APP-84499BAA2534,SRC-73C44B143A9D,"p. 154, distribution table, AMB 12b"
APP-847825E533E3,SRC-19F191B3F5C5,"printed p. 13, BM 91711 discussion"
APP-84AA247F6BA5,SRC-3A8095B6D794,index entry BM011A
APP-84B7665F9520,SRC-8FD3C2906C4C,MMS 997008712409505171
APP-84BBF299377B,SRC-72D809FB4249,text 094M; section pp. 103–146
APP-84EB80A8D196,SRC-3A8095B6D794,index entry BM001A
APP-84F4564D1618,SRC-786574A2B43C,Penn web object 119332
APP-85EE9BE05763,SRC-73C44B143A9D,"p. 158, distribution table, JBA 108"
APP-85FA80FC8523,SRC-0FE31B18B496,Penn web object 108790
APP-86126D370DE0,SRC-73C44B143A9D,"p. 158, distribution table, JBA 95"
APP-862F03963440,SRC-AC9713C0CEE4,Penn web object 66944
APP-864157C44B8B,SRC-943673B56FB8,"p. 322, item 6"
APP-8658FD5C0439,SRC-C8A555E939F4,Penn web object 297262
APP-868F3CF70318,SRC-C97C8BFDBF2D,MMS 997008712399605171
APP-86D4B5F6FD05,SRC-F271D7D7C938,Penn web object 216760
APP-872D592EE813,SRC-83A3DFDE7924,"p. 162, M154"
APP-87B018A7FE42,SRC-73C44B143A9D,"p. 156, distribution table, VA 2416"
APP-8865D2B96D12,SRC-3A8095B6D794,index entry CAIB66
APP-889882B863F1,SRC-83A3DFDE7924,"pp. 160–161, M26"
APP-88AB2D596351,SRC-5C1BDDF68CD5,archive reference WT/D/1/20/1/27/68
APP-88AB594097A5,SRC-69724CEA37F1,Penn web object 313325
APP-88C463D302BB,SRC-3A8095B6D794,index entry A17877
APP-88C80447B0A8,SRC-72D809FB4249,text 038A; section pp. 43–102
APP-891975DE736E,SRC-3A8095B6D794,index entry AIT16
APP-8950615AE696,SRC-3A8095B6D794,index entry GorI
APP-8950654FA8A5,SRC-D2482299BAC7,paragraph 3: YBC 15334
APP-896AA2CCB5BE,SRC-4C44E5816E4F,pp. 207–220
APP-8990ED472C6C,SRC-3A8095B6D794,index entry MS2053/251
APP-89B09A02E964,SRC-F52A70CBD17C,Penn web object 304291
APP-89F344695B03,SRC-3D4B57D27A24,Related objects: 1901-0209-1131
APP-89FB54DEE9FC,SRC-BCC98AAE8C40,article: bowl 5 of seven-object Klagsbald donation
APP-8A44147C29A4,SRC-37DEFCD57187,Penn web object 241014
APP-8AD07B181116,SRC-3A8095B6D794,index entry AIT1
APP-8B0B272CAE6C,SRC-27D35A24C6BC,"MC 77.233, pp. 415–471"
APP-8B8BD9EFDB87,SRC-3A8095B6D794,index entry GorE
APP-8BE6964FD2E5,SRC-72D809FB4249,text 020A; section pp. 43–102
APP-8BEC95656A16,SRC-3A8095B6D794,index entry Ellis2
APP-8C5BF42DE261,SRC-3A8095B6D794,index entry MS2053/212
APP-8CA18E8DAFF6,SRC-589994C2222B,pp. 174–177
APP-8CD9200BF835,SRC-B1AA93ACD1E1,pp. 422–425
APP-8D181BA2666C,SRC-5F2BE22D9ADB,MMS 997008712402105171
APP-8D2119D595BF,SRC-3D4B57D27A24,Related objects: 1983-1002-1
APP-8D74FBFF57E2,SRC-3D9E46333303,Penn web object 325247
APP-8D788F96DCAE,SRC-7739CD103A79,Penn web object 322449
APP-8DA1CB690432,SRC-466B79ABC36C,Penn web object 98355
APP-8DADA079DEB8,SRC-3A8095B6D794,index entry AMBB11
APP-8DC41F60D38B,SRC-3A8095B6D794,index entry AIT26
APP-8DDCA65FA32A,SRC-B06141CBA2B6,Penn web object 32204
APP-8E0B8DCCADAB,SRC-B4749429C150,Bidsquare product 1675202
APP-8EB6522F2A88,SRC-6D313A7AA389,"p. 2, designation CBS 16014"
APP-8EC9BD16E972,SRC-9BE3105F3F31,Schøyen record MS 2053/198
APP-8FA38F3A659F,SRC-6D313A7AA389,"p. 2, item 20"
APP-8FE03DB18FAE,SRC-A90AB34CA3FE,"p. 134, note 546; designation JNF 152"
APP-8FF2F69BB44A,SRC-EA3884EEFFFA,DOI 10.25549/inscriptifact-ouc15260313
APP-901B4FD33A08,SRC-73C44B143A9D,"p. 159, distribution table, IM 212093"
APP-90A2DFD992E5,SRC-73C44B143A9D,"p. 157, distribution table, JBA 46"
APP-90B85A3CFBA6,SRC-3A8095B6D794,index entry GorC
APP-90C02FD8C0C8,SRC-3FF9EFFCA935,MMS 997008712396305171
APP-910E0DBAE0FE,SRC-C54888E36130,MS 2053/196 context: MS 2053/168
APP-917CE8453B6D,SRC-3D4B57D27A24,Related objects: 1980-0415-21
APP-9180C7D3CA9A,SRC-72D809FB4249,text 111M; section pp. 103–146
APP-920468EF3263,SRC-912B013AAAA2,MMS 997008712402805171
APP-920FD5CEE987,SRC-D9FE0348C1C5,"object photograph and caption, lines 267–268"
APP-92225DC6F231,SRC-3E598E0F44C2,MMS 997008712397605171
APP-926897406085,SRC-3A8095B6D794,index entry BM051A
APP-92B6694CC7FA,SRC-72D809FB4249,text 022A; section pp. 43–102
APP-9327551C5E3F,SRC-F5816C7D10FC,MMS 997008712545405171
APP-932A8A3D162B,SRC-3A8095B6D794,index entry MSFB14
APP-932EBD7F2FA5,SRC-5F479179CEBE,Penn web object 44308
APP-936A6FBC3017,SRC-B018B12C0C03,Penn web object 181612
APP-9373A0BA859E,SRC-B64BA80658BE,MMS 997008712394905171
APP-93771701A63D,SRC-3A8095B6D794,index entry MS2053/41
APP-93FD5DBFE76A,SRC-C47A00437E6E,Penn web object 329808
APP-941A15810E32,SRC-E524EB8DFD7A,Penn web object 205834
APP-941FFB6BD2A2,SRC-3D4B57D27A24,Related objects: 1925-1015-8
APP-942CD5B1FA5D,SRC-B6451D1438C3,Penn web object 36365
APP-9438E2F3BDF4,SRC-6D313A7AA389,"p. 1, item 12"
APP-9444D55B9922,SRC-3A8095B6D794,index entry BM070A
APP-9446FE9576BB,SRC-A3DA8F2571D0,MMS 997008712401705171
APP-9481F4C827BC,SRC-4C5967BC42BA,Penn web object 187752
APP-94DE5C1D6623,SRC-3D4B57D27A24,Related objects: 1889-0112-4
APP-94FA825D1558,SRC-21181A05137B,Penn web object 123065
APP-94FBC3205165,SRC-A90AB34CA3FE,"p. 102, table 6, NFP 8 and note 415"
APP-95019A4EB67B,SRC-72D809FB4249,text 024A; section pp. 43–102
APP-9528B968F50E,SRC-6D313A7AA389,"p. 2, item 27"
APP-958FF348A430,SRC-2657FE1E4B18,Penn web object 19331
APP-959E03721CEB,SRC-3A8095B6D794,index entry MS1927/16
APP-95D559E9AFF5,SRC-A798237CFA2A,MMS 997008712397705171
APP-961B35074E6D,SRC-72D809FB4249,text 092M; section pp. 103–146
APP-96236DA44A94,SRC-356BBDFA84CF,Penn web object 129133
APP-9629B8DED2BB,SRC-311A012043F3,Penn web object 267458
APP-9633443B3A81,SRC-3D4B57D27A24,Related objects: 1925-1015-5
APP-96441190BD1B,SRC-A90AB34CA3FE,"p. 105, note 434; designation Wolf 69"
APP-96871B3E4365,SRC-943673B56FB8,"p. 326, item 38"
APP-96B135FA9935,SRC-3A8095B6D794,index entry MS2053/55
APP-96F238C5FEC7,SRC-CE130C1A3F3C,MMS 997008712545105171
APP-9709E1C437B3,SRC-C54888E36130,MS 2053/196 context: MS 1927/64
APP-970F3F6F8C06,SRC-3A8095B6D794,index entry BM036A
APP-975B9D538E2D,SRC-EBFE9A058C45,Penn web object 80460
APP-9774EF361D81,SRC-72D809FB4249,text 010A; section pp. 43–102
APP-977B295D819F,SRC-3A8095B6D794,index entry MS2053/167
APP-97C36CB13A80,SRC-3A8095B6D794,index entry C10-119
APP-97C74DA6F9A0,SRC-4A369F5B1473,Penn web object 166401
APP-97D61A789DF5,SRC-C114D361B98D,Penn web object 119331
APP-97F6D80C6AA7,SRC-3D4B57D27A24,Related objects: 1971-0229-1
APP-97FC0F2C9CB2,SRC-3A8095B6D794,index entry GorB
APP-9809269CBA2C,SRC-6D313A7AA389,"p. 1, item 11"
APP-980A9C8C40D3,SRC-83A3DFDE7924,"pp. 159–160, M23"
APP-9823CC7BB067,SRC-3A8095B6D794,index entry CAIB63
APP-983A3EA534E7,SRC-A90AB34CA3FE,"p. 134, note 546; designation JNF 18"
APP-9894461327D2,SRC-133F4B594C21,Penn web object 316216
APP-9898E30CEAFF,SRC-7E3837283D16,MMS 997008712544005171
APP-98CF1D70C933,SRC-8EBFDF290AFE,MMS 997008712396505171
APP-990C003BD08B,SRC-3D4B57D27A24,Related objects: 1841-0726-90
APP-9922CA99FD17,SRC-DF02F9A74D90,Met object 321886
APP-992B09C1A5C6,SRC-6D313A7AA389,"p. 2, designation MS 2055/25"
APP-997048DA7331,SRC-73C44B143A9D,"p. 159, distribution table, IM 212103"
APP-999BAA54123A,SRC-3A8095B6D794,index entry BM071A
APP-99D79B808C6F,SRC-3A8095B6D794,index entry AMBB12b
APP-9A082FB14352,SRC-9E4A561DA4BB,Penn web object 25630
APP-9A0EE87B9A3A,SRC-8CC2951A6967,MMS 997008712400205171
APP-9A11D0369583,SRC-73C44B143A9D,"p. 161, distribution table, JNF 124"
APP-9A5AFDF1DDBC,SRC-7AACC01DCA72,MMS 997008712401905171
APP-9A691BC2F59B,SRC-A9423816AA4B,Penn web object 158633
APP-9AADB403C9CD,SRC-72D809FB4249,text 030A; section pp. 43–102
APP-9B32F93738A2,SRC-3A8095B6D794,index entry Mous149
APP-9B48A548CA4A,SRC-3A8095B6D794,index entry MS2053/174
APP-9B6276A10746,SRC-AD848812B666,Met object 321885
APP-9B6AD0307CDD,SRC-8F8BA58FAE9F,pp. 219–230 / JSTOR 23607828
APP-9B938E04AFF8,SRC-3A8095B6D794,index entry CAIB65
APP-9BA029EAD993,SRC-9DAA7880D3A0,Penn web object 252936
APP-9C0AD09664DE,SRC-3D4B57D27A24,Related objects: 1880-1112-1963
APP-9C525C0F73E0,SRC-4C09C688E277,Penn web object 265680
APP-9C8F9B941BB6,SRC-3A8095B6D794,index entry ABE
APP-9CBCA6A109D7,SRC-3A8095B6D794,index entry MS2053/10
APP-9D0393CE7133,SRC-2678ACCD33D1,listing 556fef1cdb
APP-9DAB6A8528E6,SRC-B1AA93ACD1E1,"pp. 425–427, plate III"
APP-9DBFDDCBD465,SRC-A424020B82FE,MMS 997008712398705171
APP-9E271388CEF2,SRC-943673B56FB8,"printed p. 19, bibliography item P"
APP-9E68B0FEF1FA,SRC-3A8095B6D794,index entry MNdAO1
APP-9ECF45D165DE,SRC-F60F3515766A,Penn web object 311846
APP-9EF28DF3CABE,SRC-F9041DB8EE3E,MMS 997008712403205171
APP-9F0E5B31C5EB,SRC-06ED81256DF5,"lot 1077, component 2 of 2; record 224609"
APP-9F2F019F4897,SRC-282E40FD6206,MMS 997008712404705171
APP-9F475C4B7D90,SRC-F20148C5DA92,"lot 273, fragment 1 of 5"
APP-9F510913D8F5,SRC-3A8095B6D794,index entry BM050A
APP-9F80A7DEC69A,SRC-3A8095B6D794,index entry Gor6
APP-9F9D3BB6E5E5,SRC-73C44B143A9D,"p. 155, distribution table, M 156"
APP-9FB5E30FC428,SRC-72D809FB4249,text 042A; section pp. 43–102
APP-9FC8C30B1B6D,SRC-EB27F206924F,Penn web object 182721
APP-9FCD992E707D,SRC-3D4B57D27A24,Related objects: 1974-1209-1
APP-9FDDFF3C08DB,SRC-3A8095B6D794,index entry GelS
APP-9FE4F9B2200D,SRC-3A8095B6D794,index entry AMBB2
APP-A076EE2FBB0B,SRC-3A8095B6D794,index entry BM028A
APP-A08B8751B395,SRC-3A8095B6D794,index entry CAIB18
APP-A0B1794A4DCA,SRC-3D4B57D27A24,Related objects: 1914-0214-45
APP-A1146419ADDD,SRC-F20148C5DA92,"lot 270, fragment 3 of 3"
APP-A137EAD44F63,SRC-FF18D9451680,Penn web object 151160
APP-A1392B1D3FB1,SRC-F10F0651AE14,MMS 997008712544305171
APP-A14147F9DC61,SRC-73C44B143A9D,"p. 158, distribution table, JBA 98"
APP-A18561410A6E,SRC-3A8095B6D794,index entry MS1911/1
APP-A1EA9268732A,SRC-4EA42B8F7C75,Penn web object 82460
APP-A22EB417D863,SRC-72D809FB4249,text 119ES; section pp. 147–149
APP-A2498F68FA65,SRC-3D4B57D27A24,Related objects: 1980-0415-6
APP-A2BCB721DB12,SRC-72D809FB4249,text 123Ps; section pp. 150–162
APP-A2BCD65230D4,SRC-72D809FB4249,text 085M; section pp. 103–146
APP-A2FA853161AC,SRC-3A8095B6D794,index entry MSFB25
APP-A31F7DDB8746,SRC-3A8095B6D794,index entry AIT20
APP-A3CCAD85AA6A,SRC-A6EDD648F439,Penn web object 118820
APP-A3D7AD896B95,SRC-3D4B57D27A24,Related objects: 1980-0415-31-e
APP-A440E3BA77BD,SRC-5404D2F24BCB,MMS 997008712548805171
APP-A4832379A1C3,SRC-3D4B57D27A24,Related objects: 1980-0415-15
APP-A496FFED3CD7,SRC-D00BC51A9417,"record 100788, lot 708"
APP-A54270F9CE94,SRC-3A8095B6D794,index entry IM9736
APP-A5532AA9B956,SRC-3A8095B6D794,index entry JMLB
APP-A55A2CCBD4EC,SRC-72D809FB4249,text 107M; section pp. 103–146
APP-A5623983C8CC,SRC-3A8095B6D794,index entry MS2053/151
APP-A5B38DFE8E90,SRC-D3214E640515,Penn web object 128124
APP-A5F0D2BFC6CB,SRC-3A8095B6D794,index entry AIT10
APP-A634FCA8EF72,SRC-55A6FF6CE594,Penn web object 193277
APP-A66631330C3F,SRC-3069F3084A04,dc00001099
APP-A69D5521AA51,SRC-3D4B57D27A24,Related objects: 1886-0109-1
APP-A6B17490CBFB,SRC-3A8095B6D794,index entry AIT14
APP-A6BF2C984262,SRC-06ED81256DF5,"lot 1077, component 1 of 2; record 224609"
APP-A6BF53626B5C,SRC-239F8591C3B5,Penn web object 300084
APP-A6C99A064C9A,SRC-03395C3A94A7,A/1331
APP-A70EFA167C62,SRC-3A8095B6D794,index entry MS2053/183
APP-A753690F08FC,SRC-73C44B143A9D,"p. 154, distribution table, Isbell 23"
APP-A75AF9628FE4,SRC-B1119BB416BF,Penn web object 74183
APP-A774220684F3,SRC-3D4B57D27A24,Related objects: 1908-0411-91
APP-A77F41E66F07,SRC-B0EC4E0F95AA,Penn web object 220281
APP-A78C1A73FEBC,SRC-6D313A7AA389,"p. 2, item 23"
APP-A79508FF2125,SRC-943673B56FB8,"p. 323, item 18"
APP-A7A7CE4B78AA,SRC-3A8095B6D794,index entry BM025A
APP-A7B427F9479B,SRC-94481B2559F0,Penn web object 38626
APP-A7B6521BA0B4,SRC-3D4B57D27A24,Related objects: 1889-0112-5
APP-A7BF5D50DDB5,SRC-3A8095B6D794,index entry MSFB19
APP-A820D51C5E33,SRC-943673B56FB8,"p. 325, item 27"
APP-A85F60F8A76D,SRC-AEF474F46045,Penn web object 255211
APP-A85FD600B352,SRC-A90AB34CA3FE,"p. 135, note 552"
APP-A8775EFAC3C4,SRC-72D809FB4249,text 057A; section pp. 43–102
APP-A8B4D0399C12,SRC-36AF248B137B,Penn web object 73758
APP-A8D348F2DEF4,SRC-158756DB402D,Penn web object 256455
APP-A8E07458D2DD,SRC-6D313A7AA389,"p. 2, item 33"
APP-A93104AF2D91,SRC-C9CD63569580,Penn web object 139403
APP-A94E7CDA90B3,SRC-72D809FB4249,text 089M; section pp. 103–146
APP-A9804B57D912,SRC-099B1FA96CF2,MMS 997008712410105171
APP-A99A561B97FF,SRC-3A8095B6D794,index entry C11-3
APP-A99AAF477322,SRC-6B02C0DF842B,Penn web object 225262
APP-A9D951867C6E,SRC-A4FB9CD506C0,MMS 997008712403305171
APP-A9F5EC340DBF,SRC-3A8095B6D794,index entry MS1928/1
APP-AA1B3A0C99AF,SRC-603B9C3AF3B5,"auction 6005, lot 98083"
APP-AA44EAE4E089,SRC-3A8095B6D794,index entry AIT17
APP-AA4596D90599,SRC-72D809FB4249,text 058A; section pp. 43–102
APP-AA7843F90E14,SRC-8573DCD9A5DE,Penn web object 27830
APP-AA79CC4C5C90,SRC-3D4B57D27A24,Related objects: 1914-0214-44
APP-AABBC1EE16B5,SRC-73C44B143A9D,"p. 161, distribution table, T 15608"
APP-AB14FD898FCC,SRC-73C44B143A9D,"p. 159, distribution table, IM 56544"
APP-AB3A77375196,SRC-56DED92C8763,MMS 997008712401005171
APP-ABB2C908115F,SRC-3A8095B6D794,index entry 1931.175
APP-ABDFAAA521A4,SRC-3D4B57D27A24,Related objects: 1922-0812-14
APP-ABE31463B8AD,SRC-3A8095B6D794,index entry BM026A
APP-ABE44F84FD21,SRC-73C44B143A9D,"p. 157, distribution table, JBA 15"
APP-ABE6E03B1E62,SRC-A90AB34CA3FE,"p. 134, note 546; designation JNF 149"
APP-AC009DA277B5,SRC-F20148C5DA92,"lot 270, fragment 2 of 3"
APP-AC1561EE3C85,SRC-A90AB34CA3FE,"p. 105, note 434; designation MS 2053/150"
APP-AC2BDB1A351B,SRC-899462FAA735,"p. 138, table 8.1: 18N21"
APP-AC3F00FE8EEE,SRC-3A8095B6D794,index entry AIT6
APP-AC449FC8B4E1,SRC-3A8095B6D794,index entry GorA
APP-AC6EFA398F62,SRC-76E6A8834112,Penn web object 67590
APP-AC79328C0AB1,SRC-73C44B143A9D,"p. 154, distribution table, Isbell 51"
APP-AC7CBE17FCED,SRC-73C44B143A9D,"p. 159, distribution table, IM 76752"
APP-AC936A14AD11,SRC-4073787EE0F2,Penn web object 121107
APP-ACA912992A03,SRC-C54888E36130,MS 2053/196 context: MS 2053/238
APP-ACB436F9A56D,SRC-61F3BAFB8DBF,object W_1886-0109-7
APP-ACDB5933B682,SRC-A90AB34CA3FE,"p. 134, note 546; designation JNF 125"
APP-AD1BD5736E37,SRC-73C44B143A9D,"p. 161, distribution table, Müller-Kessler 1994: B2"
APP-AD31735AE8F1,SRC-63FE9BA4E75E,MMS 997008712404305171
APP-AD360963778C,SRC-3D4B57D27A24,Related objects: 1881-0714-13
APP-AD7DC4D7998F,SRC-B418B68EA454,MMS 997008712548505171
APP-ADFEA1075C96,SRC-3D4B57D27A24,Related objects: 1980-0415-31-n
APP-AE1611AB0B90,SRC-3D4B57D27A24,Related objects: 1911-0408-52
APP-AE1B7337ED31,SRC-EB27DA285DC5,"bowl S-446, pp. 283–316"
APP-AE27625948FC,SRC-5DC5C41E5F44,MMS 997008712402605171
APP-AE2A5D280D3A,SRC-72D809FB4249,text 066A; section pp. 43–102
APP-AE341F31CE77,SRC-3D4B57D27A24,Related objects: 1980-0415-31-p
APP-AE390EA2F74A,SRC-B5A4D212B256,Penn web object 56385
APP-AE4703D88E7B,SRC-3D4B57D27A24,Related objects: 1980-0415-2
APP-AE5E75662FA0,SRC-A39344A6C148,MMS 997008712408105171
APP-AE8377D43DA1,SRC-DE0167B579CF,MMS 997008712410205171
APP-AE89144CF3BE,SRC-72D809FB4249,text 004A; section pp. 43–102
APP-AEB203999F73,SRC-3A8095B6D794,index entry AIT8
APP-AEE037F6E7BB,SRC-3D4B57D27A24,Related objects: 1980-0415-30
APP-AEE83E236DE5,SRC-73C44B143A9D,"p. 154, distribution table, AMB 13"
APP-AEEE7E36FAA1,SRC-3D4B57D27A24,Related objects: 1925-1015-6
APP-AF20EFEB9662,SRC-A90AB34CA3FE,"p. 134, note 546; designation JNF 153"
APP-AF909DECCF5D,SRC-E46788C318F6,"sale 1036, lot 24"
APP-B0D7231EB0B0,SRC-FFD168B85204,Penn web object 200237
APP-B0DBB915FE9E,SRC-B43A7E0B561D,MMS 997008712397205171
APP-B1065098217F,SRC-899462FAA735,"p. 138, table 8.1: 18N18"
APP-B1072B41BBC1,SRC-6D313A7AA389,"p. 1, item 3"
APP-B10C393977C4,SRC-3A8095B6D794,index entry MS2053/61
APP-B1ED37E2393B,SRC-3A8095B6D794,index entry BM010A
APP-B1F84ECBB576,SRC-3A8095B6D794,index entry Gor9
APP-B222A488D5AA,SRC-3A8095B6D794,index entry GorK
APP-B223C8B5628A,SRC-83A3DFDE7924,"pp. 164–165, unnumbered bowl B"
APP-B233D7B98D0C,SRC-FE425474F5BC,MMS 997008712548705171
APP-B2C7B49BD1EC,SRC-45F48A1FE6C9,MMS 997008712406905171
APP-B2EE5017ED85,SRC-05B148D24B4A,Penn web object 226650
APP-B2EE7C0379B5,SRC-3D4B57D27A24,Related objects: 1886-0109-12
APP-B31A44812BDE,SRC-40B8EF642ED4,Penn web object 30401
APP-B3245E3CF442,SRC-3D4B57D27A24,Related objects: 1980-0415-31-l
APP-B34CCF0239BF,SRC-3D4B57D27A24,Related objects: 1980-0415-18
APP-B35ADE74FF54,SRC-3A8095B6D794,index entry IM11113
APP-B366D5E4D8DC,SRC-5D90E7DD9601,MMS 997008712410405171
APP-B372918F3973,SRC-899462FAA735,p. 138: fourth Area 21 bowl under northwest threshold
APP-B3B13E5554C1,SRC-73C44B143A9D,"p. 160, distribution table, MS 2053/257"
APP-B3BDA6AA9B5E,SRC-D41B75B9DD89,Penn web object 113787
APP-B3DDAD1F9097,SRC-73C44B143A9D,"p. 161, distribution table, ZRL 48"
APP-B41E0FF32405,SRC-D1206E301627,MMS 997008712547405171
APP-B42951DB121E,SRC-72D809FB4249,text 068A; section pp. 43–102
APP-B4552FE87416,SRC-BE507B10EF2A,MMS 997008712544705171
APP-B469D02A8C76,SRC-73C44B143A9D,"p. 162, distribution table, Schwab 1891: 592"
APP-B4BED677EF1A,SRC-3A8095B6D794,index entry MS1927/43
APP-B4F540F7E5C9,SRC-73C44B143A9D,"p. 159, distribution table, M 1"
APP-B53A8FC352EC,SRC-C54888E36130,MS 2053/196 context: MS 2053/52
APP-B57DD6764CBA,SRC-3A8095B6D794,index entry BM060A
APP-B5847C96D56A,SRC-3D4B57D27A24,Related objects: 1970-0921-1
APP-B5B85148475C,SRC-3A8095B6D794,index entry BM041A
APP-B5B9ECE1BF86,SRC-1781EDCFACDE,MMS 997008712544905171
APP-B5C88EF0F929,SRC-72D809FB4249,text 064A; section pp. 43–102
APP-B5F3CBED3251,SRC-3A8095B6D794,index entry AMBB7
APP-B5FCDF2998D4,SRC-41FD5E48B288,Penn web object 109437
APP-B65818AEDFE3,SRC-A56992E5AE90,MMS 997008712395605171
APP-B6763174DE28,SRC-AA8C3A1B02D4,Penn web object 170102
APP-B678F0873881,SRC-72D809FB4249,text 047A; section pp. 43–102
APP-B69EA4233EDC,SRC-AF90A597E493,MMS 997008712410305171
APP-B6BD356BF083,SRC-9DD4A70B38AD,Penn web object 8794
APP-B6DB3DFD1A00,SRC-E706AD009C79,Penn web object 58680
APP-B77D999AA28B,SRC-B463271CEBE9,Penn web object 62761
APP-B78A8BABB6AC,SRC-3D4B57D27A24,Related objects: 1851-0903-1
APP-B791C35EEC89,SRC-BCC98AAE8C40,article: bowl 1 of seven-object Klagsbald donation
APP-B8146B488F30,SRC-5B1E675D9A83,Penn web object 44307
APP-B86915527E35,SRC-854641D21DA4,Penn web object 15709
APP-B873BA998099,SRC-3D4B57D27A24,Related objects: 1851-1009-95
APP-B87B13A39224,SRC-7E1BE28B0A13,MMS 997008712401205171
APP-B87BDE27D4B5,SRC-DA5B4D0D5E5B,object W_1886-0109-11
APP-B8ABC4A762AB,SRC-1A036C59913F,Penn web object 88988
APP-B8B7514BF026,SRC-943673B56FB8,"p. 326, item 39"
APP-B8D112758665,SRC-3D4B57D27A24,Related objects: 1980-0415-25
APP-B8D4508B7FFC,SRC-3C09B2076BD1,MMS 997008712402005171
APP-B8D73B5F4D11,SRC-CFD266DE4958,Penn web object 202010
APP-B8FD3DE29CE8,SRC-CC2BEEE1E096,Schøyen record MS 1928/19
APP-B98F6FD087F4,SRC-38D8AED97A7A,MMS 997008712409405171
APP-B9994BE56CA4,SRC-6D313A7AA389,"p. 1, item 14"
APP-B99C759709C9,SRC-2471CE31E5D9,"pp. 139–147, figs. 1 and 3"
APP-B9DBA85C9EE0,SRC-1A922C3F041F,bowl BM 91767
APP-B9E68FDA29E9,SRC-3A8095B6D794,index entry Gor8
APP-B9F95589374A,SRC-3D4B57D27A24,Related objects: 1886-0109-14
APP-BA001396F923,SRC-D0EAB49EDDE2,Penn web object 287049
APP-BA19018A9D2E,SRC-A8F8E153B254,Penn web object 80457
APP-BA3800C2BD3C,SRC-3A8095B6D794,index entry AIT22
APP-BAA315C1B2DF,SRC-3A8095B6D794,index entry BM054A
APP-BAD54DCC7312,SRC-A90AB34CA3FE,"p. 106, note 438"
APP-BAFE389B17E5,SRC-3D4B57D27A24,Related objects: 1881-0714-8
APP-BB2CE744231E,SRC-3A8095B6D794,index entry BM016A
APP-BB2D958AECF0,SRC-3A8095B6D794,index entry BM075A
APP-BB3A6FE232F7,SRC-58B42AA8EB67,Penn web object 28413
APP-BB6A76AB356F,SRC-73C44B143A9D,"p. 162, distribution table, Abousamra 2020"
APP-BB6EE684E770,SRC-73C44B143A9D,"p. 160, distribution table, S-442"
APP-BB9A9EDA205D,SRC-BFB9C7440688,MMS 997008712403905171
APP-BBD47FBE5A37,SRC-24AE4234E058,Penn web object 334778
APP-BBDA21097D1B,SRC-73C44B143A9D,"p. 155, distribution table, CAMIB 72"
APP-BBE92A56E33C,SRC-3A8095B6D794,index entry IM114980
APP-BC151ECE2FD6,SRC-216626D66A61,MMS 997008712401405171
APP-BC2C8B9F669A,SRC-FC77989995C8,"catalogue p. 92, lot 441; image p. 93"
APP-BC2C923105CE,SRC-3A8095B6D794,index entry AIT28
APP-BC39B2C2B100,SRC-72D809FB4249,text 076M; section pp. 103–146
APP-BC79F456A7EB,SRC-3A8095B6D794,index entry MS2053/184
APP-BCA877F828BA,SRC-EA77F3374BA8,MMS 997008712403005171
APP-BCCE6CCC483A,SRC-3D4B57D27A24,Related objects: 1980-0415-20
APP-BD55793C89AE,SRC-5A90961FADFF,MMS 997008712548105171
APP-BD950A6C5C70,SRC-72D809FB4249,text 121Ps; section pp. 150–162
APP-BDACE01D22AF,SRC-73C44B143A9D,"p. 155, distribution table, CAMIB 65"
APP-BDEA99D18801,SRC-3A8095B6D794,index entry MS2053/110
APP-BDFCE876498E,SRC-66C7ED3ED9B4,Penn web object 11597
APP-BE085AE3FA8A,SRC-A53D9913109D,MMS 997008712402905171
APP-BEEC606C7A26,SRC-72D809FB4249,text 090M; section pp. 103–146
APP-BEF1B8965191,SRC-FC77989995C8,"catalogue p. 92, lot 442; image p. 93"
APP-BF517B36F37A,SRC-3A8095B6D794,index entry MS2053/162
APP-BF96AB248794,SRC-B99BF6B16C6F,MMS 997008712546105171
APP-BFF9AC57AC73,SRC-F42955665921,"printed pp. 590–592, item O"
APP-C02452699A7C,SRC-A4A435A92C0E,Penn web object 140769
APP-C02ADA9E9271,SRC-6D313A7AA389,"p. 1, item 5"
APP-C05654DF0BB4,SRC-3A8095B6D794,index entry 1932.619
APP-C072E9EDCF70,SRC-08D27B903CEB,Penn web object 198332
APP-C07BAD085F2A,SRC-16E6FD74D61C,"project page, bowl 4 of 4"
APP-C0DA8DBECFCC,SRC-6D313A7AA389,"p. 1, item 19"
APP-C0DEE290C5E4,SRC-313873474964,Penn web object 191121
APP-C0F9C69F7225,SRC-C3467F2E8EA4,MMS 997008712400105171
APP-C121ED8D928F,SRC-57C4B6038FD2,Penn web object 34976
APP-C137203F4C41,SRC-F42955665921,"printed pp. 590, 592–593, item P"
APP-C15D52F4BAFE,SRC-BEF0BA9244E7,Penn web object 124556
APP-C1725CEB6D3C,SRC-52F7CA24E710,MMS 997008712407005171
APP-C1744ED9533C,SRC-757E3BBFFE63,Barnebys listing ykjaChX-619518650
APP-C1906D9B1D14,SRC-3A8095B6D794,index entry MS2053/214
APP-C1C5EA374EEB,SRC-009F8A38F4F0,Penn web object 242377
APP-C1F2C9EE10BC,SRC-72D809FB4249,text 034A; section pp. 43–102
APP-C2200B128C95,SRC-168BAEA3242C,MMS 997008712547105171
APP-C222E15EC213,SRC-73C44B143A9D,"p. 161, distribution table, T 27987"
APP-C2344330CF69,SRC-5ED09A04C455,Catawiki lot 52757191
APP-C28A11F25F9D,SRC-3D4B57D27A24,Related objects: 1886-0109-5
APP-C2B3BA0A92B3,SRC-3D4B57D27A24,Related objects: 1851-0903-2
APP-C2C2E7B53C42,SRC-B171946A119D,Penn web object 102142
APP-C31E9BF394AC,SRC-005CE5B783CF,Penn web object 77485
APP-C31FD74EB60E,SRC-72D809FB4249,text 113M; section pp. 103–146
APP-C3237B865E50,SRC-73C44B143A9D,"p. 158, distribution table, HS 3022"
APP-C3343A90D551,SRC-DE98B3363294,MMS 997008712398105171
APP-C35406087491,SRC-DEBDF6834918,"21 May 2025, lot 27, record 166464"
APP-C35D0D80C4D3,SRC-05DFD4EEDD2F,MMS 997008712407505171
APP-C35EFF1BD276,SRC-5DB206E51D0C,Penn web object 54421
APP-C396EC60E12D,SRC-C54888E36130,MS 2053/196 context: MS 2053/116
APP-C3C4F898D923,SRC-943673B56FB8,"p. 323, item 17"
APP-C3E7C7C80B35,SRC-F2EC88B0A4EB,MMS 997008712400805171
APP-C4586D6406B0,SRC-3F3EFB7B0F0F,MMS 997008712396805171
APP-C473CE540756,SRC-73C44B143A9D,"p. 153, distribution table, Isbell 12"
APP-C48AA75BDA1F,SRC-3A8095B6D794,index entry BM009A
APP-C48DA3DA160C,SRC-1A4FE805E509,MMS 997008712408905171
APP-C4DA3952D693,SRC-5199B3C11E5A,"8 September 2026, lot 213; record 267666"
APP-C4F8F10A8105,SRC-227FB1322589,Penn web object 204382
APP-C507C1ED1D66,SRC-3A8095B6D794,index entry Gor5
APP-C52090447037,SRC-73C44B143A9D,"p. 157, distribution table, JBA 11"
APP-C548B4517C9D,SRC-ED9F1C93E14A,Penn web object 90763
APP-C5B27F370246,SRC-4130DB9BC015,Penn web object 95655
APP-C5E5C07D7FA5,SRC-652597EFBE22,Penn web object 297737
APP-C5E90A5B96F7,SRC-7DC4EF76EB0C,object W_1980-0415-27
APP-C5EE44F55B61,SRC-C39B4EDEA443,Penn web object 295959
APP-C5FB697DB808,SRC-3A8095B6D794,index entry MS2053/207
APP-C616208D4143,SRC-E07567D0FC48,MMS 997008712401505171
APP-C691E47A40A2,SRC-172CBC220078,Penn web object 107954
APP-C6D4631FFF9D,SRC-72D809FB4249,text 050A; section pp. 43–102
APP-C6DA1A4BE86E,SRC-A573D5D315DB,MMS 997008712546205171
APP-C6EECC3B03FC,SRC-73C44B143A9D,"p. 160, distribution table, M 6"
APP-C707198BE971,SRC-72D809FB4249,text 051A; section pp. 43–102
APP-C7329F336174,SRC-3A8095B6D794,index entry Gel2A
APP-C747DD3F175A,SRC-7630068C62BC,Penn web object 293903
APP-C772190086F2,SRC-943673B56FB8,"p. 321, item 4"
APP-C7BAA1D42320,SRC-3D4B57D27A24,Related objects: 1868-0523-4
APP-C7EAA57B2112,SRC-CCB4BB4FAD99,Schøyen record MS 2056/12
APP-C7FC5DE8EFC6,SRC-3D4B57D27A24,Related objects: 1980-0415-31-h
APP-C83A28B352E3,SRC-021615946E57,Penn web object 47074
APP-C847CF325545,SRC-53170A03D384,Penn web object 236387
APP-C8722407C5B0,SRC-3A8095B6D794,index entry SD12
APP-C872442A3F2B,SRC-3A8095B6D794,index entry BM057A
APP-C8A48C4F4AB5,SRC-3A8095B6D794,index entry BM045A
APP-C8A7A644F639,SRC-09283C43A93B,Penn web object 14388
APP-C8BAF7FE9252,SRC-3A8095B6D794,index entry MSFB27
APP-C8C53C3D38C4,SRC-72D809FB4249,text 036A; section pp. 43–102
APP-C936ED916369,SRC-BAAFF2F10461,Penn web object 222626
APP-C96EE4F7E8A1,SRC-3A8095B6D794,index entry Mous142
APP-C96EF1921D57,SRC-4546F3685418,Penn web object 223847
APP-C97A21011F1C,SRC-F8E3CCD9D82A,MMS 997008712547905171
APP-C97CC5607375,SRC-E08CBEB58A31,Penn web object 137384
APP-C9C432B4E7A8,SRC-3D4B57D27A24,Related objects: 1980-0415-31-s
APP-CA53AAE5731D,SRC-72D809FB4249,text 063A; section pp. 43–102
APP-CA5BCFA583B0,SRC-E7A2136AADE8,"12 April 2026, lot 917; record 135362"
APP-CA63BCC5029D,SRC-3D4B57D27A24,Related objects: Rm-III-31
APP-CA887941C051,SRC-73C44B143A9D,"p. 155, distribution table, CAMIB 35"
APP-CABBEC3DF038,SRC-3D4B57D27A24,Related objects: 1957-0415-1
APP-CB08BF2780D7,SRC-3A8095B6D794,index entry Mous108
APP-CB26AEAC91FF,SRC-3D4B57D27A24,Related objects: 1886-0109-7
APP-CB493E324926,SRC-72D809FB4249,text 125Ps; section pp. 150–162
APP-CB9589834148,SRC-73C44B143A9D,"p. 156, distribution table, JBA 01"
APP-CB9DCD61D2C4,SRC-AF579119BEDF,Penn web object 5020
APP-CBCEA944904B,SRC-3A8095B6D794,index entry AIT23
APP-CBE70D3B6534,SRC-73C44B143A9D,"p. 156, distribution table, JBA 05"
APP-CC08B64A9B10,SRC-A90AB34CA3FE,"p. 102, table 6, NFP 3 and note 410"
APP-CC230F3F6666,SRC-3A8095B6D794,index entry YBC2359
APP-CC2567E2477F,SRC-3A8095B6D794,index entry MSFB20
APP-CC46616CC9BA,SRC-A1C0F9747D7A,MMS 997008712409305171
APP-CC4E0ECDE135,SRC-3D4B57D27A24,Related objects: 1920-0315-9
APP-CC66B378D4AD,SRC-9C9ED9E5B737,Penn web object 189546
APP-CC7FD10F1D1D,SRC-72D809FB4249,text 141Ps; section pp. 150–162
APP-CC95F1D4FFC9,SRC-3A8095B6D794,index entry GorF
APP-CCE0397B5387,SRC-A165455A5304,MMS 997008712546905171
APP-CD6FB4A75074,SRC-3D4B57D27A24,Related objects: 1886-0109-9
APP-CDECE1AA8025,SRC-943673B56FB8,"p. 321, item 1"
APP-CDF3BDE1EAA4,SRC-73C44B143A9D,"p. 161, distribution table, MFL 10895"
APP-CDFD82B6C285,SRC-6D313A7AA389,"p. 2, item 21"
APP-CE0ADD0B0E5A,SRC-639DD8F52972,MMS 997008712402705171
APP-CE15DCCE367E,SRC-2E36A0CC3152,dc00001083
APP-CE2ADF9516E5,SRC-E03AC9F337A8,Penn web object 64458
APP-CE30F142317A,SRC-3A8095B6D794,index entry MS1928/47
APP-CE3B90176297,SRC-72D809FB4249,text 093M; section pp. 103–146
APP-CEA6906FB856,SRC-FA220943A803,"lot 1200, object 2 of 3"
APP-CEA96844A495,SRC-3A8095B6D794,index entry BM029A
APP-CEE59A9402CF,SRC-83A3DFDE7924,"p. 160, M25"
APP-CEFA7FFC813A,SRC-72D809FB4249,text 007A; section pp. 43–102
APP-CF0B57E4B80E,SRC-62A4522F2585,"lot 1419, object 1 (left)"
APP-CF0F690B505B,SRC-6D313A7AA389,"p. 1, item 9"
APP-CF5005810BA1,SRC-73C44B143A9D,"p. 156, distribution table, VA 2423"
APP-CF9E30DE5E2F,SRC-839E5208B414,MMS 997008712406505171
APP-CFADE634BDB0,SRC-BBAE031F2345,KM 33756
APP-CFD0D3A20C81,SRC-F34FABD38A6D,"29 December 2021, lot 42"
APP-CFD77BF3A9A9,SRC-B43D4B958C6C,DOI 10.25549/inscriptifact-ouc110214169
APP-D017C38D7A25,SRC-C54888E36130,MS 2053/196 context: MS 1927/37
APP-D07023A10A85,SRC-5140A73E9D7C,MMS 997008712407905171
APP-D0727F9CBF15,SRC-72D809FB4249,text 135Ps; section pp. 150–162
APP-D07FD852F641,SRC-503EEAA1BBBC,Penn web object 67591
APP-D09A69947962,SRC-8D2E14DCB3BB,dc00001088
APP-D0AA69CDAE8E,SRC-3D4B57D27A24,Related objects: 1881-0714-4
APP-D0B1CF187594,SRC-6D313A7AA389,"p. 1, item 8"
APP-D0CB5875819F,SRC-4C2E6EE4DB03,Penn web object 202637
APP-D0FE96F9B61B,SRC-73C44B143A9D,"p. 154, distribution table, Isbell 52"
APP-D127ADC58D23,SRC-CFBAC01E2C99,Penn web object 158478
APP-D128DAA6EC9F,SRC-3A8095B6D794,index entry GorL
APP-D15A7B35FA1C,SRC-3A8095B6D794,index entry Gor1
APP-D1639F6B19DC,SRC-3A8095B6D794,index entry BM058A
APP-D19563197752,SRC-D5030D381A92,Catawiki lot 67027943
APP-D1D8FD2DBA8D,SRC-73C44B143A9D,"p. 156, distribution table, JBA 07"
APP-D21A3379FFBA,SRC-6D313A7AA389,"p. 1, item 7"
APP-D21D62D448CB,SRC-3A8095B6D794,index entry MS2053/83
APP-D23A19AB8F32,SRC-3A8095B6D794,index entry MS2053/156
APP-D278B7392342,SRC-3D4B57D27A24,Related objects: 1886-0109-17
APP-D28CA0EDB66D,SRC-A90AB34CA3FE,"p. 134, note 546; designation IM 114987"
APP-D2CB64140857,SRC-8098BF9389D6,MMS 997008712406005171
APP-D2EA9D464EEE,SRC-3A8095B6D794,index entry BM034A
APP-D355F392DF3F,SRC-73C44B143A9D,"p. 159, distribution table, Aaron B"
APP-D35AA36C014D,SRC-3D4B57D27A24,Related objects: 1908-0411-89
APP-D3810FB639CA,SRC-F0BA9F31CC33,MMS 997008712404905171
APP-D3AD24BBECB9,SRC-C54888E36130,MS 2053/196 context: MS 1927/10
APP-D3BEF3FBA17E,SRC-73C44B143A9D,"p. 154, distribution table, Isbell 42"
APP-D3C9DCAC6722,SRC-3A8095B6D794,index entry Ellis1
APP-D417EA5B5CA6,SRC-A90AB34CA3FE,"p. 105, note 434; designation CBS 85-48-914"
APP-D433CFA5D994,SRC-943673B56FB8,"p. 322, item 8"
APP-D47DCF2D7039,SRC-63E581DB2C77,MMS 997008712395705171
APP-D4C5D8A61D40,SRC-943673B56FB8,"p. 325, item 32"
APP-D4D714C08B5D,SRC-3D4B57D27A24,Related objects: Rm-III-29-30
APP-D4F9803F756B,SRC-3C8BC6D81A1F,Penn web object 199041
APP-D53093BE00FF,SRC-72D809FB4249,text 106M; section pp. 103–146
APP-D55584024F5C,SRC-F1A8F3131394,object W_1881-0714-7
APP-D5695AEFA715,SRC-3A8095B6D794,index entry BOR
APP-D56DC322FCF0,SRC-D9DD3BC6E907,MMS 997008712410005171
APP-D5B1119872C1,SRC-3A8095B6D794,index entry IM71180
APP-D5B42523BDE1,SRC-1F676D0669B6,"highlight 27, OIM A32675"
APP-D5F418C462E6,SRC-72D809FB4249,text 083M; section pp. 103–146
APP-D6332D50B8C5,SRC-C628D3B5E8F9,18N19 / Iraq Museum 114981
APP-D64A77D2209D,SRC-F20148C5DA92,lot 272
APP-D658293F9196,SRC-3D4B57D27A24,Related objects: 1925-1015-4
APP-D65954531CB1,SRC-3A8095B6D794,index entry MS1927/5
APP-D67D91BD0033,SRC-62EEECF04AE0,Penn web object 170702
APP-D682E3BB35C2,SRC-A90AB34CA3FE,"p. 105, note 434; designation MS 2053/132"
APP-D6A3607F5440,SRC-3A8095B6D794,index entry MS2053/36
APP-D71B57DE1A56,SRC-4232EC728695,Penn web object 105299
APP-D724A7994ABA,SRC-943673B56FB8,"p. 326, item 34"
APP-D754E1A6AFD7,SRC-A90AB34CA3FE,"p. 102, table 6, NFP 10 and note 417"
APP-D75CB7329D0B,SRC-3D4B57D27A24,Related objects: 1980-0415-31-r
APP-D75D25816F4E,SRC-72D809FB4249,text 100M; section pp. 103–146
APP-D785825B61A8,SRC-8D4D20B236D5,Penn web object 38739
APP-D7A3301C5C89,SRC-6BCE45CAE460,Penn web object 271621
APP-D7A426AFF108,SRC-72D809FB4249,text 098M; section pp. 103–146
APP-D7CEB06EB454,SRC-8EBCA8FEF9B5,"Auction 32, lot 153"
APP-D7F7224B83EA,SRC-FA0E7F8FF22E,Penn web object 281212
APP-D85A15D4B75E,SRC-3D4B57D27A24,Related objects: 1925-1015-7
APP-D8AB95126BD8,SRC-A90AB34CA3FE,"p. 102, table 6, NFP 9 and note 416"
APP-D8C5FCEC5FA4,SRC-14598C71E793,MMS 997008712547605171
APP-D92151B01B91,SRC-50846D47BE35,Penn web object 152707
APP-D9DDA0AC69C7,SRC-943673B56FB8,"p. 321, item 2"
APP-D9EC039E8F87,SRC-3A8095B6D794,index entry MS1927/25
APP-DA359B113B2F,SRC-3D4B57D27A24,Related objects: 1980-0415-16
APP-DAA7DE13CC9C,SRC-A016F86132CA,dc00001100
APP-DAC2E0099851,SRC-3A8095B6D794,index entry MS1928/43
APP-DAEEDEF9DDE0,SRC-3A8095B6D794,index entry C10-116
APP-DB27BA76DE58,SRC-FA6415CB9660,MMS 997008712547705171
APP-DB463FE004EA,SRC-3D4B57D27A24,Related objects: Rm-III-32
APP-DB856A10C22A,SRC-C54888E36130,MS 2053/196 context: MS 2053/13
APP-DB97525A50CA,SRC-9B4DFF0C5A9E,Penn web object 339952
APP-DBEC5C4B2D0E,SRC-3D4B57D27A24,Related objects: 1980-0415-22
APP-DBF2B4838CFB,SRC-35398F1BACD9,Penn web object 199043
APP-DC14781F6726,SRC-3A8095B6D794,index entry Mous102
APP-DC32AF12C4C5,SRC-3D4B57D27A24,Related objects: 1914-0404-3254
APP-DC56FE13F86F,SRC-F42955665921,"printed pp. 590–591, item N"
APP-DC7D3493313C,SRC-3A8095B6D794,index entry IsIAOJA
APP-DC8DF92DC947,SRC-72D809FB4249,text 081M; section pp. 103–146
APP-DCECC7BCB7EC,SRC-3A8095B6D794,index entry Ellis3
APP-DD2FABE39F33,SRC-AF8BC32A2DE4,Penn web object 197140
APP-DD516C602CE1,SRC-73C44B143A9D,"p. 155, distribution table, M 108"
APP-DD5C11A327C5,SRC-669EF487EA51,Penn web object 120830
APP-DDD356D8B0EB,SRC-3A8095B6D794,index entry ABA
APP-DDE3396CD563,SRC-72D809FB4249,text 056A; section pp. 43–102
APP-DE02B50C7C0A,SRC-AEC0FA1CE6C0,MMS 997008712395305171
APP-DE37F595CB17,SRC-3D4B57D27A24,Related objects: 1881-0714-14
APP-DE5B6924278F,SRC-3D4B57D27A24,Related objects: 1908-1010-4
APP-DE80A5EBF204,SRC-3A8095B6D794,index entry MS2053/200
APP-DE960CCD0A92,SRC-DA1B2D65B4B0,Penn web object 130402
APP-DF016C0E6915,SRC-3A8095B6D794,index entry Mous103
APP-DF49AF2944F5,SRC-3D4B57D27A24,Related objects: N-1847
APP-DF4C340D0854,SRC-F20148C5DA92,"lot 273, fragment 3 of 5"
APP-DF7EC5961F33,SRC-3A8095B6D794,index entry AIT4
APP-DF8287A62EC9,SRC-3A8095B6D794,index entry BM023A
APP-DFBD3D20F8A0,SRC-6D313A7AA389,"p. 2, item 22"
APP-DFCCD4470576,SRC-72D809FB4249,text 016A; section pp. 43–102
APP-DFF663D5C322,SRC-73C44B143A9D,"p. 160, distribution table, MS 2053/216"
APP-E0184D9AF11F,SRC-523BD0A56A3F,dc00001089
APP-E03A757E4547,SRC-4E8D6AC9E9E4,Penn web object 338867
APP-E046032C93E0,SRC-72D809FB4249,text 128Ps; section pp. 150–162
APP-E09FEF70BAF1,SRC-73C44B143A9D,"p. 161, distribution table, A33965"
APP-E0BCCD513821,SRC-C0144EA934D5,object W_1886-0109-2
APP-E0FCD4644F38,SRC-ABA345A16169,Penn web object 264467
APP-E106B3EF9F60,SRC-213738DB2FB5,DOI 10.25549/inscriptifact-ouc15260317
APP-E14EB6A1F2F4,SRC-73C44B143A9D,"p. 157, distribution table, JBA 31"
APP-E15D1F8D9985,SRC-F20148C5DA92,lot 271
APP-E1866F473C8D,SRC-73C44B143A9D,"p. 159, distribution table, IM 141803"
APP-E188176EF0FD,SRC-47CDBADB1876,MMS 997008712398205171
APP-E1C393B6D8B0,SRC-72D809FB4249,text 012A; section pp. 43–102
APP-E20C20306315,SRC-D13B12A9C20B,MMS 997008712548005171
APP-E2230E75BBA4,SRC-3D4B57D27A24,Related objects: 1980-0415-1
APP-E24412643E4D,SRC-99D14359C4FC,MMS 997008712404105171
APP-E25D96452406,SRC-AB965E1856E2,MMS 997008712397405171
APP-E26982193112,SRC-72D809FB4249,text 043A; section pp. 43–102
APP-E275724F7B16,SRC-943673B56FB8,"p. 326, item 37"
APP-E28C47FC5BE0,SRC-C54888E36130,MS 2053/196 context: MS 2053/38
APP-E299FE3E0B92,SRC-C54888E36130,MS 2053/196 context: MS 2053/80
APP-E2C53B2D9422,SRC-34B3A2C4D1A7,MMS 997008712406805171
APP-E2E1C4BC929E,SRC-77BC594D2166,"monograph, 29 pages"
APP-E3390B650C1F,SRC-DCF3915390DA,MMS 997008712398305171
APP-E357E01071D5,SRC-C5BEBDDA0AE1,MMS 997008712395805171
APP-E36F1D2E8F1C,SRC-3A8095B6D794,index entry BM033A
APP-E407BC3FA76A,SRC-3A8095B6D794,index entry GorJ
APP-E411585CCAA1,SRC-2620C1BFBA37,Penn web object 326684
APP-E454391AABA1,SRC-5025FE1C5FCE,Penn web object 15439
APP-E45B435B1A10,SRC-3A8095B6D794,index entry GorD
APP-E469880C1A4F,SRC-472DA9D32769,MMS 997008712402505171
APP-E474F489D786,SRC-083BA71B9B60,MMS 997008712408205171
APP-E4AD3891D95A,SRC-53AFEA741E4F,object W_1925-1015-7
APP-E4F0CF300EB8,SRC-FCDCB20DEAE2,Penn web object 158041
APP-E51C53FB43A8,SRC-835C4BCFF6B0,Penn web object 154161
APP-E53C8C1931E8,SRC-3A8095B6D794,index entry BM074A
APP-E55E8F7CEE75,SRC-2809A03C04F3,Penn web object 339970
APP-E57A7DC0B6FE,SRC-3A8095B6D794,index entry MS2053/132
APP-E58537D51A05,SRC-73C44B143A9D,"p. 155, distribution table, CAMIB 26"
APP-E585D72E011E,SRC-899462FAA735,"p. 138, table 8.1: 18N98"
APP-E5941336D608,SRC-3A8095B6D794,index entry MS2053/165
APP-E5C91FE39A32,SRC-3A8095B6D794,index entry BM048A
APP-E61BFE5EEBB8,SRC-72D809FB4249,text 122Ps; section pp. 150–162
APP-E6214FCEDF49,SRC-8DC0C80F3A87,Penn web object 45938
APP-E622EB824E1D,SRC-3A8095B6D794,index entry MS2053/178
APP-E6374F3AD784,SRC-5BAFA19AD9D6,Penn web object 334779
APP-E63DBFD9B594,SRC-73C44B143A9D,"p. 155, distribution table, M 142"
APP-E66C809E0C44,SRC-3D4B57D27A24,Related objects: 1908-0411-90
APP-E6789C434C70,SRC-9B0E37E75BFE,MMS 997008712398405171
APP-E6A44BCFBAA4,SRC-3A8095B6D794,index entry MS1927/51
APP-E6BB7E770B6E,SRC-72D809FB4249,text 115M; section pp. 103–146
APP-E6DE69654126,SRC-389564CE7381,Penn web object 225726
APP-E77B10ABEF2E,SRC-3D4B57D27A24,Related objects: 1980-0303-5
APP-E7E77EBECE42,SRC-CC42C0B57D63,Penn web object 125190
APP-E888B25E57D9,SRC-E8293C7C20BE,MMS 997008712398505171
APP-E8CCDD040162,SRC-4111AE185F98,dc00001084
APP-E8E55DF75182,SRC-21960A7E5963,MMS 997008712408405171
APP-E909A477FAE6,SRC-3D4B57D27A24,Related objects: 1980-0415-29
APP-E92E3F1F4B26,SRC-72D809FB4249,text 074A; section pp. 43–102
APP-E93DB0CCA38F,SRC-3D4B57D27A24,Related objects: 1980-0415-5
APP-E94599E8B374,SRC-73C44B143A9D,"p. 154, distribution table, Isbell 55"
APP-E95E0099983B,SRC-815C148CDE83,object W_1851-0903-3
APP-E96B95105D16,SRC-89C84FE4EDDF,MMS 997008817589805171
APP-E987653764E6,SRC-943673B56FB8,"p. 323, item 14"
APP-E999275808E9,SRC-72D809FB4249,text 041A; section pp. 43–102
APP-E9A25FC9C0D8,SRC-3A8095B6D794,index entry Mous121
APP-E9E750D4906F,SRC-72D809FB4249,text 079M; section pp. 103–146
APP-E9F829BCB9F2,SRC-7E3137FE462C,Trocadero item 1455520
APP-EA22EAEEBD84,SRC-3D4B57D27A24,Related objects: 1980-0415-31-b
APP-EA889DCD22B2,SRC-6D313A7AA389,"p. 2, item 32"
APP-EAA08B23A4DB,SRC-3D4B57D27A24,Related objects: 1914-0214-49
APP-EAAAD4B439CF,SRC-72D809FB4249,text 039A; section pp. 43–102
APP-EAD0AE7DED3E,SRC-943673B56FB8,"p. 324, item 19"
APP-EAD374017D1E,SRC-72D809FB4249,text 142Ps; section pp. 150–162
APP-EADCE2DD6DF5,SRC-1375F4DCFE63,object JMS 1973-2
APP-EAE177702002,SRC-73C44B143A9D,"p. 160, distribution table, M 164"
APP-EB307341B1E8,SRC-3A8095B6D794,index entry IM9731
APP-EBC3E10E4F4B,SRC-F2D3309F16E7,object W_1881-0714-13
APP-EBC88EB1D979,SRC-E2C2C68691CB,MMS 997008712394805171
APP-EC4EC772950B,SRC-6D313A7AA389,"p. 2, item 26"
APP-EC51D6233D0F,SRC-3A8095B6D794,index entry ZRL48
APP-EC9DBC1BC316,SRC-27402D8BE8BE,MMS 997008712405405171
APP-ECA677FE863B,SRC-3D4B57D27A24,Related objects: 1886-0109-3
APP-ECAD9DEC5BEA,SRC-73C44B143A9D,"p. 158, distribution table, JBA 87"
APP-ED2D7E5896D2,SRC-73C44B143A9D,"p. 158, distribution table, JBA 116"
APP-ED41344D4C48,SRC-3D4B57D27A24,Related objects: 1980-0415-31-q
APP-ED6641177C30,SRC-0D9F521F9AA2,MMS 997008712404805171
APP-ED84B2D5D1DA,SRC-BB3F246E3292,Penn web object 13573
APP-EDAF587D738C,SRC-4B0CEB2BE96C,"lot 58, whole bowl"
APP-EDBA9536BF4B,SRC-25F456A40523,pp. 323–336; AC-MSEF
APP-EDE6AA9159CA,SRC-3A8095B6D794,index entry IM62265
APP-EDEBBB6AF474,SRC-72D809FB4249,text 130Ps; section pp. 150–162
APP-EDFD952FD199,SRC-B4E152D303C7,MMS 997008712544505171
APP-EE0BF14978A2,SRC-2227D5AC463A,item 232753117
APP-EE60E958229B,SRC-72D809FB4249,text 070A; section pp. 43–102
APP-EE9CB598203D,SRC-E9305F7152A0,MMS 997008712401805171
APP-EEA1FA8D9636,SRC-72D809FB4249,text 082M; section pp. 103–146
APP-EEF39D9E3F13,SRC-A9F7DEA0F113,Bidsquare product 1845576
APP-EF0D4708ADE3,SRC-9AF772FF6B94,MMS 997008712545205171
APP-EF16097F47FD,SRC-3D4B57D27A24,Related objects: 1980-0415-23
APP-EF3701A9A126,SRC-3A8095B6D794,index entry Ellis5
APP-EF378257C3E5,SRC-76255A1BD6F7,Penn web object 177894
APP-EF6358A972EC,SRC-F20148C5DA92,"lot 270, fragment 1 of 3"
APP-EF6559C53B88,SRC-72D809FB4249,text 136Ps; section pp. 150–162
APP-EF95DDBB582E,SRC-9B55064A8A46,Penn web object 273533
APP-EFC5C80C1A6D,SRC-73C44B143A9D,"p. 157, distribution table, JBA 67"
APP-EFD5AA2FB0B0,SRC-64C2F01953A2,"Bidsquare product 1500258, lot 113"
APP-EFE855010E9E,SRC-76DC03BE6AEF,object W_1851-1009-97
APP-EFF2CB1469A2,SRC-72D809FB4249,text 040A; section pp. 43–102
APP-F01A5339803E,SRC-BE430C79E5EB,MMS 997008712407305171
APP-F02AF2F2A773,SRC-73C44B143A9D,"p. 160, distribution table, MS 1927/9"
APP-F04489E80FAE,SRC-AB3EC0D8A6CF,MMS 997008712408505171
APP-F05307E3137D,SRC-3A8095B6D794,index entry AIT25
APP-F05ED130EF6E,SRC-3A8095B6D794,index entry Mous164
APP-F06832D35854,SRC-3A8095B6D794,index entry BM021A
APP-F0954D593F45,SRC-9EEB71E4C8AA,Penn web object 115717
APP-F17AB87B2164,SRC-78F948AF3697,Penn web object 330993
APP-F1ECAAED8E71,SRC-73C44B143A9D,"p. 157, distribution table, JBA 60"
APP-F1EFFFD98EB9,SRC-3A8095B6D794,index entry AIT18
APP-F202F630088C,SRC-4FB63B3475F5,MMS 997008712408305171
APP-F23B8DC5D045,SRC-982E8721AEB0,MMS 997008712546705171
APP-F27512683DC7,SRC-ED44B9676EC5,MMS 997008712397305171
APP-F3733BD44EB1,SRC-6D313A7AA389,"p. 1, item 13"
APP-F3858F330C4D,SRC-C54888E36130,MS 2053/196 context: MS 2053/275
APP-F417E2CE754F,SRC-BB8D18967A1E,Penn web object 132910
APP-F43207FA0A66,SRC-1116D4D1CA25,Penn web object 179232
APP-F458D86CE45B,SRC-F183B7163F77,Penn web object 135414
APP-F46E82C5D5F3,SRC-3A8095B6D794,index entry BM017A
APP-F47E3A169ABC,SRC-3A8095B6D794,index entry BM044A
APP-F4A93FCBD733,SRC-3D4B57D27A24,Related objects: 1881-0714-9
APP-F4A978951BF1,SRC-3A8095B6D794,index entry MS2053/190
APP-F4AE8487EFD4,SRC-943673B56FB8,"p. 325, item 25"
APP-F54558D974A5,SRC-73C44B143A9D,"p. 160, distribution table, MS 2053/236"
APP-F571467A90A2,SRC-72D809FB4249,text 118ES; section pp. 147–149
APP-F57681899D95,SRC-73C44B143A9D,"p. 162, distribution table, Müller-Kessler 2013"
APP-F57AADB737E5,SRC-72D809FB4249,text 109M; section pp. 103–146
APP-F590B893E243,SRC-C5AA2D8C1284,illustrated bowl transcription and translation; identified as M59 via Levene dissertation pp. 39–40
APP-F5AE14AC5945,SRC-3D4B57D27A24,Related objects: 1893-1014-51
APP-F5C5D3F0E0C1,SRC-C54888E36130,MS 2053/196 context: MS 1928/14
APP-F6B0C901BE41,SRC-3A8095B6D794,index entry MS1929/16
APP-F6B44789182B,SRC-C54888E36130,MS 2053/196 context: MS 1927/41
APP-F6BB1DBB43F0,SRC-3A8095B6D794,index entry Pearson
APP-F76FFA7D9973,SRC-6D313A7AA389,"p. 2, item 36"
APP-F79E1B775419,SRC-6708CC3332A2,MMS 997008712399705171
APP-F7B27582C91D,SRC-83A3DFDE7924,"p. 161, M45"
APP-F7B9A1B4D020,SRC-30F5C3AD388A,pp. 241–256
APP-F7C3685C3ADF,SRC-5AD57ED69301,MMS 997008712409005171
APP-F7D8CAD32682,SRC-72D809FB4249,text 104M; section pp. 103–146
APP-F827FFD5E44E,SRC-FCC6EBF75BF3,Penn web object 40422
APP-F881DBC7166B,SRC-6D313A7AA389,"p. 1, item 4"
APP-F8C1852631F1,SRC-73C44B143A9D,"p. 162, distribution table, Herman 2021"
APP-F8C1D05811EB,SRC-9EBC277854FA,Penn web object 225918
APP-F8C86F36EE25,SRC-B16F06368E35,object W_1851-1009-100
APP-F8E42F83197D,SRC-3A8095B6D794,index entry BM003A
APP-F91552104B91,SRC-72D809FB4249,text 045A; section pp. 43–102
APP-F9171BF75A94,SRC-544C605C0F49,Penn web object 296104
APP-F92D19173A11,SRC-F09573688FD1,abstract; object 109–S
APP-F9303E02DE72,SRC-6E12BA576C0D,MMS 997008712403505171
APP-F951497DDE8C,SRC-3D4B57D27A24,Related objects: 1886-0109-4
APP-F976CA918425,SRC-EB27DA285DC5,"bowl S-447, pp. 283–316"
APP-F988C848427C,SRC-3A8095B6D794,index entry BM067A
APP-F9A046FAFB34,SRC-47341996F035,MMS 997008712547505171
APP-F9A77B2A4270,SRC-943673B56FB8,"p. 325, item 26"
APP-F9AB3D3AD5B6,SRC-A9023C9395F3,Penn web object 264352
APP-F9B830C8A1C4,SRC-3A8095B6D794,index entry Mous117
APP-F9B9FCD0E06D,SRC-77C56EEC7912,record fiLN9BK-626947463
APP-F9BAF269B5FA,SRC-F09573688FD1,abstract; object 110–S
APP-F9CD9B998967,SRC-4BA31465A407,DOI 10.25549/inscriptifact-ouc15260312
APP-F9F6EF1B5ABE,SRC-BE41C40E06FA,dc00001086
APP-FA031AE00D0B,SRC-3A8095B6D794,index entry Mous2
APP-FA0C9E5E79EA,SRC-899462FAA735,p. 138: C10-117
APP-FA87932B3E69,SRC-1B966F866CDF,"Isbell bowl 22, p. 69"
APP-FA9C80B5DC77,SRC-6D313A7AA389,"p. 1, item 6"
APP-FAC8D3B9C501,SRC-3D4B57D27A24,Related objects: 1980-0415-31-c
APP-FB2FFBAD8B74,SRC-73B85F2D465B,DOI 10.25549/inscriptifact-ouc15259844
APP-FB5B33C68FBF,SRC-72D809FB4249,text 110M; section pp. 103–146
APP-FB61AB1B8CC5,SRC-62A4522F2585,"lot 1419, object 2 (centre)"
APP-FB7852B5607E,SRC-B6E38E9A68F4,Penn web object 161404
APP-FBCD122ACF75,SRC-FA220943A803,"lot 1200, object 3 of 3"
APP-FBE336A2A518,SRC-3A8095B6D794,index entry BM069A
APP-FC27CB5EB482,SRC-72D809FB4249,text 032A; section pp. 43–102
APP-FC3E5212995A,SRC-4A1FC349B813,Smithsonian record nmnhanthropology_8046135
APP-FC98AC0E5F24,SRC-72D809FB4249,text 131Ps; section pp. 150–162
APP-FCA110CE0020,SRC-73C44B143A9D,"p. 161, distribution table, De Menil"
APP-FCC2CE9293DF,SRC-3A8095B6D794,index entry CAIB72
APP-FCE745A2762E,SRC-3A8095B6D794,index entry BM018A
APP-FD1659B5ADF4,SRC-72D809FB4249,text 099M; section pp. 103–146
APP-FD76CEC04A5E,SRC-6CC56BA8F544,Penn web object 105494
APP-FD8BB30C523B,SRC-3D4B57D27A24,Related objects: 1980-0415-31-d
APP-FDB5EB176668,SRC-2F5784919A43,Penn web object 19798
APP-FDD68D283379,SRC-3D4B57D27A24,Related objects: 1911-0408-53
APP-FE0FFEDE62F8,SRC-943673B56FB8,"p. 321, item 3"
APP-FE1F41BEE85E,SRC-3A8095B6D794,index entry VA3853
APP-FE4CBEAD32DC,SRC-6D313A7AA389,"p. 2, item 38"
APP-FE65020FA8F2,SRC-FCEA7A2A5380,lot 213; record 731d538396
APP-FEED7B714B3C,SRC-73C44B143A9D,"p. 154, distribution table, AMB 09"
APP-FEF7A5026BA8,SRC-1165BD7197BA,Penn web object 206305
APP-FF3B384BBD73,SRC-3A8095B6D794,index entry BM027A
APP-FF729208665B,SRC-72D809FB4249,text 054A; section pp. 43–102
APP-FF768211D317,SRC-3D4B57D27A24,Related objects: 1914-0404-3255
APP-FFB1F2304516,SRC-3D4B57D27A24,Related objects: 1880-1012-29
APP-FFB765F0030A,SRC-943673B56FB8,"Appendix no. 42, printed pp. 258-259; PDF pp. 264-265"
APP-FFB97C322539,SRC-5D009CD596AD,Penn web object 11291
APP-FFCDEDF2DD4F,SRC-9F753EDE148B,MMS 997008712396705171
APP-FFD2AC6AA5EB,SRC-3D4B57D27A24,Related objects: 1953-1010-17
APP-FFE55E5D216A,SRC-6D313A7AA389,"p. 2, designation MS 2055/16"
