identity_id,canonical_object_id,record_status,member_count,source_count,appearance_count
IDENT-00411C86E8C1,IBI-00411C86E8C1,candidate,1,1,1
IDENT-007D77A72CEE,IBI-007D77A72CEE,probable,1,1,1
IDENT-009B8B1331CF,IBI-009B8B1331CF,candidate,1,1,1
IDENT-009F4BEB848B,IBI-009F4BEB848B,candidate,1,1,1
IDENT-00AF5AE402AB,IBI-00AF5AE402AB,confirmed,1,1,1
IDENT-00D5EF90085E,IBI-00D5EF90085E,confirmed,1,1,1
IDENT-00E095201103,IBI-00E095201103,candidate,1,1,1
IDENT-013FBB80706C,IBI-013FBB80706C,probable,4,4,4
IDENT-0169FFC4DF9F,IBI-0169FFC4DF9F,candidate,1,1,1
IDENT-01B582E3244E,IBI-74B3A0AA8A87,probable,2,3,3
IDENT-01CFAFC981BF,IBI-01CFAFC981BF,confirmed,1,1,1
IDENT-01E84A54F778,IBI-4F06EB79A80F,probable,2,2,2
IDENT-01F4DCFD953A,IBI-01F4DCFD953A,probable,1,1,1
IDENT-01F91982BC30,IBI-01F91982BC30,candidate,1,1,1
IDENT-021B030E5BF0,IBI-F504A461BD0B,probable,3,3,3
IDENT-021C540426A3,IBI-021C540426A3,probable,2,3,3
IDENT-023E358F613C,IBI-023E358F613C,probable,1,1,1
IDENT-023E77FA4EA0,IBI-023E77FA4EA0,probable,1,1,1
IDENT-025E789F4093,IBI-025E789F4093,confirmed,1,1,1
IDENT-02B43ABF13D9,IBI-8516931DE44E,confirmed,5,5,5
IDENT-02C3017F6BC7,IBI-02C3017F6BC7,candidate,1,1,1
IDENT-035BA4ABBE6D,IBI-035BA4ABBE6D,confirmed,1,2,3
IDENT-03D1831C4F52,IBI-03D1831C4F52,candidate,1,1,1
IDENT-03DD4136BA32,IBI-03DD4136BA32,confirmed,2,2,2
IDENT-046C568A20AD,IBI-046C568A20AD,probable,1,1,1
IDENT-0486433C4AA1,IBI-0486433C4AA1,probable,1,1,1
IDENT-0491BFEF65A7,IBI-0491BFEF65A7,candidate,1,1,1
IDENT-04E65150CB94,IBI-04E65150CB94,candidate,1,1,1
IDENT-04F3BDA44F08,IBI-04F3BDA44F08,candidate,1,1,1
IDENT-050C99E9C3F3,IBI-E71CB0A6665B,probable,2,2,2
IDENT-0585D0CB4219,IBI-0585D0CB4219,probable,1,1,1
IDENT-05936B466DF6,IBI-05936B466DF6,probable,1,1,1
IDENT-05947CF402DF,IBI-05947CF402DF,confirmed,1,1,1
IDENT-05D1CD7549AE,IBI-05D1CD7549AE,candidate,1,1,1
IDENT-05F37B54B501,IBI-05F37B54B501,confirmed,1,1,1
IDENT-05FC5CD699B5,IBI-05FC5CD699B5,confirmed,1,1,1
IDENT-06712C7D2130,IBI-06712C7D2130,probable,1,1,1
IDENT-06BD95937A55,IBI-CD3E783556B1,probable,3,3,3
IDENT-06D9A3E90FA7,IBI-06D9A3E90FA7,probable,1,1,1
IDENT-06DF28395D0E,IBI-06DF28395D0E,probable,1,1,1
IDENT-070B31F47013,IBI-070B31F47013,probable,1,1,1
IDENT-071DAEFA6D11,IBI-071DAEFA6D11,probable,1,1,1
IDENT-07301A4A71CD,IBI-07301A4A71CD,candidate,1,1,1
IDENT-073B6E935D3A,IBI-073B6E935D3A,confirmed,1,1,1
IDENT-074BAE1D8DED,IBI-074BAE1D8DED,probable,2,2,2
IDENT-0764D67E1597,IBI-0764D67E1597,candidate,1,1,1
IDENT-078201A1B578,IBI-078201A1B578,probable,1,1,1
IDENT-079F0B82D514,IBI-079F0B82D514,probable,3,3,3
IDENT-07AB8EBC54E5,IBI-F36154E31E2B,candidate,2,2,2
IDENT-07EF97A1DD2B,IBI-07EF97A1DD2B,confirmed,1,1,1
IDENT-0812604AAFBD,IBI-0812604AAFBD,probable,5,6,6
IDENT-087C6E4D7329,IBI-087C6E4D7329,probable,1,1,1
IDENT-08C9C37BE59B,IBI-08C9C37BE59B,probable,1,1,1
IDENT-08DEAA97DEFF,IBI-08DEAA97DEFF,candidate,1,1,1
IDENT-08E893BAB0D7,IBI-08E893BAB0D7,confirmed,2,2,2
IDENT-090537791C38,IBI-090537791C38,confirmed,1,1,1
IDENT-09AF8E775E18,IBI-09AF8E775E18,probable,2,2,2
IDENT-09B23B2CE047,IBI-AB9C12C9719A,probable,2,2,2
IDENT-09C22FFFD031,IBI-A2E775143F9F,probable,4,4,4
IDENT-0A03F807EB9D,IBI-0A03F807EB9D,candidate,1,1,1
IDENT-0A0808CD163E,IBI-0A0808CD163E,probable,2,2,2
IDENT-0A183C0D3DA4,IBI-0A183C0D3DA4,probable,1,1,1
IDENT-0A4638EC11A0,IBI-CCC8B14D56EA,probable,3,4,4
IDENT-0A4D195A6EE6,IBI-0A4D195A6EE6,candidate,1,1,1
IDENT-0AD30C169821,IBI-0AD30C169821,confirmed,1,1,1
IDENT-0B93002906B1,IBI-0B93002906B1,candidate,1,1,1
IDENT-0B9D7E67D854,IBI-0B9D7E67D854,probable,1,1,1
IDENT-0BF39B9EA89F,IBI-0BF39B9EA89F,probable,1,1,1
IDENT-0C49F8862A63,IBI-0C49F8862A63,confirmed,1,1,1
IDENT-0C53EA838205,IBI-8176C19CFDAF,confirmed,2,2,2
IDENT-0C91DE9D2AEC,IBI-0C91DE9D2AEC,candidate,2,2,2
IDENT-0C99418FFC4A,IBI-0C99418FFC4A,candidate,1,2,2
IDENT-0CCA2AA505A8,IBI-0CCA2AA505A8,candidate,1,1,1
IDENT-0CDECCBBB862,IBI-0CDECCBBB862,probable,1,1,1
IDENT-0D8026ACFDC0,IBI-0D8026ACFDC0,probable,2,2,2
IDENT-0DB8391E62FC,IBI-0DB8391E62FC,candidate,1,1,1
IDENT-0DC2EC6BA78F,IBI-0DC2EC6BA78F,probable,1,1,1
IDENT-0DDAE5D941C5,IBI-0DDAE5D941C5,probable,1,1,1
IDENT-0DDF3246CBCA,IBI-7F04261178CB,probable,3,3,3
IDENT-0DE175753ED8,IBI-0DE175753ED8,probable,1,1,1
IDENT-0DF80F9636D2,IBI-0DF80F9636D2,candidate,1,1,1
IDENT-0E5246C8CD17,IBI-0E5246C8CD17,confirmed,1,1,1
IDENT-0E52F216A762,IBI-0E52F216A762,confirmed,1,1,1
IDENT-0E7150957331,IBI-0E7150957331,candidate,1,1,1
IDENT-0E8D5532FA13,IBI-8D512FDF86E0,probable,2,2,2
IDENT-0EA741BCC672,IBI-0EA741BCC672,probable,3,3,3
IDENT-0EC7827D64A8,IBI-0EC7827D64A8,probable,1,1,1
IDENT-0EECB81B329A,IBI-0EECB81B329A,candidate,1,1,1
IDENT-0F181E2EF9E1,IBI-0F181E2EF9E1,probable,1,1,1
IDENT-0F6031C5921B,IBI-0F6031C5921B,confirmed,1,1,1
IDENT-0F72CC248889,IBI-0F72CC248889,candidate,1,1,1
IDENT-0F792FD4A54F,IBI-0F792FD4A54F,probable,1,1,1
IDENT-0F8B15FDC9FA,IBI-0F8B15FDC9FA,probable,1,1,1
IDENT-0FA43D3D3845,IBI-0FA43D3D3845,candidate,1,1,1
IDENT-1000B6CDC792,IBI-1000B6CDC792,candidate,1,1,1
IDENT-103744835B8E,IBI-103744835B8E,candidate,1,1,1
IDENT-104CE733FB6E,IBI-104CE733FB6E,candidate,1,1,1
IDENT-10736F9D0281,IBI-10736F9D0281,confirmed,1,1,1
IDENT-1096AC7149EC,IBI-1096AC7149EC,probable,2,2,2
IDENT-10F62BE5F176,IBI-10F62BE5F176,candidate,1,1,1
IDENT-110CE4A42E40,IBI-110CE4A42E40,candidate,1,1,1
IDENT-11589900B7B0,IBI-11589900B7B0,probable,3,4,4
IDENT-116EB49D9B12,IBI-116EB49D9B12,confirmed,1,1,1
IDENT-11735829BDED,IBI-11735829BDED,probable,1,1,1
IDENT-1196B85EC89E,IBI-1196B85EC89E,candidate,1,1,1
IDENT-11E2055B3482,IBI-11E2055B3482,candidate,1,1,1
IDENT-11FC2F150C46,IBI-11FC2F150C46,probable,1,1,1
IDENT-121D02E69051,IBI-121D02E69051,confirmed,1,1,1
IDENT-1255BB27ADF4,IBI-1255BB27ADF4,probable,1,1,1
IDENT-12617DC13FC0,IBI-12617DC13FC0,probable,1,1,1
IDENT-1276CBE352E3,IBI-1276CBE352E3,candidate,1,1,1
IDENT-1288C462A766,IBI-1288C462A766,confirmed,1,1,1
IDENT-12A92BD58AA2,IBI-12A92BD58AA2,probable,1,1,1
IDENT-12E9DEF48BE8,IBI-12E9DEF48BE8,probable,1,1,1
IDENT-130DFB1D1802,IBI-130DFB1D1802,candidate,1,1,1
IDENT-131463D92B2C,IBI-131463D92B2C,probable,1,1,1
IDENT-1355E0808717,IBI-1355E0808717,candidate,1,1,1
IDENT-136F2CFA2ADD,IBI-136F2CFA2ADD,candidate,1,1,1
IDENT-13A6F72CD6F0,IBI-13A6F72CD6F0,probable,1,1,1
IDENT-13B2242254BB,IBI-13B2242254BB,probable,1,1,1
IDENT-13F4F4F65D1E,IBI-13F4F4F65D1E,candidate,1,1,1
IDENT-1417A2ECD0F9,IBI-1417A2ECD0F9,probable,1,1,1
IDENT-146141958966,IBI-146141958966,candidate,1,1,1
IDENT-1482A1A5029F,IBI-1482A1A5029F,probable,2,2,2
IDENT-148B8110021B,IBI-148B8110021B,probable,1,1,1
IDENT-14DE93A591AB,IBI-14DE93A591AB,probable,2,2,2
IDENT-15446E13F965,IBI-15446E13F965,confirmed,1,1,1
IDENT-158E425708DC,IBI-158E425708DC,confirmed,1,1,1
IDENT-15E5F5F51C15,IBI-15E5F5F51C15,candidate,1,1,1
IDENT-15FA5AB2FD95,IBI-8DBB2FDDBA64,probable,5,5,6
IDENT-16003DD63F46,IBI-16003DD63F46,probable,1,1,1
IDENT-16049F29E520,IBI-16049F29E520,confirmed,1,1,1
IDENT-160D40AE5C30,IBI-160D40AE5C30,probable,1,1,1
IDENT-1656F37F943F,IBI-1656F37F943F,confirmed,1,1,1
IDENT-16895A57D419,IBI-16895A57D419,probable,1,1,1
IDENT-16929A0457B2,IBI-16929A0457B2,confirmed,1,1,1
IDENT-16D03874CAB3,IBI-16D03874CAB3,confirmed,1,1,1
IDENT-16D19CDC2E71,IBI-16D19CDC2E71,candidate,1,1,1
IDENT-16F45724A603,IBI-16F45724A603,confirmed,1,1,1
IDENT-171905420AEE,IBI-171905420AEE,candidate,1,1,1
IDENT-173C87065236,IBI-173C87065236,candidate,1,1,1
IDENT-178BA6C8C6EF,IBI-5F60BF45DDD7,probable,3,3,3
IDENT-179214179AA4,IBI-179214179AA4,probable,1,1,1
IDENT-17A84EB70872,IBI-17A84EB70872,confirmed,1,1,1
IDENT-17B3C6565520,IBI-17B3C6565520,confirmed,1,1,1
IDENT-17B5BAA1746B,IBI-17B5BAA1746B,probable,1,1,1
IDENT-17BB2C48B051,IBI-17BB2C48B051,confirmed,1,1,1
IDENT-17CAC92E4C51,IBI-17CAC92E4C51,probable,2,2,2
IDENT-18453A93A7E2,IBI-18453A93A7E2,confirmed,1,1,1
IDENT-185FCCE03C08,IBI-185FCCE03C08,probable,1,1,1
IDENT-189465D21A81,IBI-189465D21A81,probable,1,1,1
IDENT-18B688C301FD,IBI-18B688C301FD,candidate,1,1,1
IDENT-18D560D6B24D,IBI-18D560D6B24D,probable,1,1,1
IDENT-193FF4627DC7,IBI-193FF4627DC7,probable,1,1,1
IDENT-19825182523D,IBI-B8B09844C8B9,probable,2,2,2
IDENT-19E101F5D705,IBI-19E101F5D705,probable,1,1,1
IDENT-19F212ABD00E,IBI-19F212ABD00E,candidate,1,1,1
IDENT-19FEDBE86525,IBI-19FEDBE86525,candidate,1,1,1
IDENT-1A098436B031,IBI-F094DE6A4112,probable,3,3,3
IDENT-1A2C37C1994B,IBI-1A2C37C1994B,probable,2,2,2
IDENT-1A5EEE1F1990,IBI-1A5EEE1F1990,candidate,1,1,1
IDENT-1A838B4D55F0,IBI-1A838B4D55F0,candidate,1,1,1
IDENT-1AA57FC2F33B,IBI-1AA57FC2F33B,candidate,1,1,1
IDENT-1AAF876317AA,IBI-1AAF876317AA,probable,1,1,1
IDENT-1ABF133E056F,IBI-1ABF133E056F,confirmed,1,1,1
IDENT-1AF2D2009F51,IBI-591F2729082B,probable,2,2,2
IDENT-1B3C1020F7B0,IBI-1B3C1020F7B0,probable,1,1,1
IDENT-1B4164A69AEB,IBI-1B4164A69AEB,probable,1,1,1
IDENT-1B7355F5BA43,IBI-1B7355F5BA43,probable,1,1,1
IDENT-1BCA06F4C6A3,IBI-1BCA06F4C6A3,confirmed,1,1,1
IDENT-1C15BCD14440,IBI-1C15BCD14440,candidate,1,1,1
IDENT-1C2970E1B571,IBI-1C2970E1B571,probable,1,1,1
IDENT-1C2EB1600C9F,IBI-1C2EB1600C9F,probable,1,1,1
IDENT-1C5D8BAE830D,IBI-1C5D8BAE830D,candidate,1,1,1
IDENT-1D51C8E225EE,IBI-1D51C8E225EE,candidate,1,1,1
IDENT-1D5DB3452BB5,IBI-1D5DB3452BB5,probable,1,1,1
IDENT-1D6F5E86F410,IBI-1D6F5E86F410,candidate,1,2,2
IDENT-1D7983945634,IBI-1D7983945634,candidate,1,1,1
IDENT-1D8AC86E0520,IBI-1D8AC86E0520,probable,1,1,1
IDENT-1DBFD17467EE,IBI-1DBFD17467EE,probable,1,1,1
IDENT-1DEFEF3EB62A,IBI-1DEFEF3EB62A,candidate,1,1,1
IDENT-1E5A77A38A23,IBI-1E5A77A38A23,candidate,1,1,1
IDENT-1E618ED8E0A9,IBI-1E618ED8E0A9,candidate,1,1,1
IDENT-1E6CB815A56E,IBI-1E6CB815A56E,probable,1,1,1
IDENT-1E8BC06AF3C4,IBI-1E8BC06AF3C4,probable,1,1,1
IDENT-1E9210B570BC,IBI-1E9210B570BC,candidate,1,1,1
IDENT-1EBF3D398990,IBI-1EBF3D398990,candidate,1,1,1
IDENT-1F104D5164E8,IBI-1F104D5164E8,probable,1,1,1
IDENT-1F14B48CC1F9,IBI-1F14B48CC1F9,candidate,1,1,1
IDENT-1F55D319D973,IBI-1F55D319D973,candidate,1,1,1
IDENT-1FE3CC239841,IBI-1FE3CC239841,candidate,1,1,1
IDENT-2037A36226CB,IBI-2037A36226CB,probable,2,2,2
IDENT-20892526C235,IBI-20892526C235,confirmed,1,1,1
IDENT-208EC97C9987,IBI-208EC97C9987,probable,1,1,1
IDENT-20A53178A58B,IBI-79CB88572315,candidate,2,1,2
IDENT-214D07893EE2,IBI-214D07893EE2,probable,1,1,1
IDENT-218DE1BE8204,IBI-218DE1BE8204,confirmed,1,1,1
IDENT-21905513ABB4,IBI-21905513ABB4,confirmed,1,1,1
IDENT-21A82C18C677,IBI-21A82C18C677,probable,1,1,1
IDENT-21AC145272C3,IBI-A5EA35FED093,probable,2,2,2
IDENT-21B455AEA105,IBI-21B455AEA105,candidate,1,1,1
IDENT-21B5ECDA71C3,IBI-21B5ECDA71C3,probable,3,4,4
IDENT-21BB929F927B,IBI-B4FBA6461813,confirmed,3,3,3
IDENT-21C43CC67547,IBI-21C43CC67547,candidate,1,1,1
IDENT-21CC875A95F0,IBI-21CC875A95F0,confirmed,1,1,1
IDENT-21F04F566A66,IBI-21F04F566A66,confirmed,1,1,1
IDENT-21F8CFF83258,IBI-21F8CFF83258,candidate,1,1,1
IDENT-220BCFC0023F,IBI-220BCFC0023F,candidate,1,1,1
IDENT-223C8B15FFAD,IBI-41EF9D3D3B97,probable,3,3,3
IDENT-2240A84876B0,IBI-2240A84876B0,probable,2,2,2
IDENT-2302CEAE11AF,IBI-5CB5A9A5E46E,probable,3,3,3
IDENT-232209BCB4D0,IBI-232209BCB4D0,confirmed,1,1,1
IDENT-232C781BAEC5,IBI-232C781BAEC5,candidate,1,1,1
IDENT-2330422E45D9,IBI-2330422E45D9,candidate,1,1,1
IDENT-2344C3FF52B5,IBI-2344C3FF52B5,candidate,1,1,1
IDENT-23A7F361C52B,IBI-23A7F361C52B,confirmed,1,1,1
IDENT-23A83B02203D,IBI-23A83B02203D,candidate,1,1,1
IDENT-23F08045C39F,IBI-23F08045C39F,probable,1,1,1
IDENT-2422A6BE70E3,IBI-E10F6716C2C1,probable,3,3,3
IDENT-24554F13A378,IBI-E654464B246D,probable,3,4,4
IDENT-24674D1820C6,IBI-E135C0EA9CED,probable,4,4,4
IDENT-24806B38E295,IBI-24806B38E295,candidate,1,1,1
IDENT-249B4166F00F,IBI-249B4166F00F,probable,1,1,1
IDENT-24A6C8270E2E,IBI-24A6C8270E2E,candidate,1,1,1
IDENT-24A9556799DE,IBI-24A9556799DE,candidate,1,1,1
IDENT-24ACB7015795,IBI-24ACB7015795,candidate,1,1,1
IDENT-2548E38191DB,IBI-2548E38191DB,candidate,1,1,1
IDENT-25B551BD0779,IBI-25B551BD0779,confirmed,2,2,2
IDENT-25BCE95A8261,IBI-25BCE95A8261,candidate,1,1,1
IDENT-2607A944A606,IBI-2607A944A606,probable,1,1,1
IDENT-260D4E5E5F7D,IBI-260D4E5E5F7D,candidate,1,1,1
IDENT-2615F285A3AD,IBI-2615F285A3AD,probable,1,1,1
IDENT-2686C627CD27,IBI-2686C627CD27,candidate,1,1,1
IDENT-26A16977EC0F,IBI-26A16977EC0F,candidate,1,1,1
IDENT-26BDEA55EA1E,IBI-26BDEA55EA1E,probable,3,3,3
IDENT-2728C7DFE378,IBI-2728C7DFE378,candidate,1,1,1
IDENT-272A802952A9,IBI-272A802952A9,confirmed,1,1,1
IDENT-274C504D8B36,IBI-274C504D8B36,candidate,1,1,1
IDENT-277022EB0397,IBI-277022EB0397,candidate,1,1,1
IDENT-278C08BF8836,IBI-278C08BF8836,probable,1,1,1
IDENT-278D34D3829E,IBI-278D34D3829E,confirmed,1,1,1
IDENT-27C6D6615AA5,IBI-27C6D6615AA5,probable,2,2,2
IDENT-27E625F08E90,IBI-D8C1FFD3FBED,probable,5,3,5
IDENT-27E9F3EE0B7E,IBI-27E9F3EE0B7E,candidate,1,1,1
IDENT-283FD9063B32,IBI-7B5FC6F7A0FA,probable,4,4,5
IDENT-284FC36562FD,IBI-284FC36562FD,candidate,1,1,1
IDENT-288831B6B43D,IBI-288831B6B43D,probable,1,1,1
IDENT-28AFCD028373,IBI-28AFCD028373,probable,4,4,4
IDENT-28C0A68E5312,IBI-28C0A68E5312,candidate,1,1,1
IDENT-28C98DC174AB,IBI-28C98DC174AB,candidate,1,1,1
IDENT-28CCB551F9CE,IBI-28CCB551F9CE,candidate,1,1,1
IDENT-28F0AB8A316E,IBI-28F0AB8A316E,confirmed,1,1,1
IDENT-2953DC605502,IBI-2953DC605502,probable,1,1,1
IDENT-29B9C18F60AD,IBI-29B9C18F60AD,confirmed,1,1,1
IDENT-29C586400FE7,IBI-29C586400FE7,candidate,1,1,1
IDENT-29E94E57E9AB,IBI-29E94E57E9AB,candidate,1,1,1
IDENT-2A02096BEF0D,IBI-2A02096BEF0D,candidate,1,1,1
IDENT-2A492AE90AFC,IBI-2A492AE90AFC,candidate,1,1,1
IDENT-2A62E7C24655,IBI-2A62E7C24655,candidate,1,1,1
IDENT-2AC4F65B8B41,IBI-2AC4F65B8B41,candidate,1,1,1
IDENT-2AD309D00BD8,IBI-2AD309D00BD8,candidate,1,1,1
IDENT-2AF0C10043BB,IBI-2AF0C10043BB,probable,3,4,4
IDENT-2B3A9FEDF6B6,IBI-2B3A9FEDF6B6,probable,1,1,1
IDENT-2B41E81A39DC,IBI-2B41E81A39DC,candidate,1,1,1
IDENT-2C29F83F15B7,IBI-2C29F83F15B7,confirmed,1,1,1
IDENT-2C4A68905E21,IBI-DEDC98D3F366,probable,4,4,4
IDENT-2C7E81F0BF57,IBI-2C7E81F0BF57,candidate,1,1,1
IDENT-2CD9170DA696,IBI-88103E2EB680,probable,3,3,3
IDENT-2D00C224051D,IBI-2D00C224051D,confirmed,1,1,1
IDENT-2D03029F6DEE,IBI-B54D497CC676,probable,3,3,3
IDENT-2D3CCB46C922,IBI-2D3CCB46C922,candidate,1,1,1
IDENT-2D5171E717C9,IBI-2D5171E717C9,candidate,1,1,1
IDENT-2D80EA4F1D86,IBI-2D80EA4F1D86,probable,2,2,2
IDENT-2D89F1AE8B4E,IBI-2D89F1AE8B4E,candidate,1,1,1
IDENT-2DB1150EAABF,IBI-2DB1150EAABF,probable,2,2,2
IDENT-2DC78044BAB0,IBI-2DC78044BAB0,candidate,1,1,1
IDENT-2DD01E4AEBAA,IBI-2DD01E4AEBAA,candidate,1,1,1
IDENT-2DE111D82FEB,IBI-2DE111D82FEB,candidate,1,1,1
IDENT-2E2B0585326F,IBI-601F54AC3BA6,probable,2,2,2
IDENT-2E43BB30FC0D,IBI-6F82CB1B2935,probable,2,2,2
IDENT-2E9271010AE9,IBI-950537E68315,confirmed,4,4,4
IDENT-2EDA3F0CC8FF,IBI-2EDA3F0CC8FF,confirmed,1,1,1
IDENT-2EED9438395D,IBI-2EED9438395D,candidate,1,1,1
IDENT-2F518E039625,IBI-6E087B8C539F,probable,3,3,3
IDENT-2F865119B495,IBI-2F865119B495,probable,1,1,1
IDENT-2F9603FC2573,IBI-2F9603FC2573,probable,1,1,1
IDENT-2FBE00255815,IBI-748B22D39260,probable,3,4,4
IDENT-2FE301CE0700,IBI-2FE301CE0700,confirmed,1,1,1
IDENT-2FFC9FF8236D,IBI-2FFC9FF8236D,candidate,1,1,1
IDENT-302745C14252,IBI-302745C14252,probable,1,1,1
IDENT-303D33EE1BE4,IBI-7895CC72B849,confirmed,2,2,2
IDENT-3044FDEF415D,IBI-3044FDEF415D,probable,1,1,1
IDENT-304663B8D76A,IBI-304663B8D76A,confirmed,1,1,1
IDENT-307462D3FF1E,IBI-307462D3FF1E,probable,2,2,2
IDENT-3077C088CF69,IBI-3077C088CF69,probable,1,1,1
IDENT-30ADFE79BF8F,IBI-30ADFE79BF8F,candidate,1,1,1
IDENT-30B4E8189C7A,IBI-BDCC7E804E77,probable,3,4,4
IDENT-30CBF5B8E3C2,IBI-30CBF5B8E3C2,probable,1,1,1
IDENT-30FB7BC72D53,IBI-30FB7BC72D53,confirmed,1,1,1
IDENT-310095C53E06,IBI-325647D3DF8D,probable,3,3,3
IDENT-3132F3F8C7D4,IBI-3132F3F8C7D4,candidate,1,1,1
IDENT-31618FC3F7AF,IBI-31618FC3F7AF,candidate,1,1,1
IDENT-3180DEB24604,IBI-3180DEB24604,candidate,1,1,1
IDENT-3192995163A4,IBI-3192995163A4,confirmed,1,1,1
IDENT-319F3DE276D8,IBI-CF7556423B9D,probable,4,4,4
IDENT-31C352BFECD2,IBI-31C352BFECD2,probable,2,2,2
IDENT-31C3A4F59439,IBI-31C3A4F59439,probable,1,1,1
IDENT-3215D0FCF59D,IBI-3215D0FCF59D,confirmed,1,1,1
IDENT-322709A42431,IBI-322709A42431,candidate,1,1,1
IDENT-3264A74D6009,IBI-3264A74D6009,candidate,1,1,1
IDENT-329D7C137A72,IBI-329D7C137A72,probable,3,4,4
IDENT-32E80C06D6CC,IBI-D8319A094023,probable,3,3,3
IDENT-32F8164EAC5E,IBI-32F8164EAC5E,probable,3,4,4
IDENT-3302F57D7AE1,IBI-84F6B8FD30B3,probable,3,3,3
IDENT-3322C751E92E,IBI-44BC3FE36601,probable,3,3,3
IDENT-333CFA8C8FBF,IBI-333CFA8C8FBF,candidate,1,1,1
IDENT-33600DDBE0D9,IBI-33600DDBE0D9,confirmed,2,2,2
IDENT-336EFF7DA93C,IBI-AC196693433D,probable,2,2,2
IDENT-3389670D4355,IBI-3389670D4355,candidate,1,1,1
IDENT-33ACFC312B22,IBI-33ACFC312B22,probable,1,1,1
IDENT-33C9806531BF,IBI-B860E80111E3,confirmed,5,5,5
IDENT-33E209FF5B86,IBI-33E209FF5B86,confirmed,1,1,1
IDENT-34A1296673D3,IBI-34A1296673D3,candidate,1,1,1
IDENT-34BA7D7EBB71,IBI-C6D59D673FF8,probable,2,2,2
IDENT-34E5A43D4611,IBI-34E5A43D4611,probable,1,1,1
IDENT-356AD7EE0473,IBI-356AD7EE0473,confirmed,1,1,1
IDENT-358AAAF4ED2B,IBI-358AAAF4ED2B,probable,1,1,1
IDENT-35C11EAAE713,IBI-35C11EAAE713,probable,2,2,2
IDENT-35CD0E04D7E6,IBI-35CD0E04D7E6,candidate,1,1,1
IDENT-35F76F0F9D47,IBI-35F76F0F9D47,probable,2,2,2
IDENT-35FC1833A65E,IBI-35FC1833A65E,candidate,1,1,1
IDENT-360CFBBCC321,IBI-360CFBBCC321,candidate,1,1,1
IDENT-362D2E1D6E03,IBI-362D2E1D6E03,probable,2,2,2
IDENT-364CBA12A40B,IBI-364CBA12A40B,probable,1,1,1
IDENT-3657945A6155,IBI-3657945A6155,probable,2,2,2
IDENT-36BC4F8663C6,IBI-36BC4F8663C6,candidate,1,1,1
IDENT-36E0B6218EBA,IBI-36E0B6218EBA,probable,2,2,2
IDENT-37106ED2732D,IBI-37106ED2732D,confirmed,1,1,1
IDENT-372A705104A0,IBI-5689D7C131FC,probable,4,4,5
IDENT-373176F3D2D5,IBI-373176F3D2D5,confirmed,1,1,1
IDENT-374B7E79C69C,IBI-374B7E79C69C,probable,1,1,1
IDENT-3777D0C0A76B,IBI-3777D0C0A76B,confirmed,1,1,1
IDENT-3799CFE813B5,IBI-7680B927BB2F,probable,3,3,3
IDENT-387C18B11F84,IBI-387C18B11F84,confirmed,1,1,1
IDENT-38ADDA9EF4F6,IBI-38ADDA9EF4F6,confirmed,1,1,1
IDENT-38C18AE46D90,IBI-38C18AE46D90,probable,1,1,1
IDENT-390480DC194A,IBI-390480DC194A,probable,1,1,1
IDENT-3927B95BCA23,IBI-3927B95BCA23,candidate,1,1,1
IDENT-392B4F4424B7,IBI-392B4F4424B7,candidate,1,1,1
IDENT-39C410944B65,IBI-39C410944B65,probable,1,1,1
IDENT-3A55DF064E39,IBI-3A55DF064E39,probable,1,1,1
IDENT-3ACD7A605F43,IBI-3ACD7A605F43,candidate,1,1,1
IDENT-3AE967E7EFF9,IBI-3AE967E7EFF9,candidate,1,1,1
IDENT-3AF5851ED3F8,IBI-3AF5851ED3F8,confirmed,1,1,1
IDENT-3AF5FBEE2C91,IBI-3AF5FBEE2C91,candidate,1,1,1
IDENT-3B8932F5C770,IBI-3B8932F5C770,candidate,1,1,1
IDENT-3BD55EC0BD28,IBI-3BD55EC0BD28,candidate,1,1,1
IDENT-3BEE579DCD9B,IBI-3BEE579DCD9B,probable,1,1,1
IDENT-3C13C6F7DFD5,IBI-3C13C6F7DFD5,probable,1,1,1
IDENT-3C7C76482C2A,IBI-3C7C76482C2A,probable,1,1,1
IDENT-3CBF1529D760,IBI-3CBF1529D760,candidate,1,1,1
IDENT-3CC67931DF0F,IBI-3CC67931DF0F,probable,2,2,2
IDENT-3CCB1D35BD7E,IBI-3CCB1D35BD7E,probable,1,1,1
IDENT-3D34F8D130E7,IBI-3D34F8D130E7,candidate,1,1,1
IDENT-3D4D157C95CA,IBI-3D4D157C95CA,candidate,1,1,1
IDENT-3D5237919C52,IBI-3D5237919C52,confirmed,1,1,1
IDENT-3D640F2A8374,IBI-3D640F2A8374,probable,1,1,1
IDENT-3D6D78A28128,IBI-3D6D78A28128,candidate,1,1,1
IDENT-3D7A2E9EE37B,IBI-3D7A2E9EE37B,candidate,1,2,2
IDENT-3D8358A1D0CC,IBI-3D8358A1D0CC,candidate,1,1,1
IDENT-3DA1CA1060F5,IBI-3DA1CA1060F5,candidate,1,1,1
IDENT-3DAA4B38392B,IBI-3DAA4B38392B,candidate,1,1,1
IDENT-3DD8CC816566,IBI-3DD8CC816566,candidate,1,1,1
IDENT-3DF53470BB36,IBI-3DF53470BB36,confirmed,1,1,1
IDENT-3E0C956BD836,IBI-49D1BAB76E01,probable,3,3,3
IDENT-3E3DA34C502B,IBI-3E3DA34C502B,candidate,1,1,1
IDENT-3E712394AF88,IBI-3E712394AF88,candidate,1,1,1
IDENT-3E89893C3F16,IBI-3E89893C3F16,probable,1,1,1
IDENT-3E8AE8D72F0E,IBI-3E8AE8D72F0E,confirmed,1,1,1
IDENT-3E8AF5F84087,IBI-3E8AF5F84087,probable,1,1,1
IDENT-3EA5FDFA2ECA,IBI-3EA5FDFA2ECA,confirmed,1,1,1
IDENT-3EC203C5BED5,IBI-3EC203C5BED5,confirmed,1,1,1
IDENT-3F07F2C93A12,IBI-3F07F2C93A12,candidate,1,1,1
IDENT-3F5236D2F146,IBI-3F5236D2F146,candidate,1,1,1
IDENT-3F577A400110,IBI-3F577A400110,candidate,1,1,1
IDENT-3F5D2D9C15BE,IBI-3F5D2D9C15BE,confirmed,1,1,1
IDENT-3F8692FF0DFB,IBI-3F8692FF0DFB,confirmed,1,1,1
IDENT-3F9E41863B70,IBI-3F9E41863B70,probable,2,2,2
IDENT-3FA4EDABE5CF,IBI-3FA4EDABE5CF,confirmed,1,1,1
IDENT-3FC24DAEBFE7,IBI-3FC24DAEBFE7,candidate,1,1,1
IDENT-404DAD941844,IBI-404DAD941844,candidate,1,1,1
IDENT-4056AFBF0AC8,IBI-4056AFBF0AC8,probable,1,1,1
IDENT-4097E9918A80,IBI-4097E9918A80,candidate,1,1,1
IDENT-40A1A8922ED8,IBI-40A1A8922ED8,candidate,1,1,1
IDENT-40D12FB9110C,IBI-40D12FB9110C,confirmed,1,1,1
IDENT-410A5FE6DE6C,IBI-410A5FE6DE6C,candidate,1,1,1
IDENT-410C07F078B6,IBI-410C07F078B6,candidate,1,1,1
IDENT-4128C404FC1B,IBI-4128C404FC1B,probable,1,1,1
IDENT-412E0B1680FB,IBI-C3B04E20C369,probable,4,4,4
IDENT-413CDC41E1AC,IBI-413CDC41E1AC,candidate,1,1,1
IDENT-419B3DDFF35E,IBI-419B3DDFF35E,probable,1,1,1
IDENT-41EA6AEE468A,IBI-41EA6AEE468A,candidate,1,1,1
IDENT-420DBD126CDB,IBI-420DBD126CDB,confirmed,1,1,1
IDENT-429D6A806F08,IBI-429D6A806F08,candidate,1,1,1
IDENT-42D1DF350C7A,IBI-42D1DF350C7A,candidate,1,1,1
IDENT-4317A627E44F,IBI-4317A627E44F,candidate,1,1,1
IDENT-4361DA43DC7F,IBI-4361DA43DC7F,candidate,1,1,1
IDENT-4388179CF590,IBI-4388179CF590,confirmed,2,2,2
IDENT-43E160643DDF,IBI-43E160643DDF,candidate,1,1,1
IDENT-43E5EECA50BC,IBI-43E5EECA50BC,probable,1,1,1
IDENT-444B0B07BA0E,IBI-444B0B07BA0E,candidate,1,1,1
IDENT-44AFA550086A,IBI-44AFA550086A,probable,1,1,1
IDENT-453035C1DDED,IBI-453035C1DDED,confirmed,1,1,1
IDENT-45C71B5BE6EC,IBI-45C71B5BE6EC,candidate,1,1,1
IDENT-45CD59071E6E,IBI-45CD59071E6E,candidate,1,1,1
IDENT-4653681EA3B5,IBI-4653681EA3B5,confirmed,1,1,1
IDENT-46769AB4E6AE,IBI-46769AB4E6AE,confirmed,1,1,1
IDENT-46C8C30E20BF,IBI-46C8C30E20BF,probable,1,2,2
IDENT-47578B1D57F0,IBI-47578B1D57F0,probable,3,4,4
IDENT-47922DD16507,IBI-47922DD16507,candidate,1,1,1
IDENT-47A624FD7A32,IBI-47A624FD7A32,probable,1,1,1
IDENT-47F7DABCD899,IBI-47F7DABCD899,confirmed,1,1,1
IDENT-4804CC31F58D,IBI-4804CC31F58D,probable,1,1,1
IDENT-4884D32F63D1,IBI-80A2CB091A04,probable,2,2,2
IDENT-48D2AD086C07,IBI-48D2AD086C07,candidate,1,1,1
IDENT-49279B6480D9,IBI-49279B6480D9,probable,1,1,1
IDENT-492EBB1E3508,IBI-492EBB1E3508,probable,1,1,1
IDENT-4949F2DB777F,IBI-4949F2DB777F,candidate,1,1,1
IDENT-496A7DF45DE8,IBI-496A7DF45DE8,candidate,1,1,1
IDENT-49BD92ACF18B,IBI-49BD92ACF18B,probable,1,1,1
IDENT-49D8C1227586,IBI-49D8C1227586,probable,1,1,1
IDENT-49DD527F5D94,IBI-49DD527F5D94,candidate,1,1,1
IDENT-4A088BA7C7FA,IBI-4A088BA7C7FA,candidate,1,1,1
IDENT-4A2F6AC1F208,IBI-4A2F6AC1F208,confirmed,1,1,1
IDENT-4AACF1A7FC32,IBI-4AACF1A7FC32,probable,1,1,1
IDENT-4AC688F5E515,IBI-E4602FCF2E34,probable,3,3,3
IDENT-4AE5624CAB18,IBI-4AE5624CAB18,probable,1,1,1
IDENT-4AF7C0A9A49E,IBI-4AF7C0A9A49E,confirmed,1,1,1
IDENT-4B442625658D,IBI-4B442625658D,candidate,1,1,1
IDENT-4B446E8F382A,IBI-4B446E8F382A,candidate,1,1,1
IDENT-4B583D2C62F2,IBI-4B583D2C62F2,candidate,1,1,1
IDENT-4B613C8F7888,IBI-4B613C8F7888,confirmed,1,1,1
IDENT-4BC0E6C6248A,IBI-4BC0E6C6248A,probable,1,1,1
IDENT-4BE4B69AB2D2,IBI-4BE4B69AB2D2,probable,1,1,1
IDENT-4C5ECE7D80EA,IBI-4C5ECE7D80EA,candidate,1,1,1
IDENT-4C9716400DD6,IBI-4C9716400DD6,probable,1,1,1
IDENT-4CB0DA45A7D0,IBI-4CB0DA45A7D0,probable,1,1,1
IDENT-4CD929F055AE,IBI-4CD929F055AE,probable,1,1,1
IDENT-4CDAFE6C01A3,IBI-4CDAFE6C01A3,probable,1,1,1
IDENT-4D29382AEC22,IBI-4D29382AEC22,candidate,1,1,1
IDENT-4D4032DE7595,IBI-4D4032DE7595,probable,1,1,1
IDENT-4D7E8C4473C1,IBI-BF1E6329F91D,probable,2,2,2
IDENT-4D931CBC1484,IBI-4D931CBC1484,probable,1,1,1
IDENT-4DB53DB1F71A,IBI-761FF5C3F057,probable,2,2,2
IDENT-4E0DCBDCC1F2,IBI-90A3DFF32458,probable,2,2,2
IDENT-4E4BF73700F3,IBI-4E4BF73700F3,candidate,1,1,1
IDENT-4E8B3D074C8C,IBI-4F8B091D150F,probable,2,2,2
IDENT-4EDC87544CE8,IBI-4EDC87544CE8,confirmed,1,1,1
IDENT-4F498F59E098,IBI-4F498F59E098,probable,1,1,1
IDENT-4F5841D575F1,IBI-4F5841D575F1,probable,1,1,1
IDENT-4F7F8D057CCC,IBI-4F7F8D057CCC,candidate,1,1,1
IDENT-4FC91C05B993,IBI-4FC91C05B993,probable,1,1,1
IDENT-4FE7EFCFDFFC,IBI-4FE7EFCFDFFC,candidate,1,1,1
IDENT-5002143E0DC9,IBI-6C4D8112FFE2,probable,3,3,3
IDENT-50F54650C17B,IBI-50F54650C17B,confirmed,1,1,1
IDENT-510CFB1AB6F7,IBI-510CFB1AB6F7,probable,1,1,1
IDENT-51396F1F61E4,IBI-F95732BB308E,probable,2,2,2
IDENT-516832F05365,IBI-516832F05365,probable,1,1,1
IDENT-51D0CCC0FDC5,IBI-B8D8FA942816,probable,4,4,5
IDENT-51D534C82D43,IBI-51D534C82D43,confirmed,1,1,1
IDENT-51DF61D0E415,IBI-51DF61D0E415,confirmed,1,1,1
IDENT-520283C6D783,IBI-520283C6D783,candidate,1,1,1
IDENT-522D56F4C3D8,IBI-522D56F4C3D8,confirmed,1,1,1
IDENT-525DC230A207,IBI-525DC230A207,candidate,1,1,1
IDENT-52600C3EFC8A,IBI-52600C3EFC8A,confirmed,1,1,1
IDENT-527704D6B074,IBI-527704D6B074,probable,3,3,3
IDENT-52859A699CD5,IBI-52859A699CD5,candidate,1,1,1
IDENT-530D2CFECF43,IBI-530D2CFECF43,confirmed,1,1,1
IDENT-5337D0961A00,IBI-5337D0961A00,probable,1,1,1
IDENT-5344FF63115C,IBI-5344FF63115C,candidate,1,1,1
IDENT-53A84E600FF4,IBI-53A84E600FF4,candidate,1,1,1
IDENT-53BBE7375CCD,IBI-53BBE7375CCD,candidate,1,1,1
IDENT-5430A0855D0E,IBI-5430A0855D0E,confirmed,1,1,1
IDENT-54398C1767BE,IBI-54398C1767BE,candidate,1,1,1
IDENT-544ABA7B7DAA,IBI-544ABA7B7DAA,probable,2,2,2
IDENT-5450D882F4E2,IBI-5450D882F4E2,candidate,1,1,1
IDENT-549372009A48,IBI-549372009A48,candidate,1,2,2
IDENT-54CD93D3C03E,IBI-54CD93D3C03E,confirmed,1,1,1
IDENT-54F1E266EBCC,IBI-54F1E266EBCC,probable,1,1,1
IDENT-5513BF033E74,IBI-5513BF033E74,candidate,1,1,1
IDENT-555795C53961,IBI-555795C53961,candidate,1,1,1
IDENT-555D2CF45684,IBI-555D2CF45684,probable,1,1,1
IDENT-55769FD589D6,IBI-55769FD589D6,candidate,1,1,1
IDENT-558CF7614F99,IBI-EAC93F99B3EE,probable,2,2,2
IDENT-5592B06397E2,IBI-5592B06397E2,candidate,1,1,1
IDENT-559FAD73616B,IBI-559FAD73616B,candidate,1,1,1
IDENT-5632A258703A,IBI-5632A258703A,probable,1,1,1
IDENT-564F562C76B3,IBI-564F562C76B3,confirmed,1,1,1
IDENT-56796E0EB0E2,IBI-56796E0EB0E2,probable,2,1,2
IDENT-5697CFCCA6A5,IBI-5697CFCCA6A5,probable,1,1,1
IDENT-56B449534A9B,IBI-56B449534A9B,candidate,1,1,1
IDENT-56C0FBBB8E70,IBI-56C0FBBB8E70,probable,1,1,1
IDENT-56CB143F21AA,IBI-56CB143F21AA,probable,1,1,1
IDENT-579F6C01A9C9,IBI-579F6C01A9C9,candidate,1,1,1
IDENT-57DA11BFD44F,IBI-57DA11BFD44F,confirmed,1,1,1
IDENT-57E8D820C43C,IBI-57E8D820C43C,probable,1,1,1
IDENT-57F722D9620A,IBI-57F722D9620A,candidate,1,1,1
IDENT-583417FC78CB,IBI-583417FC78CB,candidate,1,1,1
IDENT-586A5A88B7DC,IBI-5C355EF43D8D,probable,4,4,4
IDENT-58B777C45C40,IBI-58B777C45C40,candidate,1,1,1
IDENT-597290DEB8C3,IBI-CF631FD80A2E,probable,2,2,2
IDENT-5A3C52509B4D,IBI-5A3C52509B4D,confirmed,1,1,1
IDENT-5A650FB631EB,IBI-5A650FB631EB,candidate,1,1,1
IDENT-5A68C5918142,IBI-5A68C5918142,probable,1,1,1
IDENT-5A78EABCD168,IBI-5A78EABCD168,probable,1,1,1
IDENT-5AE22A5683A5,IBI-5AE22A5683A5,confirmed,1,1,1
IDENT-5B1343517775,IBI-5B1343517775,probable,4,4,4
IDENT-5B32B54C7F0C,IBI-5B32B54C7F0C,confirmed,1,1,1
IDENT-5B7219F61A21,IBI-5B7219F61A21,candidate,1,1,1
IDENT-5B8A457394DA,IBI-5B8A457394DA,probable,1,1,1
IDENT-5B8AA7831836,IBI-5B8AA7831836,confirmed,1,1,1
IDENT-5BA864A5AA3B,IBI-7705A74EC455,probable,3,3,3
IDENT-5BD2C1B41501,IBI-5BD2C1B41501,candidate,1,1,1
IDENT-5C02510AF065,IBI-5C02510AF065,candidate,1,1,1
IDENT-5C4F91E6067E,IBI-5C4F91E6067E,confirmed,1,1,1
IDENT-5C8B8D7464F2,IBI-5C8B8D7464F2,candidate,1,1,1
IDENT-5D08E0461F30,IBI-5D08E0461F30,confirmed,1,1,1
IDENT-5DF7F023CE35,IBI-5DF7F023CE35,candidate,1,1,1
IDENT-5E1534581648,IBI-5E1534581648,candidate,1,1,1
IDENT-5E32D964D468,IBI-5E32D964D468,candidate,1,1,1
IDENT-5E45A166A621,IBI-5E45A166A621,candidate,1,1,1
IDENT-5E480A6DF9A3,IBI-5E480A6DF9A3,candidate,1,1,1
IDENT-5EA30AAE087E,IBI-5EA30AAE087E,confirmed,1,1,1
IDENT-5ECA91207942,IBI-5ECA91207942,confirmed,1,1,1
IDENT-5EFBFD3ADE74,IBI-5EFBFD3ADE74,probable,1,1,1
IDENT-5EFFC55984C7,IBI-5EFFC55984C7,candidate,1,1,1
IDENT-5F0220831F74,IBI-5F0220831F74,candidate,1,1,1
IDENT-5F336B91D4C4,IBI-63D2D8082D09,probable,2,2,2
IDENT-5F62830AF613,IBI-5F62830AF613,candidate,1,1,1
IDENT-5FCC4322461F,IBI-F6ED61BF3D88,probable,4,4,4
IDENT-5FEA632C514C,IBI-5FEA632C514C,probable,1,1,1
IDENT-5FF17F04C265,IBI-5FF17F04C265,probable,1,1,1
IDENT-6005503283A5,IBI-B6246E14776E,probable,3,3,3
IDENT-607F5A5A80C9,IBI-607F5A5A80C9,candidate,1,1,1
IDENT-60A39530F497,IBI-60A39530F497,candidate,1,1,1
IDENT-60A67A350134,IBI-60A67A350134,probable,1,1,1
IDENT-60CEFE849F9D,IBI-60CEFE849F9D,confirmed,1,1,1
IDENT-6125E2675488,IBI-BCF1D44D0968,probable,2,2,2
IDENT-61855D47B725,IBI-61855D47B725,confirmed,1,1,1
IDENT-618DB7091347,IBI-618DB7091347,confirmed,1,1,1
IDENT-61A4EA30B2D4,IBI-61A4EA30B2D4,candidate,1,1,1
IDENT-61A96A00B7B1,IBI-61A96A00B7B1,probable,2,2,2
IDENT-61CFB166EF10,IBI-61CFB166EF10,probable,2,2,2
IDENT-6205B2E61A71,IBI-6205B2E61A71,probable,1,1,1
IDENT-620A239DAA70,IBI-620A239DAA70,candidate,2,2,2
IDENT-627E5C646C5B,IBI-627E5C646C5B,candidate,1,1,1
IDENT-62DA4A36AF2B,IBI-62DA4A36AF2B,candidate,1,1,1
IDENT-62F30A57A7A0,IBI-62F30A57A7A0,confirmed,1,1,1
IDENT-62F5934FB165,IBI-62F5934FB165,confirmed,1,1,1
IDENT-632C69FF10F4,IBI-632C69FF10F4,candidate,1,1,1
IDENT-6364E0AD56A8,IBI-6364E0AD56A8,probable,1,1,1
IDENT-63793B0DDEBD,IBI-63793B0DDEBD,probable,1,1,1
IDENT-638A4565DB08,IBI-638A4565DB08,confirmed,1,1,1
IDENT-63BF471B795C,IBI-63BF471B795C,probable,1,1,1
IDENT-63C66E7DD4EA,IBI-63C66E7DD4EA,confirmed,1,1,1
IDENT-63D659859D54,IBI-63D659859D54,probable,1,1,1
IDENT-63DC1A6B27EF,IBI-CEC11D2DBB44,probable,3,3,3
IDENT-643AF1B799FD,IBI-643AF1B799FD,probable,1,1,1
IDENT-644F03502EC4,IBI-644F03502EC4,candidate,1,1,1
IDENT-64889DD64911,IBI-64889DD64911,candidate,1,1,1
IDENT-64FAFD2BE47A,IBI-64FAFD2BE47A,confirmed,1,1,1
IDENT-653C0F4DAF6F,IBI-653C0F4DAF6F,probable,2,2,2
IDENT-65643BBAF2D8,IBI-65643BBAF2D8,probable,1,1,1
IDENT-65A488C5A931,IBI-65A488C5A931,candidate,1,1,1
IDENT-664456D75E41,IBI-664456D75E41,confirmed,1,1,1
IDENT-6660773386B7,IBI-6660773386B7,candidate,1,1,1
IDENT-66700DA0DFDA,IBI-66700DA0DFDA,probable,1,1,1
IDENT-66B8C4ED718F,IBI-66B8C4ED718F,candidate,1,1,1
IDENT-66B8FD91B8A4,IBI-66B8FD91B8A4,candidate,1,1,1
IDENT-66C56F42A195,IBI-66C56F42A195,candidate,1,1,1
IDENT-677C9AD3E7E9,IBI-677C9AD3E7E9,confirmed,1,1,1
IDENT-6788A84FE8CA,IBI-6788A84FE8CA,confirmed,1,1,1
IDENT-67A46456293B,IBI-67A46456293B,probable,2,2,2
IDENT-67A5D26A58C9,IBI-67A5D26A58C9,candidate,1,1,1
IDENT-67DA4B9D3E9D,IBI-67DA4B9D3E9D,candidate,1,1,1
IDENT-67E68F81FE63,IBI-67E68F81FE63,candidate,1,1,1
IDENT-67FD2257910F,IBI-67FD2257910F,candidate,1,1,1
IDENT-68042E5AC552,IBI-68042E5AC552,candidate,1,1,1
IDENT-683DEE5EB7BA,IBI-683DEE5EB7BA,probable,1,1,1
IDENT-686F34EE247B,IBI-686F34EE247B,confirmed,1,1,1
IDENT-68A32545462E,IBI-68A32545462E,probable,1,1,1
IDENT-68D0AE18B550,IBI-68D0AE18B550,confirmed,1,1,1
IDENT-6918D270707A,IBI-6918D270707A,probable,1,1,1
IDENT-69255EEE1854,IBI-69255EEE1854,candidate,1,1,1
IDENT-692F8E9AEF80,IBI-692F8E9AEF80,candidate,1,1,1
IDENT-69947100356A,IBI-9C3EE339378D,probable,3,4,4
IDENT-69BD5A4C197B,IBI-69BD5A4C197B,confirmed,1,1,1
IDENT-69CDF063CE1C,IBI-69CDF063CE1C,probable,1,1,1
IDENT-69CFC1400A1D,IBI-69CFC1400A1D,probable,1,1,1
IDENT-69D6B3739EA2,IBI-69D6B3739EA2,candidate,1,1,1
IDENT-6A24B33718DB,IBI-88505642BE2E,probable,2,2,2
IDENT-6A3D928A2501,IBI-6A3D928A2501,confirmed,1,1,1
IDENT-6A5B95130C25,IBI-6A5B95130C25,probable,1,1,1
IDENT-6A898071715D,IBI-6A898071715D,candidate,1,1,1
IDENT-6A9034D26F19,IBI-6A9034D26F19,confirmed,1,1,1
IDENT-6AB1C3C19294,IBI-6AB1C3C19294,probable,1,1,1
IDENT-6ADE7D036DA0,IBI-6ADE7D036DA0,probable,1,1,1
IDENT-6AE031E07D30,IBI-6AE031E07D30,probable,1,1,1
IDENT-6AEF476E4E4C,IBI-6AEF476E4E4C,candidate,1,1,1
IDENT-6B180132497C,IBI-6B180132497C,candidate,1,1,1
IDENT-6B9FC4A844C6,IBI-6B9FC4A844C6,confirmed,1,1,1
IDENT-6BBB445849BC,IBI-AA3FC953DA0F,probable,2,2,2
IDENT-6BE6D619D1CF,IBI-B6711673FBFD,probable,2,2,2
IDENT-6BEC680B1365,IBI-6BEC680B1365,probable,1,1,1
IDENT-6BFAD1AD6664,IBI-6BFAD1AD6664,probable,1,1,1
IDENT-6C27E5474140,IBI-6C27E5474140,candidate,1,1,1
IDENT-6C8ABCC45C7C,IBI-6C8ABCC45C7C,confirmed,1,1,1
IDENT-6CCE263ECF3D,IBI-6CCE263ECF3D,confirmed,1,1,1
IDENT-6CD6137EB7E6,IBI-6CD6137EB7E6,probable,1,1,1
IDENT-6CF4D7A637A1,IBI-6CF4D7A637A1,confirmed,1,1,1
IDENT-6CF4E4167D3E,IBI-6CF4E4167D3E,candidate,1,1,1
IDENT-6D8EB3072104,IBI-6D8EB3072104,confirmed,1,1,1
IDENT-6DC11F8D3494,IBI-6DC11F8D3494,candidate,1,2,2
IDENT-6E39509C0A3D,IBI-6E39509C0A3D,probable,1,1,1
IDENT-6E4DCD510E4B,IBI-6E4DCD510E4B,probable,1,1,1
IDENT-6E91E5BC2104,IBI-6E91E5BC2104,confirmed,1,1,1
IDENT-6ECF7BBA5A74,IBI-6ECF7BBA5A74,confirmed,1,1,1
IDENT-6EDBD224265D,IBI-6EDBD224265D,probable,3,3,3
IDENT-6EDC36067929,IBI-6EDC36067929,confirmed,1,1,1
IDENT-6F09DFD10EC4,IBI-6F09DFD10EC4,probable,1,1,1
IDENT-6F17044971CD,IBI-6F17044971CD,confirmed,1,1,1
IDENT-6F29DE6CB2A3,IBI-6F29DE6CB2A3,candidate,1,1,1
IDENT-6F774DF56560,IBI-D2935A468C4F,probable,2,2,2
IDENT-6F7988CFF562,IBI-6F7988CFF562,probable,1,1,1
IDENT-6F91666B40A7,IBI-B8793C833977,probable,2,2,2
IDENT-6F96AEDF4945,IBI-6F96AEDF4945,candidate,1,1,1
IDENT-6F98412BF44D,IBI-6F98412BF44D,probable,1,1,1
IDENT-6FA7E982BF0B,IBI-6FA7E982BF0B,confirmed,1,1,1
IDENT-6FABD77BF235,IBI-6FABD77BF235,probable,1,1,1
IDENT-6FF335082D5F,IBI-77314E5A3199,probable,3,3,3
IDENT-707CAB497217,IBI-707CAB497217,probable,1,1,1
IDENT-70A33619FA7E,IBI-70A33619FA7E,candidate,1,1,1
IDENT-70CE0F40E409,IBI-70CE0F40E409,candidate,1,1,1
IDENT-70F13CE9430F,IBI-70F13CE9430F,confirmed,1,1,1
IDENT-71268FC381A8,IBI-71268FC381A8,candidate,1,1,1
IDENT-71275D19F5D2,IBI-F2C28856C4B8,candidate,2,2,2
IDENT-719DCF8C9757,IBI-719DCF8C9757,confirmed,1,1,1
IDENT-7221ABC87DD6,IBI-7221ABC87DD6,confirmed,1,1,1
IDENT-724AC11312AB,IBI-724AC11312AB,confirmed,1,1,1
IDENT-72719DB2F6BE,IBI-72719DB2F6BE,confirmed,1,1,1
IDENT-72847F594F9C,IBI-72847F594F9C,probable,1,1,1
IDENT-72871546D7BB,IBI-72871546D7BB,confirmed,1,1,1
IDENT-72C2FEA80E01,IBI-72C2FEA80E01,candidate,1,1,1
IDENT-72FEFF11F8A7,IBI-72FEFF11F8A7,candidate,1,1,1
IDENT-730F26F11354,IBI-730F26F11354,confirmed,1,1,1
IDENT-73216B6C3FD7,IBI-73216B6C3FD7,confirmed,1,1,1
IDENT-73425D0E99C6,IBI-73425D0E99C6,candidate,1,1,1
IDENT-7346BB53B72D,IBI-7346BB53B72D,probable,1,1,1
IDENT-7394BFD7A73B,IBI-7394BFD7A73B,probable,1,1,1
IDENT-7395CFCC8BBD,IBI-7395CFCC8BBD,confirmed,1,1,1
IDENT-73D2DAE13663,IBI-73D2DAE13663,probable,2,2,2
IDENT-740D6F751B98,IBI-C01989E5879E,probable,2,2,2
IDENT-74625165CE1F,IBI-74625165CE1F,probable,3,3,3
IDENT-7483C18A7D30,IBI-7483C18A7D30,probable,1,1,1
IDENT-74947CF1C998,IBI-A19B58EBBBA9,probable,2,2,2
IDENT-74D92579EF70,IBI-74D92579EF70,candidate,1,1,1
IDENT-7575F61C0341,IBI-7575F61C0341,candidate,1,1,1
IDENT-75FA7EAA1BF4,IBI-75FA7EAA1BF4,candidate,1,1,1
IDENT-762F23251BD0,IBI-762F23251BD0,candidate,1,1,1
IDENT-763438F34FF1,IBI-763438F34FF1,candidate,1,1,1
IDENT-765368D92A2B,IBI-765368D92A2B,candidate,1,1,1
IDENT-766C8AAE7C05,IBI-766C8AAE7C05,probable,1,1,1
IDENT-76A1BD1CA1A4,IBI-76A1BD1CA1A4,candidate,1,1,1
IDENT-76B1288C73F4,IBI-76B1288C73F4,probable,1,1,1
IDENT-770EFE0D1A29,IBI-9E37AB1B6312,probable,3,4,4
IDENT-77584E7FC2CA,IBI-77584E7FC2CA,probable,1,1,1
IDENT-778D533455D4,IBI-778D533455D4,probable,1,1,1
IDENT-77A885AF1965,IBI-77A885AF1965,candidate,1,1,1
IDENT-77E84A2CC99D,IBI-77E84A2CC99D,candidate,1,1,1
IDENT-7801EB9E36C2,IBI-7801EB9E36C2,candidate,1,1,1
IDENT-7809B8513409,IBI-7809B8513409,probable,1,1,1
IDENT-784A76964A74,IBI-784A76964A74,confirmed,1,1,1
IDENT-7884182D0362,IBI-7884182D0362,probable,1,1,1
IDENT-78BDAC8F3B1B,IBI-78BDAC8F3B1B,confirmed,1,1,1
IDENT-790A43FE121F,IBI-790A43FE121F,probable,1,1,1
IDENT-798DF2BF6161,IBI-798DF2BF6161,candidate,1,1,1
IDENT-7999E0D9422D,IBI-7999E0D9422D,candidate,1,1,1
IDENT-799AE236CDBB,IBI-799AE236CDBB,candidate,1,1,1
IDENT-79A4D3B0726E,IBI-79A4D3B0726E,confirmed,1,1,1
IDENT-79D32E0C0500,IBI-A3736CD7D997,probable,2,2,2
IDENT-79F6219800CC,IBI-79F6219800CC,candidate,1,1,1
IDENT-7A467A8AACE3,IBI-7A467A8AACE3,candidate,1,1,1
IDENT-7A65D1FE72ED,IBI-7A65D1FE72ED,probable,1,1,1
IDENT-7A94ED1805A5,IBI-7A94ED1805A5,probable,1,1,1
IDENT-7AB2CDFBCADC,IBI-7AB2CDFBCADC,probable,1,1,1
IDENT-7ABA09FA264D,IBI-7ABA09FA264D,candidate,1,1,1
IDENT-7AF2C3E31FDD,IBI-7AF2C3E31FDD,probable,1,1,1
IDENT-7B5F55D0F6C7,IBI-7B5F55D0F6C7,candidate,1,1,1
IDENT-7B609238A08D,IBI-7B609238A08D,candidate,1,1,1
IDENT-7B7F91559A1C,IBI-7B7F91559A1C,probable,1,1,1
IDENT-7B9A81135B29,IBI-7B9A81135B29,probable,1,1,1
IDENT-7BCBBD6A6A80,IBI-7BCBBD6A6A80,probable,1,1,1
IDENT-7BD7F0E6C60E,IBI-7BD7F0E6C60E,confirmed,1,1,1
IDENT-7BEE2637A6E3,IBI-7BEE2637A6E3,confirmed,1,1,1
IDENT-7BFAF3E1718C,IBI-7BFAF3E1718C,probable,3,3,3
IDENT-7C1BFCA908F2,IBI-7C1BFCA908F2,candidate,1,1,1
IDENT-7C446F6E0A21,IBI-7C446F6E0A21,probable,1,1,1
IDENT-7C5D3911148E,IBI-7C5D3911148E,candidate,1,1,1
IDENT-7C6E06AF5A4D,IBI-7C6E06AF5A4D,candidate,1,1,1
IDENT-7C8AF79EC8C6,IBI-7C8AF79EC8C6,candidate,1,1,1
IDENT-7C8C513C8C12,IBI-7C8C513C8C12,candidate,1,1,1
IDENT-7C92CE21BB01,IBI-7C92CE21BB01,candidate,1,1,1
IDENT-7CBFFEC3A2FE,IBI-7CBFFEC3A2FE,probable,1,1,1
IDENT-7D0085FFB227,IBI-7D0085FFB227,confirmed,1,1,1
IDENT-7D4797212D4C,IBI-7D4797212D4C,probable,1,1,1
IDENT-7D489FCC0799,IBI-7D489FCC0799,candidate,1,1,1
IDENT-7DAD76C36F8E,IBI-7DAD76C36F8E,probable,1,1,1
IDENT-7E2150B4925C,IBI-7E2150B4925C,candidate,1,1,1
IDENT-7E3DBF7BAC14,IBI-7E3DBF7BAC14,candidate,1,1,1
IDENT-7E45ADDF121D,IBI-7E45ADDF121D,candidate,1,1,1
IDENT-7ED46612578B,IBI-7ED46612578B,candidate,1,1,1
IDENT-7EE6B714A1A1,IBI-7EE6B714A1A1,candidate,1,1,1
IDENT-7F2C7C91BD32,IBI-7F2C7C91BD32,candidate,1,1,1
IDENT-7F45E9808B4D,IBI-7F45E9808B4D,probable,1,1,1
IDENT-7F7DB35F6EFA,IBI-7F7DB35F6EFA,confirmed,1,1,1
IDENT-7FD16B24CE37,IBI-7FD16B24CE37,candidate,1,1,1
IDENT-8059813DF1C5,IBI-8059813DF1C5,probable,1,1,1
IDENT-80E139281335,IBI-80E139281335,candidate,1,1,1
IDENT-812A2B38A50E,IBI-812A2B38A50E,candidate,1,1,1
IDENT-817B3324D21D,IBI-817B3324D21D,confirmed,1,1,1
IDENT-81AE4E796DC4,IBI-81AE4E796DC4,candidate,1,1,1
IDENT-81D1B97CB192,IBI-81D1B97CB192,confirmed,1,1,1
IDENT-81EDA3CB0E4B,IBI-81EDA3CB0E4B,candidate,1,1,1
IDENT-81FDC4078390,IBI-81FDC4078390,probable,1,1,1
IDENT-831C58240DC0,IBI-831C58240DC0,confirmed,1,1,1
IDENT-83474AFCE4F8,IBI-83474AFCE4F8,probable,1,1,1
IDENT-834E8999515E,IBI-834E8999515E,candidate,1,1,1
IDENT-83915232010B,IBI-83915232010B,probable,3,3,3
IDENT-83A0A347B7C4,IBI-83A0A347B7C4,probable,1,1,1
IDENT-83E3E5673339,IBI-83E3E5673339,candidate,2,1,2
IDENT-83EFA38D9260,IBI-83EFA38D9260,candidate,1,1,1
IDENT-8430D0065670,IBI-8430D0065670,candidate,1,1,1
IDENT-843CFCE02D20,IBI-843CFCE02D20,confirmed,2,2,2
IDENT-844F7374DC37,IBI-844F7374DC37,candidate,1,1,1
IDENT-84598A59426E,IBI-84598A59426E,probable,1,1,1
IDENT-847BA478D9ED,IBI-847BA478D9ED,probable,1,1,1
IDENT-84F3B62E7C51,IBI-84F3B62E7C51,candidate,1,1,1
IDENT-84F3D6311D64,IBI-84F3D6311D64,candidate,1,1,1
IDENT-85A9ED12421A,IBI-85A9ED12421A,probable,2,3,3
IDENT-85C8219A7F74,IBI-85C8219A7F74,probable,1,1,1
IDENT-85CF9D30BA6E,IBI-E7EC27018B71,probable,2,2,2
IDENT-85F852645114,IBI-85F852645114,candidate,1,1,1
IDENT-86CA10424E8F,IBI-86CA10424E8F,probable,1,1,1
IDENT-871A5CC64C08,IBI-871A5CC64C08,confirmed,1,1,1
IDENT-87227EEFF156,IBI-87227EEFF156,probable,1,1,1
IDENT-8745953F454E,IBI-8745953F454E,confirmed,1,1,1
IDENT-8746509B00D1,IBI-8746509B00D1,probable,1,1,1
IDENT-874E34F7B3B5,IBI-874E34F7B3B5,probable,1,1,1
IDENT-8750B6F61AFD,IBI-8750B6F61AFD,probable,1,1,1
IDENT-87782BA285D5,IBI-87782BA285D5,candidate,1,1,1
IDENT-87B3F205EF11,IBI-87B3F205EF11,probable,1,1,1
IDENT-8831874BC0D0,IBI-8831874BC0D0,candidate,1,1,1
IDENT-884C0EC644E9,IBI-884C0EC644E9,probable,1,1,1
IDENT-88D1937D3ED2,IBI-88D1937D3ED2,confirmed,1,1,1
IDENT-88D53AE086DE,IBI-88D53AE086DE,probable,1,1,1
IDENT-88FBB367AF36,IBI-88FBB367AF36,candidate,1,1,1
IDENT-890CF7818665,IBI-890CF7818665,probable,1,1,1
IDENT-8919DB3E898E,IBI-8919DB3E898E,candidate,1,1,1
IDENT-89364EC487FF,IBI-89364EC487FF,candidate,1,1,1
IDENT-893BE95F307C,IBI-893BE95F307C,candidate,1,1,1
IDENT-898A714F8DDE,IBI-898A714F8DDE,candidate,1,1,1
IDENT-898FA72381ED,IBI-898FA72381ED,candidate,1,1,1
IDENT-8997E7C02290,IBI-8997E7C02290,probable,1,1,1
IDENT-89D70498E475,IBI-89D70498E475,probable,1,1,1
IDENT-8A079736CDD6,IBI-8A079736CDD6,confirmed,1,1,1
IDENT-8A3BAEA23243,IBI-8A3BAEA23243,probable,1,1,1
IDENT-8A414E482E1F,IBI-8A414E482E1F,confirmed,1,1,1
IDENT-8A764F35A774,IBI-8A764F35A774,candidate,1,1,1
IDENT-8A9E737C9252,IBI-8A9E737C9252,candidate,1,1,1
IDENT-8AB643D0833F,IBI-8AB643D0833F,candidate,1,1,1
IDENT-8B111BFD04DA,IBI-8B111BFD04DA,candidate,1,1,1
IDENT-8B4301E118EE,IBI-8B4301E118EE,candidate,1,1,1
IDENT-8BD97D622B48,IBI-8BD97D622B48,probable,1,1,1
IDENT-8C00422B6E33,IBI-8C00422B6E33,probable,1,1,1
IDENT-8C0760129E59,IBI-8C0760129E59,candidate,1,1,1
IDENT-8C0AC5D39D04,IBI-8C0AC5D39D04,probable,1,1,1
IDENT-8C2D4494C773,IBI-8C2D4494C773,probable,1,1,1
IDENT-8C33CF70266B,IBI-8C33CF70266B,probable,1,1,1
IDENT-8C5D24A42E37,IBI-8C5D24A42E37,candidate,1,1,1
IDENT-8CB0CA407E6E,IBI-8CB0CA407E6E,probable,3,4,4
IDENT-8CE1A46F46E2,IBI-8CE1A46F46E2,confirmed,1,1,1
IDENT-8CE840CF9115,IBI-8CE840CF9115,probable,1,1,1
IDENT-8D435836FB42,IBI-8D435836FB42,probable,1,1,1
IDENT-8D49D8735E51,IBI-8D49D8735E51,confirmed,1,1,1
IDENT-8D4A2D8DC7DA,IBI-8D4A2D8DC7DA,probable,1,1,1
IDENT-8D5D7E958737,IBI-8D5D7E958737,probable,1,1,1
IDENT-8D915E3AD761,IBI-8D915E3AD761,probable,1,1,1
IDENT-8D98BEE1638B,IBI-8D98BEE1638B,probable,1,1,1
IDENT-8DA204C6914A,IBI-8DA204C6914A,candidate,1,1,1
IDENT-8DF5C0C9CF56,IBI-8DF5C0C9CF56,candidate,1,1,1
IDENT-8E0BB84CFA0F,IBI-8E0BB84CFA0F,candidate,1,1,1
IDENT-8E5308A4A137,IBI-8E5308A4A137,candidate,1,1,1
IDENT-8ED4E00D808D,IBI-8ED4E00D808D,candidate,1,1,1
IDENT-8EDCA2132C79,IBI-8EDCA2132C79,probable,1,1,1
IDENT-8F0705B6C26E,IBI-CF9476A6E303,probable,2,2,2
IDENT-8F385B2EB6F2,IBI-8F385B2EB6F2,candidate,1,1,1
IDENT-8FDA7C4C0FF6,IBI-8FDA7C4C0FF6,confirmed,1,1,1
IDENT-9025903BB357,IBI-9025903BB357,probable,1,1,1
IDENT-9078953DB2E7,IBI-9078953DB2E7,probable,1,1,1
IDENT-90833A9B7D36,IBI-C6E5B1BD164C,probable,2,2,2
IDENT-9092CCC4D2C5,IBI-9092CCC4D2C5,confirmed,1,1,1
IDENT-90C14612734A,IBI-90C14612734A,probable,1,1,1
IDENT-90D234EC291A,IBI-90D234EC291A,candidate,1,1,1
IDENT-90E31133B7AB,IBI-90E31133B7AB,candidate,1,1,1
IDENT-90E3D2265AC0,IBI-90E3D2265AC0,probable,1,1,1
IDENT-90E4425BBD7D,IBI-90E4425BBD7D,probable,1,1,1
IDENT-90EB147AD3EE,IBI-90EB147AD3EE,probable,1,1,1
IDENT-915C0B323E6F,IBI-915C0B323E6F,confirmed,1,1,1
IDENT-917397575566,IBI-E74F7ED591BD,probable,4,4,4
IDENT-917B397C66C2,IBI-917B397C66C2,confirmed,1,1,1
IDENT-92002BD6064C,IBI-92002BD6064C,candidate,1,1,1
IDENT-924B5252E5D5,IBI-924B5252E5D5,probable,1,1,1
IDENT-92F5B3CC2C41,IBI-92F5B3CC2C41,probable,1,1,1
IDENT-93050DC592D4,IBI-93050DC592D4,confirmed,1,1,1
IDENT-933883363140,IBI-933883363140,candidate,1,1,1
IDENT-935680A3E627,IBI-935680A3E627,candidate,1,1,1
IDENT-935792C842AB,IBI-935792C842AB,candidate,1,2,2
IDENT-93762BB9D0E1,IBI-93762BB9D0E1,candidate,1,1,1
IDENT-93D8D01109BC,IBI-93D8D01109BC,probable,1,1,1
IDENT-93D8EFA6B3C3,IBI-93D8EFA6B3C3,probable,1,1,1
IDENT-948D89090FA8,IBI-948D89090FA8,candidate,1,1,1
IDENT-94A458622B13,IBI-94A458622B13,candidate,1,1,1
IDENT-9522B8791237,IBI-9522B8791237,candidate,1,1,1
IDENT-95409522D6EC,IBI-95409522D6EC,candidate,1,1,1
IDENT-9569F656CA93,IBI-9569F656CA93,candidate,1,1,1
IDENT-95B32DB89DA3,IBI-95B32DB89DA3,confirmed,1,1,1
IDENT-95E9F42816BF,IBI-95E9F42816BF,candidate,1,1,1
IDENT-96231E65950A,IBI-96231E65950A,candidate,1,1,1
IDENT-9625CFD9198C,IBI-9625CFD9198C,probable,1,1,1
IDENT-963564D9179D,IBI-963564D9179D,confirmed,1,1,1
IDENT-96661F866A76,IBI-96661F866A76,confirmed,1,1,1
IDENT-967FFF92E37F,IBI-967FFF92E37F,probable,1,1,1
IDENT-96BF25574EC7,IBI-96BF25574EC7,probable,1,1,1
IDENT-96C65489B296,IBI-96C65489B296,candidate,1,1,1
IDENT-96E0594FD57F,IBI-96E0594FD57F,candidate,1,1,1
IDENT-9746820141A2,IBI-9746820141A2,confirmed,1,1,1
IDENT-9758D297FB44,IBI-9758D297FB44,probable,1,1,1
IDENT-97ED0532D516,IBI-97ED0532D516,confirmed,1,1,1
IDENT-986201E25DF1,IBI-986201E25DF1,confirmed,1,1,1
IDENT-98DF11F7A9FF,IBI-FEAC2F4016A5,probable,2,2,2
IDENT-98E2E65877A9,IBI-98E2E65877A9,candidate,1,1,1
IDENT-996580409AEC,IBI-996580409AEC,confirmed,1,1,1
IDENT-99A827DC94C1,IBI-99A827DC94C1,probable,1,1,1
IDENT-99CA1DB9C484,IBI-99CA1DB9C484,probable,1,1,1
IDENT-9A21342C5663,IBI-9A21342C5663,candidate,1,1,1
IDENT-9A362DCF2CFA,IBI-9A362DCF2CFA,confirmed,1,1,1
IDENT-9A53997D1CD3,IBI-9A53997D1CD3,probable,1,1,1
IDENT-9A5BAF49A18E,IBI-9A5BAF49A18E,probable,1,1,1
IDENT-9AB5883DFA15,IBI-9AB5883DFA15,probable,1,1,1
IDENT-9AC8BF7669C1,IBI-9AC8BF7669C1,candidate,1,1,1
IDENT-9B0CE6A4F4DE,IBI-9B0CE6A4F4DE,candidate,1,1,1
IDENT-9B6BD36CC471,IBI-9B6BD36CC471,candidate,1,1,1
IDENT-9BBDC3BD6086,IBI-9BBDC3BD6086,candidate,1,1,1
IDENT-9BC4FB520566,IBI-9BC4FB520566,confirmed,1,1,1
IDENT-9BF942623298,IBI-9BF942623298,probable,1,1,1
IDENT-9C0310AAA82F,IBI-9C0310AAA82F,candidate,1,1,1
IDENT-9C4A68654295,IBI-9C4A68654295,candidate,1,1,1
IDENT-9C59F4B49756,IBI-9C59F4B49756,confirmed,1,1,1
IDENT-9C67725EA308,IBI-9C67725EA308,confirmed,1,1,1
IDENT-9C7F41866630,IBI-9C7F41866630,confirmed,1,1,1
IDENT-9CDD9096F957,IBI-9CDD9096F957,probable,1,1,1
IDENT-9D13CDD62235,IBI-DC36E80A1951,probable,2,2,2
IDENT-9D21947B0388,IBI-9D21947B0388,probable,1,2,2
IDENT-9D49C1678C2B,IBI-9D49C1678C2B,probable,1,1,1
IDENT-9D5B4D1848CD,IBI-9D5B4D1848CD,candidate,1,1,1
IDENT-9D6F9874FF25,IBI-9D6F9874FF25,candidate,1,1,1
IDENT-9D7CBB46A6A3,IBI-9D7CBB46A6A3,probable,1,1,1
IDENT-9D8D10B24135,IBI-9D8D10B24135,confirmed,1,1,1
IDENT-9D9670FD6A9E,IBI-9D9670FD6A9E,candidate,1,1,1
IDENT-9DCF4B5EF070,IBI-9DCF4B5EF070,confirmed,1,1,1
IDENT-9E5647B804C4,IBI-9E5647B804C4,candidate,1,1,1
IDENT-9E632A3F0295,IBI-9E632A3F0295,probable,1,1,1
IDENT-9E6B264AC989,IBI-9E6B264AC989,candidate,1,1,1
IDENT-9EBAA35D18D9,IBI-9EBAA35D18D9,candidate,1,1,1
IDENT-9EE64471DAEA,IBI-9EE64471DAEA,candidate,1,1,1
IDENT-9F0C2BC5FBC8,IBI-9F0C2BC5FBC8,probable,1,1,1
IDENT-9F61AE8BC0BA,IBI-9F61AE8BC0BA,candidate,1,1,1
IDENT-A0355D42D20C,IBI-A0355D42D20C,candidate,1,1,1
IDENT-A0386665BAC2,IBI-A0386665BAC2,confirmed,1,1,1
IDENT-A085AF4BECE1,IBI-A085AF4BECE1,candidate,1,1,1
IDENT-A08C17F9599F,IBI-A08C17F9599F,probable,1,1,1
IDENT-A0C31C78E234,IBI-A0C31C78E234,probable,1,1,1
IDENT-A11621D03F66,IBI-A11621D03F66,probable,1,1,1
IDENT-A13F6AA8742B,IBI-D53390041C26,probable,2,2,2
IDENT-A158055D97DA,IBI-A158055D97DA,candidate,1,1,1
IDENT-A1994B11CDEF,IBI-A1994B11CDEF,candidate,1,1,1
IDENT-A1AA3AE64B09,IBI-A1AA3AE64B09,confirmed,1,1,1
IDENT-A2115A007A05,IBI-A2115A007A05,probable,1,1,1
IDENT-A22328E17FE6,IBI-A22328E17FE6,probable,1,1,1
IDENT-A250EA460C15,IBI-A250EA460C15,candidate,1,1,1
IDENT-A271E0F86F5D,IBI-A271E0F86F5D,probable,1,1,1
IDENT-A28AB07607CC,IBI-A28AB07607CC,probable,1,1,1
IDENT-A2A979B37B7A,IBI-A2A979B37B7A,candidate,1,1,1
IDENT-A2C514D5D255,IBI-E8943A27A06D,probable,2,2,2
IDENT-A2DAA0BC88B6,IBI-A2DAA0BC88B6,probable,2,2,2
IDENT-A2E63793BF50,IBI-A2E63793BF50,confirmed,1,1,1
IDENT-A34DB975AEEB,IBI-A34DB975AEEB,confirmed,1,1,1
IDENT-A35AACF66D9D,IBI-A35AACF66D9D,confirmed,1,1,1
IDENT-A39549C75B8E,IBI-A39549C75B8E,candidate,1,1,1
IDENT-A3CB298383D2,IBI-A3CB298383D2,confirmed,1,1,1
IDENT-A3F96BE488EA,IBI-A3F96BE488EA,candidate,1,1,1
IDENT-A4018648241E,IBI-A4018648241E,candidate,1,1,1
IDENT-A40CFF8CFA46,IBI-A40CFF8CFA46,probable,1,1,1
IDENT-A41CE27FA5B1,IBI-A41CE27FA5B1,confirmed,1,1,1
IDENT-A4764EF0C15E,IBI-A4764EF0C15E,candidate,1,1,1
IDENT-A47920BF4C4D,IBI-A47920BF4C4D,probable,1,1,1
IDENT-A48BB612BD37,IBI-A48BB612BD37,confirmed,1,1,1
IDENT-A4D8C4C956A2,IBI-A4D8C4C956A2,probable,1,1,1
IDENT-A4F154B0CB2E,IBI-A4F154B0CB2E,confirmed,1,1,1
IDENT-A5148211C7F0,IBI-A5148211C7F0,probable,2,2,2
IDENT-A5173FAF0C5A,IBI-A5173FAF0C5A,confirmed,1,1,1
IDENT-A5812AA4A88B,IBI-A5812AA4A88B,candidate,1,1,1
IDENT-A5833D9EAB52,IBI-C30A015175D7,probable,2,2,2
IDENT-A58C2D4572FF,IBI-A58C2D4572FF,probable,1,1,1
IDENT-A5C2CAEEB322,IBI-A5C2CAEEB322,candidate,1,1,1
IDENT-A60287129754,IBI-A60287129754,candidate,1,1,1
IDENT-A691404B8D7B,IBI-A691404B8D7B,probable,1,1,1
IDENT-A82799547494,IBI-A82799547494,probable,1,1,1
IDENT-A83BCFF1A88E,IBI-A83BCFF1A88E,probable,1,1,1
IDENT-A844BEBAB2D4,IBI-A844BEBAB2D4,candidate,1,1,1
IDENT-A89B8D5230A5,IBI-A89B8D5230A5,candidate,1,1,1
IDENT-A8AC02611953,IBI-A8AC02611953,candidate,1,1,1
IDENT-A8BE9F6FA177,IBI-A8BE9F6FA177,confirmed,1,1,1
IDENT-A921F581030C,IBI-A921F581030C,probable,1,1,1
IDENT-A941F1E8B2F0,IBI-A941F1E8B2F0,candidate,1,1,1
IDENT-A9469781DBBE,IBI-A9469781DBBE,probable,1,1,1
IDENT-A98BC9E6CA54,IBI-A98BC9E6CA54,candidate,1,1,1
IDENT-A9F0F3BFB1CC,IBI-A9F0F3BFB1CC,probable,1,1,1
IDENT-AA15A1232B1F,IBI-AA15A1232B1F,confirmed,1,1,1
IDENT-AA3D4D3C35CC,IBI-AA3D4D3C35CC,candidate,1,1,1
IDENT-AA487E5E1C00,IBI-AA487E5E1C00,candidate,1,1,1
IDENT-AA67AEE8E98C,IBI-AA67AEE8E98C,probable,1,2,2
IDENT-AA8DEF952E20,IBI-AA8DEF952E20,probable,1,1,1
IDENT-AAAE996F8011,IBI-AAAE996F8011,candidate,1,1,1
IDENT-AB499F10A21D,IBI-AB499F10A21D,candidate,1,1,1
IDENT-ABAC40CC7E28,IBI-ABAC40CC7E28,candidate,1,1,1
IDENT-ABBCB8EAD162,IBI-ABBCB8EAD162,candidate,1,1,1
IDENT-ABBE8A2E6E8E,IBI-ABBE8A2E6E8E,probable,1,1,1
IDENT-ABCF1B285071,IBI-ABCF1B285071,candidate,1,1,1
IDENT-ABDDBBFDA2B7,IBI-ABDDBBFDA2B7,candidate,1,1,1
IDENT-ABDE8A973358,IBI-ABDE8A973358,probable,3,3,3
IDENT-AC247E275999,IBI-AC247E275999,candidate,1,1,1
IDENT-AC5D219BD84B,IBI-AC5D219BD84B,probable,1,1,1
IDENT-ACA1B364B420,IBI-ACA1B364B420,confirmed,1,1,1
IDENT-ACAABD6937E2,IBI-ACAABD6937E2,candidate,1,1,1
IDENT-ACB82EA70EC5,IBI-ACB82EA70EC5,confirmed,1,1,1
IDENT-ACEE815450B1,IBI-ACEE815450B1,candidate,1,1,1
IDENT-AD368E360A02,IBI-AD368E360A02,candidate,1,1,1
IDENT-AD8EFB15E4A0,IBI-AD8EFB15E4A0,confirmed,1,1,1
IDENT-AE37F6937004,IBI-E6782748AAC0,probable,2,2,2
IDENT-AE42D05AA4A3,IBI-AE42D05AA4A3,candidate,1,1,1
IDENT-AE52679A7DB6,IBI-AE52679A7DB6,probable,2,2,2
IDENT-AE6ED79D0B9E,IBI-AE6ED79D0B9E,candidate,1,1,1
IDENT-AE853E6EB337,IBI-AE853E6EB337,probable,1,1,1
IDENT-AEB653AF5AB5,IBI-AEB653AF5AB5,probable,1,1,1
IDENT-AF04A429BAE6,IBI-AF04A429BAE6,probable,1,1,1
IDENT-AFC832AD66CF,IBI-AFC832AD66CF,confirmed,1,1,1
IDENT-AFDF57CFF3FF,IBI-AFDF57CFF3FF,confirmed,1,1,1
IDENT-AFEF49A1A7FB,IBI-AFEF49A1A7FB,candidate,1,1,1
IDENT-B013DF222B9B,IBI-B013DF222B9B,confirmed,1,1,1
IDENT-B03AFE28F0B9,IBI-B03AFE28F0B9,confirmed,1,1,1
IDENT-B05ED8D498A4,IBI-B05ED8D498A4,probable,1,1,1
IDENT-B0928AD8794F,IBI-B0928AD8794F,confirmed,1,1,1
IDENT-B0EE89AC95F3,IBI-B0EE89AC95F3,confirmed,1,1,1
IDENT-B0F71190A97E,IBI-B0F71190A97E,probable,1,1,1
IDENT-B169DA581974,IBI-B169DA581974,probable,2,2,2
IDENT-B16BA47EFA4E,IBI-B16BA47EFA4E,probable,1,1,1
IDENT-B19BB6350226,IBI-B19BB6350226,probable,1,1,1
IDENT-B1C3E7EF20DA,IBI-B1C3E7EF20DA,candidate,1,1,1
IDENT-B1DB244ADA9C,IBI-B1DB244ADA9C,candidate,1,1,1
IDENT-B205D4EC9A30,IBI-B205D4EC9A30,probable,2,3,3
IDENT-B21BBD2D972C,IBI-B21BBD2D972C,confirmed,1,1,1
IDENT-B26A8CEA33A7,IBI-B26A8CEA33A7,candidate,1,1,1
IDENT-B26C2EDB70C1,IBI-BAA1A1373E41,confirmed,2,2,2
IDENT-B27D20C6DBDD,IBI-B27D20C6DBDD,confirmed,1,1,1
IDENT-B2B63E5644A3,IBI-B2B63E5644A3,confirmed,1,1,1
IDENT-B2BDAC53058E,IBI-B2BDAC53058E,candidate,1,1,1
IDENT-B3373DC80437,IBI-B3373DC80437,candidate,1,1,1
IDENT-B344613F0FDC,IBI-B344613F0FDC,candidate,1,1,1
IDENT-B36E5BE78B3E,IBI-B36E5BE78B3E,probable,1,1,1
IDENT-B3CD7FB74C71,IBI-B3CD7FB74C71,probable,1,1,1
IDENT-B43401C954BF,IBI-B43401C954BF,probable,1,1,1
IDENT-B475D78A6EA0,IBI-B475D78A6EA0,candidate,1,1,1
IDENT-B4B929069FC4,IBI-B4B929069FC4,probable,1,1,1
IDENT-B4F1979F5412,IBI-B4F1979F5412,probable,1,1,1
IDENT-B4F65386FB8A,IBI-B4F65386FB8A,candidate,1,1,1
IDENT-B5772A1804A9,IBI-B5772A1804A9,probable,1,1,1
IDENT-B5C397BC11F8,IBI-B5C397BC11F8,probable,1,1,1
IDENT-B5F2095272AE,IBI-B5F2095272AE,confirmed,1,1,1
IDENT-B6AABE2F395E,IBI-B6AABE2F395E,candidate,1,1,1
IDENT-B6B1F6551CBD,IBI-B6B1F6551CBD,candidate,1,1,1
IDENT-B72C2B4661EE,IBI-B72C2B4661EE,probable,1,1,1
IDENT-B73092679452,IBI-B73092679452,candidate,1,1,1
IDENT-B74372055B1B,IBI-B74372055B1B,probable,1,1,1
IDENT-B75AF2D8983C,IBI-B75AF2D8983C,confirmed,1,1,1
IDENT-B7981E70CCE1,IBI-B7981E70CCE1,confirmed,1,1,1
IDENT-B7CAE3ED4D60,IBI-B7CAE3ED4D60,candidate,1,1,1
IDENT-B8152163710F,IBI-CD463292B7B0,probable,2,2,2
IDENT-B84A152F08F2,IBI-B84A152F08F2,candidate,1,1,1
IDENT-B8589C86CB61,IBI-B8589C86CB61,candidate,1,1,1
IDENT-B86B0E550724,IBI-B86B0E550724,probable,1,1,1
IDENT-B92459BF5743,IBI-B92459BF5743,probable,1,1,1
IDENT-B925657D4CFC,IBI-B925657D4CFC,confirmed,1,1,1
IDENT-B92E4622CE3B,IBI-B92E4622CE3B,candidate,1,1,1
IDENT-BA3BDCD8ECE9,IBI-BA3BDCD8ECE9,confirmed,1,1,1
IDENT-BAD10E6659B3,IBI-BAD10E6659B3,candidate,1,1,1
IDENT-BB0B566579F2,IBI-BB0B566579F2,probable,1,1,1
IDENT-BB33CA3C9DF6,IBI-BB33CA3C9DF6,confirmed,1,1,1
IDENT-BB7E2D65B4F2,IBI-BB7E2D65B4F2,candidate,1,1,1
IDENT-BB9AB54B13F3,IBI-BB9AB54B13F3,candidate,1,1,1
IDENT-BBAD14924234,IBI-BBAD14924234,probable,2,2,2
IDENT-BBB46EF28115,IBI-BBB46EF28115,confirmed,1,1,1
IDENT-BBD6713EFA40,IBI-BBD6713EFA40,confirmed,1,1,1
IDENT-BBF8DC8C2BCD,IBI-BBF8DC8C2BCD,confirmed,1,1,1
IDENT-BBF9CDFE55F2,IBI-BBF9CDFE55F2,confirmed,1,1,1
IDENT-BC07E48B8A78,IBI-BC07E48B8A78,probable,1,1,1
IDENT-BC34FDB4C614,IBI-BC34FDB4C614,candidate,1,1,1
IDENT-BC3C5FF3A853,IBI-BC3C5FF3A853,confirmed,1,1,1
IDENT-BC3CB609520C,IBI-BC3CB609520C,candidate,1,1,1
IDENT-BC873E943AF3,IBI-BC873E943AF3,probable,1,1,1
IDENT-BC88C23D6F87,IBI-BC88C23D6F87,candidate,1,1,1
IDENT-BCA2A671CAFF,IBI-BCA2A671CAFF,confirmed,1,1,1
IDENT-BCD64F1C9C58,IBI-BCD64F1C9C58,candidate,1,1,1
IDENT-BCE14F6D4053,IBI-BCE14F6D4053,candidate,1,1,1
IDENT-BCFC0A10CBD4,IBI-BCFC0A10CBD4,confirmed,1,1,1
IDENT-BD32172273E5,IBI-BD32172273E5,probable,1,1,1
IDENT-BE00F0EA837A,IBI-DEBC8A1B560A,probable,2,2,2
IDENT-BE1D28C0DC3E,IBI-BE1D28C0DC3E,confirmed,1,1,1
IDENT-BE34A956B4B8,IBI-BE34A956B4B8,probable,1,1,1
IDENT-BE8DC46BBAE7,IBI-BE8DC46BBAE7,candidate,1,1,1
IDENT-BF211A4B72F7,IBI-BF211A4B72F7,probable,2,2,2
IDENT-BF96C5EC6A0B,IBI-BF96C5EC6A0B,confirmed,1,1,1
IDENT-BFFEC04064FE,IBI-BFFEC04064FE,candidate,1,1,1
IDENT-C009531055DF,IBI-C009531055DF,candidate,1,1,1
IDENT-C0284839BFB8,IBI-C0284839BFB8,candidate,1,1,1
IDENT-C06FF61EAB69,IBI-C06FF61EAB69,probable,1,1,1
IDENT-C0936EFE772B,IBI-C0936EFE772B,probable,1,1,1
IDENT-C0CEB7F095BD,IBI-C0CEB7F095BD,probable,1,1,1
IDENT-C13515C7CFCF,IBI-DC2AA7C32F36,candidate,2,2,2
IDENT-C14FB1F238D2,IBI-C14FB1F238D2,confirmed,1,1,1
IDENT-C18767B3486E,IBI-C18767B3486E,candidate,1,1,1
IDENT-C1AF6481C19A,IBI-C1AF6481C19A,probable,1,1,1
IDENT-C23526FF484B,IBI-C23526FF484B,confirmed,1,1,1
IDENT-C2E332F154A0,IBI-C2E332F154A0,probable,3,3,3
IDENT-C2FE0E6C16FE,IBI-C2FE0E6C16FE,probable,1,1,1
IDENT-C31D6B6016A8,IBI-C31D6B6016A8,probable,1,1,1
IDENT-C364057B0E9A,IBI-C364057B0E9A,confirmed,1,1,1
IDENT-C37AC08EF228,IBI-C37AC08EF228,probable,1,1,1
IDENT-C3A694B7B3C5,IBI-C3A694B7B3C5,probable,1,1,1
IDENT-C3B7C297B162,IBI-C3B7C297B162,probable,1,1,1
IDENT-C4639E9E190A,IBI-C50CABFE3DBA,probable,2,2,2
IDENT-C478C77AFCC6,IBI-C478C77AFCC6,confirmed,1,1,1
IDENT-C489B8F60488,IBI-C489B8F60488,probable,1,1,1
IDENT-C48D5B52AB4E,IBI-C48D5B52AB4E,candidate,1,1,1
IDENT-C4BC7B9B2103,IBI-C4BC7B9B2103,candidate,1,1,1
IDENT-C4D30211498C,IBI-C4D30211498C,probable,1,1,1
IDENT-C50A3FF109FA,IBI-C50A3FF109FA,probable,1,1,1
IDENT-C566A8D2270F,IBI-C566A8D2270F,probable,1,1,1
IDENT-C58457DA1C26,IBI-C58457DA1C26,confirmed,1,1,1
IDENT-C58FA9F0D778,IBI-C58FA9F0D778,confirmed,1,1,1
IDENT-C5FDEE0C9BAA,IBI-C5FDEE0C9BAA,probable,1,1,1
IDENT-C637C068095A,IBI-C637C068095A,confirmed,1,1,1
IDENT-C6413BF444D0,IBI-DF04AC9DDBFB,probable,3,3,3
IDENT-C64F25E8FE6E,IBI-C64F25E8FE6E,probable,1,1,1
IDENT-C66B96611012,IBI-C66B96611012,probable,1,1,1
IDENT-C6C8937ACF81,IBI-C6C8937ACF81,candidate,1,1,1
IDENT-C73FC32015BC,IBI-C73FC32015BC,probable,1,1,1
IDENT-C7402DE65953,IBI-C7402DE65953,candidate,1,1,1
IDENT-C781F00363AA,IBI-C781F00363AA,candidate,1,1,1
IDENT-C7A7DEBCC1FE,IBI-C7A7DEBCC1FE,candidate,1,1,1
IDENT-C8B0B8A4E26E,IBI-C8B0B8A4E26E,probable,1,1,1
IDENT-C8B395024F41,IBI-C8B395024F41,candidate,1,1,1
IDENT-C8BAC4677D5B,IBI-C8BAC4677D5B,candidate,1,1,1
IDENT-C949656D3227,IBI-C949656D3227,candidate,1,1,1
IDENT-C9C76391BEAB,IBI-C9C76391BEAB,probable,1,1,1
IDENT-C9CBD8EB2190,IBI-FD3729E6B891,probable,2,2,2
IDENT-CAA61F73F4A4,IBI-CAA61F73F4A4,confirmed,1,1,1
IDENT-CABF45C2E51C,IBI-CABF45C2E51C,candidate,1,1,1
IDENT-CB14A813E4B6,IBI-CB14A813E4B6,candidate,1,1,1
IDENT-CB1D9D72E7BD,IBI-CB1D9D72E7BD,candidate,1,1,1
IDENT-CBB3B78774C0,IBI-CBB3B78774C0,confirmed,1,1,1
IDENT-CC392D32764E,IBI-CC392D32764E,probable,1,1,1
IDENT-CCDFB03C1B86,IBI-CCDFB03C1B86,candidate,1,1,1
IDENT-CD3CA4C7B203,IBI-CD3CA4C7B203,probable,1,1,1
IDENT-CD3E2F90BE86,IBI-CD3E2F90BE86,candidate,1,1,1
IDENT-CDB8A4D4C424,IBI-CDB8A4D4C424,candidate,1,1,1
IDENT-CDCC7E23EA8D,IBI-CDCC7E23EA8D,probable,1,1,1
IDENT-CE40E1962442,IBI-CE40E1962442,probable,1,1,1
IDENT-CE55DA25E681,IBI-CE55DA25E681,candidate,1,1,1
IDENT-CE59A50C7510,IBI-CE59A50C7510,confirmed,1,1,1
IDENT-CE5BA931384D,IBI-CE5BA931384D,probable,2,2,2
IDENT-CE71062156DD,IBI-CE71062156DD,candidate,1,1,1
IDENT-CE7F7986BF7F,IBI-CE7F7986BF7F,confirmed,1,1,1
IDENT-CEC9D1941144,IBI-CEC9D1941144,probable,1,1,1
IDENT-CEEF8D572150,IBI-CEEF8D572150,confirmed,1,1,1
IDENT-CF2E762AEBC7,IBI-CF2E762AEBC7,probable,1,1,1
IDENT-CF443CC232B9,IBI-CF443CC232B9,probable,1,1,1
IDENT-CF57D0BC40F5,IBI-CF57D0BC40F5,confirmed,1,1,1
IDENT-CFA7B8B35672,IBI-CFA7B8B35672,candidate,1,1,1
IDENT-CFB0EFC807F9,IBI-CFB0EFC807F9,candidate,1,1,1
IDENT-CFBE7C2A87F5,IBI-CFBE7C2A87F5,confirmed,1,1,1
IDENT-CFC719B959A4,IBI-CFC719B959A4,confirmed,1,1,1
IDENT-D026063426EF,IBI-D026063426EF,candidate,1,1,1
IDENT-D051C726E32B,IBI-D051C726E32B,candidate,1,1,1
IDENT-D0A629AC03EA,IBI-D0A629AC03EA,candidate,1,1,1
IDENT-D0A6CF48B471,IBI-D0A6CF48B471,confirmed,1,1,1
IDENT-D0F8CD2771DB,IBI-D0F8CD2771DB,probable,1,1,1
IDENT-D1418E448B16,IBI-D598DA57FA0E,probable,2,2,2
IDENT-D227A0BAF003,IBI-D227A0BAF003,confirmed,1,1,1
IDENT-D2691E26D2CB,IBI-D2691E26D2CB,probable,1,1,1
IDENT-D295E71EB908,IBI-D295E71EB908,candidate,1,1,1
IDENT-D2C708F2AA14,IBI-D2C708F2AA14,confirmed,1,1,1
IDENT-D2D12615DAA7,IBI-D2D12615DAA7,probable,1,1,1
IDENT-D2E1F77128E9,IBI-D2E1F77128E9,candidate,1,1,1
IDENT-D38B14B711EA,IBI-D38B14B711EA,candidate,1,1,1
IDENT-D4744BD1B068,IBI-D4744BD1B068,candidate,1,1,1
IDENT-D4BAB956C0CD,IBI-D4BAB956C0CD,candidate,1,1,1
IDENT-D4E7693AE9F1,IBI-D4E7693AE9F1,candidate,1,1,1
IDENT-D4F9E3F0300B,IBI-D4F9E3F0300B,candidate,1,1,1
IDENT-D50BC9F2D496,IBI-D50BC9F2D496,probable,1,1,1
IDENT-D5AB689EABA8,IBI-D5AB689EABA8,probable,3,4,4
IDENT-D5C2461A24E6,IBI-D5C2461A24E6,confirmed,1,1,1
IDENT-D6271EA68AE7,IBI-D6271EA68AE7,candidate,1,1,1
IDENT-D6403DD4D0A2,IBI-D6403DD4D0A2,candidate,1,1,1
IDENT-D6B6F227C0B8,IBI-D6B6F227C0B8,candidate,1,1,1
IDENT-D6C5979E4F6F,IBI-D6C5979E4F6F,candidate,1,1,1
IDENT-D6CC347287A4,IBI-D6CC347287A4,probable,1,1,1
IDENT-D6F3F56881F3,IBI-D6F3F56881F3,confirmed,1,1,1
IDENT-D70867D160AF,IBI-D70867D160AF,confirmed,1,1,1
IDENT-D7459063D2FE,IBI-D7459063D2FE,probable,1,1,1
IDENT-D7DBEFF71013,IBI-D7DBEFF71013,probable,1,1,1
IDENT-D8649CBC536D,IBI-FCB1031090E2,probable,3,4,4
IDENT-D8AEF8DE70E8,IBI-D8AEF8DE70E8,candidate,1,1,1
IDENT-D97F4DC17DD3,IBI-D97F4DC17DD3,probable,1,1,1
IDENT-D9E94A290BE6,IBI-D9E94A290BE6,probable,1,1,1
IDENT-D9E9C4FD2C24,IBI-D9E9C4FD2C24,confirmed,1,1,1
IDENT-DAA9CA20E17D,IBI-DAA9CA20E17D,probable,1,1,1
IDENT-DABD44C9BD10,IBI-DABD44C9BD10,probable,1,1,1
IDENT-DAF65A02CE3D,IBI-DAF65A02CE3D,candidate,1,1,1
IDENT-DB6683F21ED5,IBI-DB6683F21ED5,confirmed,2,2,2
IDENT-DB780150F56E,IBI-DC6868391777,candidate,2,2,2
IDENT-DC2AF9B46657,IBI-DC2AF9B46657,candidate,1,1,1
IDENT-DC4CC92ABDB9,IBI-DC4CC92ABDB9,probable,1,1,1
IDENT-DC69D2C0C3B3,IBI-DC69D2C0C3B3,probable,1,1,1
IDENT-DCA253EBA01A,IBI-DCA253EBA01A,probable,1,1,1
IDENT-DCB180CAB0CD,IBI-DCB180CAB0CD,candidate,1,1,1
IDENT-DD170995141F,IBI-DD170995141F,candidate,1,1,1
IDENT-DD2809A820A3,IBI-DD2809A820A3,candidate,1,2,2
IDENT-DD4107304D3A,IBI-DD4107304D3A,probable,1,1,1
IDENT-DD441C1D4C62,IBI-DD441C1D4C62,probable,1,1,1
IDENT-DD8AA3CB0C93,IBI-DD8AA3CB0C93,candidate,1,1,1
IDENT-DE1788B94612,IBI-DE1788B94612,candidate,1,1,1
IDENT-DE76B61B6C76,IBI-DE76B61B6C76,probable,1,1,1
IDENT-DE794FBC9282,IBI-DE794FBC9282,confirmed,1,1,1
IDENT-DF0DD1DEA8B0,IBI-DF0DD1DEA8B0,candidate,1,1,1
IDENT-DF5CD82C866D,IBI-DF5CD82C866D,candidate,1,1,1
IDENT-E0372BE85045,IBI-E0372BE85045,candidate,1,1,1
IDENT-E088FE342AE5,IBI-E088FE342AE5,candidate,1,1,1
IDENT-E08DF7A05D36,IBI-E08DF7A05D36,candidate,1,1,1
IDENT-E1144204BA40,IBI-E1144204BA40,candidate,1,1,1
IDENT-E17277F38148,IBI-E17277F38148,candidate,1,1,1
IDENT-E17B1F186F59,IBI-E17B1F186F59,candidate,1,1,1
IDENT-E18000741DAB,IBI-E18000741DAB,probable,1,1,1
IDENT-E1A342BA217A,IBI-E1A342BA217A,confirmed,1,1,1
IDENT-E1D0E790302A,IBI-E1D0E790302A,candidate,1,1,1
IDENT-E20EB1F7EAB4,IBI-E20EB1F7EAB4,probable,1,1,1
IDENT-E2176E40ECE2,IBI-E2176E40ECE2,candidate,1,1,1
IDENT-E23B46226CD2,IBI-E23B46226CD2,candidate,1,1,1
IDENT-E24EF470E162,IBI-E24EF470E162,candidate,1,1,1
IDENT-E2C3AD20FE3B,IBI-E2C3AD20FE3B,candidate,1,1,1
IDENT-E2FD8C520106,IBI-E2FD8C520106,candidate,1,1,1
IDENT-E3268823DA64,IBI-E3268823DA64,candidate,1,1,1
IDENT-E3B2B21257C2,IBI-E3B2B21257C2,probable,1,1,1
IDENT-E3F8EB732ACD,IBI-E3F8EB732ACD,confirmed,1,1,1
IDENT-E44584B3B490,IBI-E44584B3B490,candidate,1,1,1
IDENT-E494B531A0F1,IBI-E494B531A0F1,candidate,1,1,1
IDENT-E4F58D851CFF,IBI-E4F58D851CFF,candidate,1,1,1
IDENT-E501E80DA715,IBI-E501E80DA715,probable,1,1,1
IDENT-E50FA737EDB0,IBI-E50FA737EDB0,probable,1,1,1
IDENT-E5149EBE4E1A,IBI-E5149EBE4E1A,candidate,1,2,2
IDENT-E562B6AEEFAF,IBI-E562B6AEEFAF,probable,1,1,1
IDENT-E5775846E3D3,IBI-E5775846E3D3,candidate,1,1,1
IDENT-E5A7736DE977,IBI-E5A7736DE977,probable,1,1,1
IDENT-E5D486121C82,IBI-E5D486121C82,candidate,1,1,1
IDENT-E5EEB5C82284,IBI-E5EEB5C82284,candidate,1,1,1
IDENT-E6466DF808EF,IBI-E6466DF808EF,candidate,1,1,1
IDENT-E69AB24A0E1B,IBI-E69AB24A0E1B,probable,2,3,3
IDENT-E7665D140173,IBI-E7665D140173,confirmed,1,1,1
IDENT-E775936CD191,IBI-E775936CD191,probable,1,1,1
IDENT-E79D5A7D8874,IBI-E79D5A7D8874,candidate,1,1,1
IDENT-E79DBD4D7298,IBI-E79DBD4D7298,confirmed,1,1,1
IDENT-E7D69DF2BF21,IBI-E7D69DF2BF21,confirmed,1,1,1
IDENT-E806B8E31887,IBI-E806B8E31887,confirmed,1,1,1
IDENT-E83C8B4B906E,IBI-E83C8B4B906E,candidate,1,1,1
IDENT-E8CF3DBF81FE,IBI-E8CF3DBF81FE,probable,1,1,1
IDENT-E969578812D4,IBI-E969578812D4,candidate,1,1,1
IDENT-E98FB8675047,IBI-E98FB8675047,confirmed,1,1,1
IDENT-EA02F6D6DE6D,IBI-EA02F6D6DE6D,probable,1,1,1
IDENT-EA23C411BAE1,IBI-EA23C411BAE1,confirmed,1,1,1
IDENT-EA3220CE80B7,IBI-EA3220CE80B7,candidate,1,1,1
IDENT-EA7636538267,IBI-EA7636538267,probable,1,1,1
IDENT-EAAB69175FA2,IBI-EAAB69175FA2,candidate,1,1,1
IDENT-EAD314664C90,IBI-EAD314664C90,probable,1,1,1
IDENT-EADE8579FC26,IBI-EADE8579FC26,probable,1,1,1
IDENT-EB0446000ACB,IBI-EB0446000ACB,candidate,1,1,1
IDENT-EB3CA24423AE,IBI-EB3CA24423AE,probable,1,1,1
IDENT-EB5FA4903D0B,IBI-EB5FA4903D0B,probable,1,1,1
IDENT-EB68D29ACDD1,IBI-EB68D29ACDD1,candidate,1,1,1
IDENT-EB8FD1657B4A,IBI-EB8FD1657B4A,probable,1,1,1
IDENT-EB93A19465D8,IBI-EB93A19465D8,confirmed,1,1,1
IDENT-EC0E16D4FA07,IBI-EC0E16D4FA07,confirmed,1,1,1
IDENT-EC5763E4FB05,IBI-EC5763E4FB05,probable,1,1,1
IDENT-EC63644C31CF,IBI-EC63644C31CF,candidate,1,1,1
IDENT-EC715AA4A6F2,IBI-EC715AA4A6F2,probable,1,1,1
IDENT-ECC55FD866D4,IBI-ECC55FD866D4,candidate,1,1,1
IDENT-ECDFA73054C5,IBI-ECDFA73054C5,candidate,1,1,1
IDENT-ECFA9901D4DC,IBI-ECFA9901D4DC,candidate,1,1,1
IDENT-ED015F40EEB2,IBI-ED015F40EEB2,candidate,1,1,1
IDENT-ED159D8FF42E,IBI-ED159D8FF42E,candidate,1,1,1
IDENT-ED5E1290070C,IBI-ED5E1290070C,candidate,1,1,1
IDENT-ED9B72ED148A,IBI-ED9B72ED148A,candidate,1,1,1
IDENT-EDA9596CB28F,IBI-EDA9596CB28F,candidate,1,1,1
IDENT-EDB5B0136C6B,IBI-EDB5B0136C6B,confirmed,1,1,1
IDENT-EE02A425AA93,IBI-EE02A425AA93,probable,1,1,1
IDENT-EE8A4EB0F62A,IBI-EE8A4EB0F62A,confirmed,1,1,1
IDENT-EEEC822AEAA9,IBI-EEEC822AEAA9,candidate,1,1,1
IDENT-EEFD60F2F08B,IBI-EEFD60F2F08B,candidate,1,1,1
IDENT-EEFDE12D19ED,IBI-EEFDE12D19ED,candidate,1,1,1
IDENT-EF45888FA247,IBI-EF45888FA247,confirmed,1,1,1
IDENT-EF74C758E075,IBI-EF74C758E075,candidate,1,1,1
IDENT-EF961ABD5F3A,IBI-EF961ABD5F3A,candidate,1,1,1
IDENT-EFC743E3AEA8,IBI-EFC743E3AEA8,candidate,1,1,1
IDENT-F0173A70F87B,IBI-F0173A70F87B,candidate,1,1,1
IDENT-F031C44350BC,IBI-F031C44350BC,candidate,1,1,1
IDENT-F0BBD6278BCB,IBI-F0BBD6278BCB,candidate,1,1,1
IDENT-F11690D2FBFA,IBI-F11690D2FBFA,probable,1,2,2
IDENT-F15D0338AECB,IBI-F15D0338AECB,probable,1,1,1
IDENT-F1AC0A03B480,IBI-F1AC0A03B480,confirmed,1,1,1
IDENT-F1AD825B3715,IBI-F1AD825B3715,probable,1,1,1
IDENT-F1D484247D42,IBI-F1D484247D42,probable,1,1,1
IDENT-F1D80CD0C95B,IBI-F1D80CD0C95B,candidate,1,1,1
IDENT-F1E0D71CB699,IBI-F1E0D71CB699,candidate,1,1,1
IDENT-F20A466A7863,IBI-F20A466A7863,candidate,1,1,1
IDENT-F244D3894172,IBI-F244D3894172,candidate,1,1,1
IDENT-F2503CED956E,IBI-F2503CED956E,candidate,1,1,1
IDENT-F265C68D7662,IBI-F265C68D7662,probable,1,1,1
IDENT-F26E4DF4F7C2,IBI-F26E4DF4F7C2,probable,1,1,1
IDENT-F2B52FC0533E,IBI-F2B52FC0533E,probable,1,1,1
IDENT-F2B94432A053,IBI-F2B94432A053,probable,1,1,1
IDENT-F30A83910A20,IBI-F30A83910A20,probable,1,2,2
IDENT-F31466D98A10,IBI-F31466D98A10,candidate,1,1,1
IDENT-F34C9BA54074,IBI-F34C9BA54074,probable,1,1,1
IDENT-F35968ED418B,IBI-F35968ED418B,confirmed,1,1,1
IDENT-F36B9EC67F96,IBI-F36B9EC67F96,probable,1,1,1
IDENT-F36E43C5908B,IBI-F36E43C5908B,candidate,1,1,1
IDENT-F49584A8B7FB,IBI-F49584A8B7FB,confirmed,1,1,1
IDENT-F4BA4A2AB6FC,IBI-F4BA4A2AB6FC,candidate,1,1,1
IDENT-F4C8268E41B1,IBI-F4C8268E41B1,candidate,1,1,1
IDENT-F4CE06D878F5,IBI-F4CE06D878F5,confirmed,1,1,1
IDENT-F51D33F280A7,IBI-F51D33F280A7,confirmed,1,1,1
IDENT-F530DDB24D54,IBI-F530DDB24D54,confirmed,1,1,1
IDENT-F5E127D75C58,IBI-F5E127D75C58,probable,1,1,1
IDENT-F5F8DCA8A78E,IBI-F5F8DCA8A78E,candidate,1,1,1
IDENT-F5FC6A0EA9AA,IBI-F5FC6A0EA9AA,confirmed,1,1,1
IDENT-F6360E44F685,IBI-F6360E44F685,candidate,1,1,1
IDENT-F6520BBAE95D,IBI-F6520BBAE95D,probable,1,1,1
IDENT-F67D2C05B209,IBI-F67D2C05B209,candidate,1,1,1
IDENT-F6FEC5BE0085,IBI-F6FEC5BE0085,candidate,1,1,1
IDENT-F72F1F87420C,IBI-F72F1F87420C,probable,1,1,1
IDENT-F79FCAAA16DA,IBI-F79FCAAA16DA,candidate,1,2,2
IDENT-F7A591665533,IBI-F7A591665533,candidate,1,1,1
IDENT-F7D69E185A23,IBI-F7D69E185A23,candidate,1,1,1
IDENT-F7E779F89D76,IBI-F7E779F89D76,confirmed,1,1,1
IDENT-F823DBF4529D,IBI-F823DBF4529D,confirmed,1,1,1
IDENT-F8411BD03E1F,IBI-F8411BD03E1F,confirmed,1,1,1
IDENT-F84904CC6EC4,IBI-F84904CC6EC4,candidate,1,1,1
IDENT-F881E6B2BBA7,IBI-F881E6B2BBA7,probable,1,1,1
IDENT-F8AAEA800567,IBI-F8AAEA800567,confirmed,1,1,1
IDENT-F8F5A0B86451,IBI-F8F5A0B86451,candidate,1,1,1
IDENT-F901D66AA611,IBI-F901D66AA611,probable,1,1,1
IDENT-F93FDA2B10F9,IBI-F93FDA2B10F9,confirmed,1,1,1
IDENT-F99341421AE4,IBI-F99341421AE4,confirmed,1,1,1
IDENT-F9FFC9C1FCD8,IBI-F9FFC9C1FCD8,candidate,1,1,1
IDENT-FA62D628951C,IBI-FA62D628951C,candidate,1,1,1
IDENT-FA688CC07117,IBI-FA688CC07117,candidate,1,1,1
IDENT-FAA7F16C75C2,IBI-FAA7F16C75C2,candidate,1,2,2
IDENT-FADE4346A022,IBI-FADE4346A022,candidate,1,1,1
IDENT-FAF1F23148E0,IBI-FAF1F23148E0,candidate,1,1,1
IDENT-FB21D28897C8,IBI-FB21D28897C8,candidate,1,1,1
IDENT-FB27FC73F393,IBI-FB27FC73F393,probable,1,1,1
IDENT-FB4728FAE732,IBI-FB4728FAE732,probable,1,1,1
IDENT-FB4EFCE9FCBD,IBI-FB4EFCE9FCBD,probable,1,1,1
IDENT-FB5555B823FD,IBI-FB5555B823FD,confirmed,1,1,1
IDENT-FBB33FFB180F,IBI-FBB33FFB180F,candidate,1,1,1
IDENT-FBDF71A4917F,IBI-FBDF71A4917F,candidate,1,1,1
IDENT-FBE1D4688507,IBI-FBE1D4688507,candidate,1,1,1
IDENT-FBE2D8234311,IBI-FBE2D8234311,candidate,1,1,1
IDENT-FC1C4A33DDF5,IBI-FC1C4A33DDF5,candidate,1,1,1
IDENT-FC231B673E0D,IBI-FC231B673E0D,candidate,1,1,1
IDENT-FC4FD2D26B71,IBI-FC4FD2D26B71,confirmed,1,1,1
IDENT-FC553C8D4F9B,IBI-FC553C8D4F9B,candidate,1,1,1
IDENT-FC756E58C80D,IBI-FC756E58C80D,probable,1,1,1
IDENT-FDB589C9B13A,IBI-FDB589C9B13A,candidate,1,1,1
IDENT-FE2547B9A003,IBI-FE2547B9A003,candidate,1,1,1
IDENT-FE8055483D66,IBI-FE8055483D66,confirmed,1,1,1
IDENT-FECC2E84D07B,IBI-FECC2E84D07B,candidate,1,1,1
IDENT-FEF6B893A0A7,IBI-FEF6B893A0A7,candidate,1,1,1
IDENT-FF406F1D7BF5,IBI-FF406F1D7BF5,probable,1,1,1
IDENT-FF6A0543E254,IBI-FF6A0543E254,probable,1,1,1
IDENT-FFC896350AFE,IBI-FFC896350AFE,candidate,1,1,1
IDENT-FORD2014-AS13,IBI-FORD2014-AS13,candidate,1,1,1
IDENT-FORD2014-DAV27,IBI-FORD2014-DAV27,candidate,1,1,1
