source_id,title,authors,issued_year,container_title,citation,doi,source_type,access_status,scope,scope_label,scope_basis,objects_published,document_held
SRC-CA4B122C5F4D,Bridging the Gaps: A New Jewish Aramaic Incantation Bowl and Its Parallels,Ohad Abudraham,2026,Journal of Semitic Studies,"Abudraham, Ohad. ‘Bridging the Gaps: A New Jewish Aramaic Incantation Bowl and Its Parallels.’ JSS 71, no. 1 (2026): 105–134.",10.1093/jss/fgaf025,article,available,,Not yet classified,unclassified,0,0
SRC-BFA68E533DE7,"YHBYH, Incantation Bowls and the Tetragrammaton",Pilar B. Rivett; Robert J. Wilkinson,2026,Bulletin de l’Académie Belge pour l’Étude des Langues Anciennes et Orientales,"YHBYH, Incantation Bowls and the Tetragrammaton (2026). OpenAlex W7157594723.",10.14428/babelao.vol15.2026.92593,article,available,,Not yet classified,unclassified,0,0
SRC-2168D49A8168,"1280°C, issue 49",1280°C ceramics journal,2025,,"1280°C, issue 49 (2025), p. 71, caption to incantation bowl no. 139, National Library of Israel collection.",,article,available,,Not yet classified,unclassified,0,0
SRC-85B88C970151,An Unpublished Syriac Bowl (B9002) with a Mandaic Incantation,Simcha Gross; Michele Scarlassara,2025,Aramaic Studies,"Gross, Simcha, and Michele Scarlassara. 'An Unpublished Syriac Bowl (B9002) with a Mandaic Incantation.' Aramaic Studies 23 (2025): 22–54. DOI: 10.1163/17455227-bja10059.",10.1163/17455227-bja10059,article,unknown,,Not yet classified,unclassified,0,0
SRC-F20148C5DA92,Apollo Art Auctions catalogue 10068,Apollo Art Auctions,2025,,"Apollo Art Auctions, auction catalogue 10068, lots 270–273, indexed by The Saleroom, 2025.",,catalogue,partial,catalogue,Collection catalogue,derived,0,0
SRC-17A7CA53F7DB,Arabic Magic Bowl from the Velyki Kuchugury Hillfort,Ali H. Faraj,2025,The World of the Orient,"Faraj, Ali H. ‘Arabic Magic Bowl from the Velyki Kuchugury Hillfort.’ The World of the Orient 2025, no. 2.",10.15407/orientw2025.02.081,article,available,,Not yet classified,unclassified,0,0
SRC-68A2D33D7CF9,"Babylonian Talmud, Bowls, and Jewish Textuality",Shai Secunda,2025,Jewish Quarterly Review,"Secunda, Shai. 'Babylonian Talmud, Bowls, and Jewish Textuality.' Jewish Quarterly Review 115 (2025): 413–451.",,article,unknown,,Not yet classified,unclassified,0,0
SRC-F09573688FD1,"Five earthenware Mandaic incantation bowls in Ābgīne Museum, Tehrān",Ibrāhīm Šafiʿī,2025,Journal of Semitic Studies,"Šafiʿī, Ibrāhīm. ‘Five Earthenware Mandaic Incantation Bowls in Ābgīne Museum, Tehrān.’ Journal of Semitic Studies 70.1 (2025): 1–30, object 108–S.",10.1093/jss/fgae027,article,paywalled,,Not yet classified,unclassified,0,0
SRC-FBBE3A9CAA77,Magic Formulae and Women's History,Avigail Manekin-Bamberger,2025,Jewish Quarterly Review,"Manekin-Bamberger, Avigail. 'Magic Formulae and Women's History.' Jewish Quarterly Review 115 (2025): 1–32. DOI: 10.1353/jqr.2025.a952518.",10.1353/jqr.2025.a952518,article,unknown,,Not yet classified,unclassified,0,0
SRC-30E9800D53CB,Moses in the Aramaic Magic Bowls,Siam Bhayro,2025,Jewish Thought,Moses in the Aramaic Magic Bowls (2025). OpenAlex W7160855334.,10.64166/zyzcyg38,article,available,,Not yet classified,unclassified,0,0
SRC-F168D061C401,The Book of Psalms: Incantation Bowls — large-print labels,The Morgan Library & Museum,2025,,"The Morgan Library & Museum. ‘Incantation Bowls,’ large-print exhibition label for Penn Museum B2923, accessed 4 September 2026.",,catalogue,available,catalogue,Collection catalogue,derived,0,0
SRC-19F191B3F5C5,The Study of the Jewish Babylonian Aramaic Magic Bowls: State of the Art: With a List of JBA Bowl Publications (1853–2024) and a Map of Known Excavation Sites,Daniel J. Waller,2025,Aramaic Incantation Bowls in Their Late Antique Jewish Contexts,"Waller, Daniel J. ‘The Study of the Jewish Babylonian Aramaic Magic Bowls: State of the Art: With a List of JBA Bowl Publications (1853–2024) and a Map of Known Excavation Sites.’ In Aramaic Incantation Bowls in Their Late Antique Jewish Contexts, 3–48, 2025. DOI: 10.2307/jj.32831083.5.",10.2307/jj.32831083.5,chapter,partial,,Not yet classified,unclassified,0,1
SRC-682B572B5A56,Toward a Comprehensive Ontology of Jewish Babylonian Aramaic Bowl Texts and Their Features,HARRIET WALKER,2025,SBL Press eBooks,Toward a Comprehensive Ontology of Jewish Babylonian Aramaic Bowl Texts and Their Features (2025). OpenAlex W4413821810.,10.2307/jj.32831083.15,chapter,unknown,,Not yet classified,unclassified,0,0
SRC-8E5E61A34FE4,Early Epigraphic Evidence for the ꜤAleinu le-Shabbeaḥ Prayer,"Silverman, Robert J., and James Nathan Ford",2024,,"Silverman, Robert J., and James Nathan Ford. “Early Epigraphic Evidence for the ꜤAleinu le-Shabbeaḥ Prayer.” In ‘Gabriel: Tell this Man the Meaning of his Vision’ (Daniel, 8:16): Studies in Archaeology, Epigraphy, Iconography and the Biblical World in Honor of Gabriel Barkay on the Occasion of His 80th Birthday (22 June 2024), ed. Robert Deutsch and André Lemaire, 333–41. Tel Aviv: Archaeological Center Publications, 2024.",,chapter,unknown,,Not yet classified,unclassified,0,0
SRC-54C6C8891988,Gender and the Mesopotamian Incantation Bowls,Ortal-Paz Saar,2024,Utrecht University Repository (Utrecht University),Gender and the Mesopotamian Incantation Bowls (2024). Repository location indexed by OpenAlex W4405653457.,10.1163/17455227-bja10055,article,available,,Not yet classified,unclassified,0,0
SRC-24B0EC105BC9,Relics of Syriac Magic: Another Syriac Bowl for Prwkzʿd br Kwmy and a Syriac Incantation Fragment in the British Museum,Marco Moriggi,2024,Folia Orientalia 61,"Moriggi, Marco. “Relics of Syriac Magic: Another Syriac Bowl for Prwkzʿd br Kwmy and a Syriac Incantation Fragment in the British Museum.” Folia Orientalia 61 (2024): 193–202. https://doi.org/10.24425/for.2024.152391.",10.24425/for.2024.152391,article,available,corpus_edition,Edition of many bowls,derived,2,1
SRC-5FAA5A5945F8,Seder Mazikin: Law and Magic in Late Antique Jewish Society,Avigail Manekin-Bamberger,2024,,"Manekin-Bamberger, Avigail. Seder Mazikin: Law and Magic in Late Antique Jewish Society. Hebrew. 2024.",,book,unknown,,Not yet classified,unclassified,0,0
SRC-27D35A24C6BC,"Body and Mind, Husband and Household, Collaborators and Communities: Centrifugal Spheres of Protection in an Aramaic Incantation Bowl (MC 77.233)",Alexander Marcus,2023,Journal of Semitic Studies,"Marcus, Alexander. ‘Body and Mind … in an Aramaic Incantation Bowl (MC 77.233).’ JSS 68, no. 2 (2023): 415–471.",10.1093/jss/fgad005,article,paywalled,,Not yet classified,unclassified,0,0
SRC-CC72F830EAAF,What's (in) Your Bowl? Affordances of Incantation Bowls and their Use in Household Medicine,Monika Amsler,2023,Project Muse (Johns Hopkins University),What's (in) Your Bowl? Affordances of Incantation Bowls and their Use in Household Medicine (2023). Repository location indexed by OpenAlex W4389103855.,10.1353/hbr.2023.a912651,article,available,single_object_edition,Edition of one bowl,derived,1,0
SRC-4071AE0F749A,‘My Foes Loved Me’: A New Incantation Bowl for Popularity and Success,James Nathan Ford,2023,Mehqarim be-Lashon 20,"Ford, James Nathan. “‘My Foes Loved Me’: A New Incantation Bowl for Popularity and Success.” Mehqarim be-Lashon 20 (2023): 215–230 (Hebrew).",,article,partial,,Not yet classified,unclassified,0,0
SRC-CB84220DAE0C,Babylonian Jewish Society: The Evidence of the Incantation Bowls,Simcha Gross; Avigail Manekin-Bamberger,2022,Project Muse (Johns Hopkins University),Babylonian Jewish Society: The Evidence of the Incantation Bowls (2022). Repository location indexed by OpenAlex W4225886557.,10.1353/jqr.2022.0000,article,available,,Not yet classified,unclassified,0,0
SRC-AB306F0110B7,Remarks on a New Aramaic Incantation Bowl IM 77781,A Faraj,2022,BOA (University of Milano-Bicocca),Remarks on a New Aramaic Incantation Bowl IM 77781 (2022). Repository location indexed by OpenAlex W4312000420.,10.1093/jss/fgac026,article,available,,Not yet classified,unclassified,0,0
SRC-73C44B143A9D,The Bible in the Bowls: A Catalogue of Biblical Quotations in Published Jewish Babylonian Aramaic Magic Bowls,"Daniel James Waller, with contributions by Dorota Molin",2022,,"Waller, Daniel James, with contributions by Dorota Molin. The Bible in the Bowls: A Catalogue of Biblical Quotations in Published Jewish Babylonian Aramaic Magic Bowls. Cambridge: Open Book Publishers, 2022. DOI: 10.11647/OBP.0305.",10.11647/OBP.0305,book,available,,Not yet classified,unclassified,0,1
SRC-E4EE203B27A1,"Tulul Kobeba: First Results of Survey and Excavation at a Looted Early Medieval ‘Marsh Arab’ Township in Dhi-Qar Province, Southern Iraq","Simpson, St John",2022,Ash-sharq: Bulletin of the Ancient Near East,"Simpson, St John. “Tulul Kobeba: First Results of Survey and Excavation at a Looted Early Medieval ‘Marsh Arab’ Township in Dhi-Qar Province, Southern Iraq.” Ash-sharq: Bulletin of the Ancient Near East 6 (2022): 4–57.",,article,unknown,,Not yet classified,unclassified,0,0
SRC-72652F4681FB,An Unpublished Incantation Bowl with a Citation from Isaiah 40,"Herman, Geoffrey",2021,Semitica,"Herman, Geoffrey. “ An Unpublished Incantation Bowl with a Citation from Isaiah 40.” Semitica 63 (2021): 349–53. 44 Aramaic Incantation Bowls Hunter, Erica C. D. “Combat and Conflict in Incantation Bowls: Studies on Two Aramaic Specimens from Nippur.” In Studia Aramaica: New Sources and New Approaches, ed. Markham J. Geller, Jonas C. Greenfield, and Michael P. Weitzman, 61–75. Oxford: Oxford University Press, 1995.",,chapter,unknown,,Not yet classified,unclassified,0,0
SRC-8C611BF93288,Aramaic Bowl Spells,Shaul Shaked; James Nathan Ford; Siam Bhayro,2021,,Aramaic Bowl Spells (2021). OpenAlex W4200029842.,10.1163/9789004471719,book,unknown,corpus_edition,Edition of many bowls,derived,16,0
SRC-D97F8D33A387,Hebrew in the Incantation Bowls,Daniel Frim,2021,Journal of Semitic Studies,"Frim, Daniel. 'Hebrew in the Incantation Bowls.' Journal of Semitic Studies 66 (2021): 27–51.",,article,unknown,,Not yet classified,unclassified,0,0
SRC-899462FAA735,Incantation bowls in the Nippur 1989 Area WG context,Erica C. D. Hunter,2021,From Shreds to Landscapes: Studies on the Ancient Near East in Honor of McGuire Gibson,"Hunter, Erica C. D. Discussion of incantation bowls from Nippur Area WG and Tell Baruda, in From Shreds to Landscapes: Studies on the Ancient Near East in Honor of McGuire Gibson, SAOC 71 (Chicago, 2021), 138–139.",,chapter,available,,Not yet classified,unclassified,0,0
SRC-B208CF7A6267,Syriac Incantation Bowls and the Mesopotamian Context: A Glimpse into Christian-Jewish Cultural Interactions,Marco Moriggi,2021,Studies in the Syriac Magical Traditions,Syriac Incantation Bowls and the Mesopotamian Context: A Glimpse into Christian-Jewish Cultural Interactions (2021). Crossref DOI 10.1163/9789004467200_005.,10.1163/9789004467200_005,chapter,unknown,,Not yet classified,unclassified,0,0
SRC-6D313A7AA389,Working List of Syriac ‘Manichaean’ Incantation Bowls,"Mattias Brand, with assistance of Alexandra Probst",2021,,"Brand, Mattias, with Alexandra Probst. Working List of Syriac ‘Manichaean’ Incantation Bowls. Version 1, June 2021.",,catalogue,available,catalogue,Collection catalogue,derived,0,1
SRC-8259B2E9DA09,An Aramaic Incantation Bowl and the Fall of Hatra,Enrico Marcato,2020,ARCA (Università Ca' Foscari Venezia),An Aramaic Incantation Bowl and the Fall of Hatra (2020). Repository location indexed by OpenAlex W3071645129.,10.1515/janeh-2020-0004,article,available,,Not yet classified,unclassified,0,0
SRC-09196BAF91BA,Edition and Analysis of Twenty-Five Unpublished Aramaic Magic Bowl Texts in the Collection of the Vorderasiatisches Museum (Berlin),Anne Burberry,2020,Figshare,Edition and Analysis of Twenty-Five Unpublished Aramaic Magic Bowl Texts in the Collection of the Vorderasiatisches Museum (Berlin) (2020). OpenAlex W3101650490.,,thesis,available,,Not yet classified,unclassified,0,0
SRC-53B93C8C8A0E,Edition and Analysis of Twenty-Five Unpublished Aramaic Magic Bowl Texts in the Collection of the Vorderasiatisches Museum (Berlin),Anne Burberry,2020,Figshare,Edition and Analysis of Twenty-Five Unpublished Aramaic Magic Bowl Texts in the Collection of the Vorderasiatisches Museum (Berlin) (2020). Repository location indexed by OpenAlex W3101650490.,,thesis,available,,Not yet classified,unclassified,0,0
SRC-6729B3C461D7,"Exploring the 'Cozy Cabal of Academics, Dealers and Collectors' through the Schøyen Collection",Simon Mackenzie; and colleagues,2020,Heritage,"Mackenzie, Simon, and colleagues. 'Exploring the ""Cozy Cabal of Academics, Dealers and Collectors"" through the Schøyen Collection.' Heritage 3 (2020).",,article,unknown,,Not yet classified,unclassified,0,0
SRC-03FD5BEF24F4,The (Continued) Online Trade of Aramaic Magic Bowls from Iraq,Nils H. Korsvoll,2020,Journal of Art Crime 23,"Korsvoll, Nils H. ‘The (Continued) Online Trade of Aramaic Magic Bowls from Iraq.’ Journal of Art Crime 23 (2020): 17–32.",,article,available,,Not yet classified,unclassified,0,0
SRC-59F609B5B2DF,The (continued) online trade of Aramaic magic bowls from Iraq,Nils H. Korsvoll,2020,Journal of Art Crime,"Korsvoll, Nils H. ‘The (Continued) Online Trade of Aramaic Magic Bowls from Iraq.’ Journal of Art Crime 23 (2020): 17–31.",,article,partial,,Not yet classified,unclassified,0,0
SRC-A8113685A969,Who Were the Jewish Magicians?,Avigail Manekin-Bamberger,2020,Journal of Jewish Studies,"Manekin-Bamberger, Avigail. 'Who Were the Jewish Magicians?' Journal of Jewish Studies 71 (2020): 235–254.",,article,unknown,,Not yet classified,unclassified,0,0
SRC-0B9E40B67D88,An Incantation Bowl from the Matenadaran,Gaby Abousamra,2019,Semitica 61,"Abousamra, Gaby. ‘An Incantation Bowl from the Matenadaran.’ Semitica 61 (2019): 139–146. DOI: 10.2143/SE.61.0.3286687.",10.2143/SE.61.0.3286687,article,partial,single_object_edition,Edition of one bowl,derived,1,0
SRC-8A145FAA2EBB,"Aramaic Incantation Bowls in Museum Collections, Volume One: The Frau Professor Hilprecht Collection of Babylonian Antiquities, Jena",James Nathan Ford; Matthew Morgenstern,2019,Magical and Religious Literature of Late Antiquity 8,"Ford, James Nathan, and Matthew Morgenstern. Aramaic Incantation Bowls in Museum Collections, Volume One: The Frau Professor Hilprecht Collection of Babylonian Antiquities, Jena. Magical and Religious Literature of Late Antiquity 8. Leiden: Brill, 2019.",,catalogue,partial,catalogue,Collection catalogue,derived,19,0
SRC-90F8951B4AA3,"Curious Characters, Invented Scripts, and … Charlatans? “Pseudo-Scripts” in the Mesopotamian Magic Bowls",Daniel James Waller,2019,University of Groningen research database (University of Groningen / Centre for Information Technology),"Curious Characters, Invented Scripts, and … Charlatans? “Pseudo-Scripts” in the Mesopotamian Magic Bowls (2019). Repository location indexed by OpenAlex W2937092681.",10.1086/702309,article,available,,Not yet classified,unclassified,0,0
SRC-2B329A1D4550,Mesopotamian Double-Jar Burials and Incantation Bowls,Ortal-Paz Saar,2019,Journal of the American Oriental Society,Mesopotamian Double-Jar Burials and Incantation Bowls (2019). OpenAlex W2922215456.,10.7817/jameroriesoci.138.4.0863,article,available,,Not yet classified,unclassified,0,0
SRC-8783127BF3E4,Transferring performativity from speech to writing: illocutionary acts and incantation bowls,Daniel James Waller,2019,University of Groningen research database (University of Groningen / Centre for Information Technology),Transferring performativity from speech to writing: illocutionary acts and incantation bowls (2019). Repository location indexed by OpenAlex W2949666291.,10.1017/s0041977x19000363,article,available,,Not yet classified,unclassified,0,0
SRC-A90AB34CA3FE,Who Wrote the Incantation Bowls?,Dorit Kedar,2019,,"Kedar, Dorit. Who Wrote the Incantation Bowls? PhD dissertation, Freie Universität Berlin, 2019. DOI: 10.17169/refubium-2273.",10.17169/refubium-2273,thesis,available,,Not yet classified,unclassified,0,1
SRC-DA708912C2D3,A Catalogue of Babylonian Incantation Bowls in the Vorderasiatisches Museum (Berlin): Descriptive List and Edition of Selected Texts,Dan Levene; Siam Bhayro; James Nathan Ford; Ortal-Paz Saar; Matthew Morgenstern; Naama Vilozny,2018,Magical and Religious Literature of Late Antiquity 7,"Levene, Dan, Siam Bhayro, James Nathan Ford, Ortal-Paz Saar, Matthew Morgenstern, and Naama Vilozny. A Catalogue of Babylonian Incantation Bowls in the Vorderasiatisches Museum (Berlin): Descriptive List and Edition of Selected Texts. MRLA 7. Leiden: Brill, 2018.",,catalogue,partial,catalogue,Collection catalogue,derived,0,0
SRC-4ED4DBBBC5E6,Jewish-Aramaic Incantation Bowls,"Misgav, Haggai",2018,,"Misgav, Haggai. “Jewish-Aramaic Incantation Bowls.” In Finds Gone Astray: ADCA Confiscated Items, ed. Dalit Regev and Hananya Hizmi, 53–72. Jerusalem: Antiquities Department of the Civil Administration, 2018.",,chapter,unknown,,Not yet classified,unclassified,0,0
SRC-35DAA78AB17F,Marco Moriggi. A Corpus of Syriac Incantation Bowls. Syriac Magical Texts from Late-Antique Mesopotamia,Christelle Jullien,2018,Abstracta Iranica,Marco Moriggi. A Corpus of Syriac Incantation Bowls. Syriac Magical Texts from Late-Antique Mesopotamia (2018). Crossref DOI 10.4000/abstractairanica.44574.,10.4000/abstractairanica.44574,article,unknown,,Not yet classified,unclassified,0,0
SRC-09F42D0EA81D,"Moriggi, Marco: A Corpus of Syriac Incantation Bowls. Syriac Magical Texts from Late-Antique Mesopotamia. 2014.",Erica C. D. Hunter,2018,Orientalistische Literaturzeitung,"Moriggi, Marco: A Corpus of Syriac Incantation Bowls. Syriac Magical Texts from Late-Antique Mesopotamia. 2014. (2018). Crossref DOI 10.1515/olzg-2018-0017.",10.1515/olzg-2018-0017,article,unknown,,Not yet classified,unclassified,0,0
SRC-513E8FD6E55D,Syriac and Mandaic Incantation Bowls,James Nathan Ford; Ohad Abudraham,2018,"Finds Gone Astray: ADCA Confiscated Items, vol. 1","Ford, James Nathan, and Ohad Abudraham. ""Syriac and Mandaic Incantation Bowls."" In Finds Gone Astray: ADCA Confiscated Items, vol. 1, ed. Dalit Regev and Hananya Hizmi, 75-111. ADCA Reports 1. Jerusalem: Antiquities Department of the Civil Administration, 2018.",,chapter,available,,Not yet classified,unclassified,0,0
SRC-A41DA8D48F0D,"A Corpus of Syriac Incantation Bowls. Syriac Magical Texts from Late-Antique Mesopotamia, written by M. Moriggi",Gianfrancesco Lusini,2017,Annali Sezione Orientale,"A Corpus of Syriac Incantation Bowls. Syriac Magical Texts from Late-Antique Mesopotamia, written by M. Moriggi (2017). Crossref DOI 10.1163/24685631-12340038.",10.1163/24685631-12340038,article,unknown,,Not yet classified,unclassified,0,0
SRC-E2797DB92056,A New Mandaic Incantation Bowl from Babil (IM 91-100147),Ali Faraj,2017,Afroasiatica Romana: Proceedings of the 15th Meeting of Afroasiatic Linguistics,"Faraj, Ali. ‘A New Mandaic Incantation Bowl from Babil (IM 91-100147).’ In Afroasiatica Romana, Quaderni di Vicino Oriente XII (2017): 123–132.",,chapter,partial,single_object_edition,Edition of one bowl,derived,1,0
SRC-01E58FA07682,A New Testament Text on a Syriac Incantation Bowl: Eph. 6:10–17 on IBC 3,Joseph E. Sanzo; Nils H. Korsvoll,2017,Vigiliae Christianae,"Sanzo, Joseph E., and Nils H. Korsvoll. ‘A New Testament Text on a Syriac Incantation Bowl: Eph. 6:10–17 on IBC 3.’ Vigiliae Christianae 71 (2017): 417–432.",10.1163/15700720-12341310,article,available,,Not yet classified,unclassified,0,0
SRC-0D8C4983AED9,"An Aramaic Magic Bowl for Fertility and Success in Childbirth: Lisboa, Museu da Farmácia, Inv. No. 10895",Siam Bhayro; James Nathan Ford; Dan Levene; Ortal-Paz Saar,2017,Aramaic Studies,"Bhayro et al. ‘An Aramaic Magic Bowl for Fertility and Success in Childbirth: Lisboa, Museu da Farmácia, Inv. No. 10895.’ Aramaic Studies 15 (2017).",10.1163/17455227-01501002,article,partial,,Not yet classified,unclassified,0,0
SRC-7BA17B55FC70,Jewish Magic before the Rise of Kabbalah,Yuval Harari,2017,,"Harari, Yuval. Jewish Magic before the Rise of Kabbalah. English edition. Detroit: Wayne State University Press, 2017.",,book,partial,,Not yet classified,unclassified,0,0
SRC-33DAA3253A63,On some readings and interpretations in the Aramaic incantation bowls and related texts,Matthew Morgenstern; James Nathan Ford,2017,Bulletin of the School of Oriental and African Studies,On some readings and interpretations in the Aramaic incantation bowls and related texts (2017). OpenAlex W2728003166.,10.1017/s0041977x17000465,article,unknown,,Not yet classified,unclassified,0,0
SRC-84615D159BAF,A New Incantation Bowl with Arabic Inscription,A Faraj,2016,BOA (University of Milano-Bicocca),A New Incantation Bowl with Arabic Inscription (2016). OpenAlex W2809766096.,,article,unknown,,Not yet classified,unclassified,0,0
SRC-713E68ED9018,A New Incantation Bowl with Arabic Inscription,A Faraj,2016,BOA (University of Milano-Bicocca),A New Incantation Bowl with Arabic Inscription (2016). Repository location indexed by OpenAlex W2809766096.,,article,available,,Not yet classified,unclassified,0,0
SRC-4C44E5816E4F,A New Incantation Bowl with Arabic Inscription,Ali H. Faraj,2016,Quaderni di Studi Arabi,"Faraj, Ali H. ‘A New Incantation Bowl with Arabic Inscription.’ Quaderni di Studi Arabi 11 (2016): 207–220.",,article,partial,,Not yet classified,unclassified,0,0
SRC-97E75F8B4122,"Aramaic Bowl Spells: Jewish Babylonian Aramaic Bowls, vol. 1. By Shaul Shaked; James Nathan Ford; and Siam Bhayro",Christian Stadel,2016,Journal of the American Oriental Society,"Aramaic Bowl Spells: Jewish Babylonian Aramaic Bowls, vol. 1. By Shaul Shaked; James Nathan Ford; and Siam Bhayro (2016). OpenAlex W4243621537.",10.7817/jameroriesoci.136.3.0630,article,unknown,,Not yet classified,unclassified,0,0
SRC-EB27DA285DC5,"Aramaic Incantation Bowls at the State Hermitage Museum, St. Petersburg",Tatyana Fain; James Nathan Ford; Alexey Lyavdansky,2016,Babel und Bibel 9,"Fain, Tatyana, James Nathan Ford, and Alexey Lyavdansky. ‘Aramaic Incantation Bowls at the State Hermitage Museum, St. Petersburg.’ In Babel und Bibel 9 (Winona Lake: Eisenbrauns, 2016), 283–316.",,chapter,partial,,Not yet classified,unclassified,0,0
SRC-7FF35DD224D5,Aramaic Incantation Bowls in War and in Peace,Neil Brodie,2016,"Art Crime: Terrorists, Tomb Raiders, Forgers and Thieves","Brodie, Neil. ‘Aramaic Incantation Bowls in War and in Peace.’ In Art Crime: Terrorists, Tomb Raiders, Forgers and Thieves, ed. Noah Charney. Palgrave Macmillan, 2016.",,chapter,paywalled,,Not yet classified,unclassified,0,0
SRC-0B38A2CC8806,Bol magique avec inscription araméenne,Abousamra [and others; see citation],2016,Semitica,"———, and André Lemaire. “Bol magique avec inscription araméenne.” Semitica 58 (2016): 247–55.",,article,unknown,,Not yet classified,unclassified,0,0
SRC-5F7E0BA65D6E,"Jesus in the Magic Bowls. Apropos Dan Levene's ""... and by the name of Jesus ...""",Shaul Shaked,2016,,"Jesus in the Magic Bowls. Apropos Dan Levene's ""... and by the name of Jesus ..."" (2016). OpenAlex W129188497.",,article,unknown,,Not yet classified,unclassified,0,0
SRC-E2DD336E0B73,7 Lilith’s Hair and Ashmedai’s Horns: Incantation Bowl Imagery in the Light of Talmudic Descriptions,Naama Vilozny,2015,The Archaeology and Material Culture of the Babylonian Talmud,7 Lilith’s Hair and Ashmedai’s Horns: Incantation Bowl Imagery in the Light of Talmudic Descriptions (2015). Crossref DOI 10.1163/9789004304895_009.,10.1163/9789004304895_009,chapter,unknown,,Not yet classified,unclassified,0,0
SRC-1AA4E8BFC7B3,A New Aramaic Incantation Bowl,Al-Jubouri [and others; see citation],2015,Semitica,———. “ A New Aramaic Incantation Bowl.” Semitica 57 (2015): 211–16.,,article,unknown,,Not yet classified,unclassified,0,0
SRC-E73350660418,"A Syriac Incantation Bowl in the Finnish National Museum, Helsinki. A Specimen of Eastern Aramaic ""koiné""",Tapani Harviainen,2015,Studia Orientalia Electronica,"A Syriac Incantation Bowl in the Finnish National Museum, Helsinki. A Specimen of Eastern Aramaic ""koiné"" (2015). OpenAlex W2283219437.",,article,available,,Not yet classified,unclassified,0,0
SRC-F86E6F06D5CF,"An Aramaic Incantation Bowl from Borsippa. Another specimen of Eastern Aramaic ""koiné"". Appendix: A Cryptographic bowl text or an original fake?",Tapani Harviainen,2015,Studia Orientalia Electronica,"An Aramaic Incantation Bowl from Borsippa. Another specimen of Eastern Aramaic ""koiné"". Appendix: A Cryptographic bowl text or an original fake? (2015). OpenAlex W2180139610.",,article,available,,Not yet classified,unclassified,0,0
SRC-F560269FB83C,Aramaic Incantation Texts between Orality and Textuality,Charles G. Häberl,2015,,"Häberl, Charles G. 'Aramaic Incantation Texts between Orality and Textuality.' 2015.",,article,unknown,,Not yet classified,unclassified,0,0
SRC-FA9299496E5D,Jewish Divorce Formulae in Syriac Incantation Bowls,Marco Moriggi,2015,Aramaic Studies,Jewish Divorce Formulae in Syriac Incantation Bowls (2015). Crossref DOI 10.1163/17455227-01301007.,10.1163/17455227-01301007,article,unknown,,Not yet classified,unclassified,0,0
SRC-81DE7ADF7FDB,Jewish Legal Formulae in the Aramaic Incantation Bowls,Avigail Manekin-Bamberger,2015,Aramaic Studies,"Manekin-Bamberger, Avigail. 'Jewish Legal Formulae in the Aramaic Incantation Bowls.' Aramaic Studies 13 (2015): 69–81.",,article,unknown,,Not yet classified,unclassified,0,0
SRC-0DE38025EFAE,On Early Jewish Literature and the Aramaic Magic Bowls,Siam Bhayro,2015,Aramaic Studies,On Early Jewish Literature and the Aramaic Magic Bowls (2015). Crossref DOI 10.1163/17455227-01301005.,10.1163/17455227-01301005,article,unknown,,Not yet classified,unclassified,0,0
SRC-AFDBED16E322,Passionate Curiosities: Tales of Collectors & Collections from the Kelsey Museum,"Lauren E. Talalay and Margaret Cool Root, eds.",2015,,"Talalay, Lauren E., and Margaret Cool Root, eds. Passionate Curiosities. Kelsey Museum of Archaeology, 2015, p. 38, object KM 19504.",,book,available,,Not yet classified,unclassified,0,0
SRC-F632FCD638E0,"Rabbis, Sorcerers, Kings, and Priests: The Culture of the Talmud in Ancient Iran",Jason Sion Mokhtarian,2015,,"Mokhtarian, Jason Sion. Rabbis, Sorcerers, Kings, and Priests: The Culture of the Talmud in Ancient Iran. Berkeley: University of California Press, 2015.",,book,partial,,Not yet classified,unclassified,0,0
SRC-D86BF8DF8E01,Studies on Aramaic Magic Bowls and Related Subjects: Introduction,Siam Bhayro,2015,Aramaic Studies,Studies on Aramaic Magic Bowls and Related Subjects: Introduction (2015). Crossref DOI 10.1163/17455227-01301002.,10.1163/17455227-01301002,article,unknown,,Not yet classified,unclassified,0,0
SRC-DB6414713F7B,Why Biblical Scholars Should Study Aramaic Bowl Spells,Peter T. Lanfer,2015,Aramaic Studies,Why Biblical Scholars Should Study Aramaic Bowl Spells (2015). Crossref DOI 10.1163/17455227-01301003.,10.1163/17455227-01301003,article,unknown,,Not yet classified,unclassified,0,0
SRC-3C4294DDB367,A Corpus of Syriac Incantation Bowls,Marco Moriggi,2014,,A Corpus of Syriac Incantation Bowls (2014). Crossref DOI 10.1163/9789004272798.,10.1163/9789004272798,book,unknown,corpus_edition,Edition of many bowls,derived,2,0
SRC-FORD2014-AUOR,Notes on Some Recently Published Magic Bowls in the Schøyen Collection and Two New Parallels,James Nathan Ford,2014,Aula Orientalis 32/2,"Ford, J. N. 2014. Notes on Some Recently Published Magic Bowls in the Schøyen Collection and Two New Parallels. Aula Orientalis 32/2: 235–263.",,article,available,corpus_edition,Edition of many bowls,derived,3,1
SRC-545AC7CDAC66,"WikiLeaks, Texts, and Archaeology: The Case of the Schøyen Incantation Bowls",Neil Brodie; Morag M. Kersel,2014,Digital Commons-DePaul  (DePaul University),"WikiLeaks, Texts, and Archaeology: The Case of the Schøyen Incantation Bowls (2014). OpenAlex W1475945501.",,article,available,,Not yet classified,unclassified,0,0
SRC-DAB39601BEAD,"WikiLeaks, Texts, and Archaeology: The Case of the Schøyen Incantation Bowls",Neil Brodie; Morag M. Kersel,2014,Digital Commons-DePaul  (DePaul University),"WikiLeaks, Texts, and Archaeology: The Case of the Schøyen Incantation Bowls (2014). Repository location indexed by OpenAlex W1475945501.",,article,available,,Not yet classified,unclassified,0,0
SRC-B891A0061CEA,‘Gabriel Is on Their Right’: Angelic Protection in Jewish Magic and Babylonian Lore,Levene [and others; see citation],2014,Studia Mesopotamica,"———, Dalia Marx, and Siam Bhayro. “‘Gabriel Is on Their Right’: Angelic Protection in Jewish Magic and Babylonian Lore.” Studia Mesopotamica 1 (2014): 185–98.",,article,unknown,,Not yet classified,unclassified,0,0
SRC-57BB9AF5385E,An Aramaic Incantation Text,Al-Jubouri [and others; see citation],2013,JSS,———. “ An Aramaic Incantation Text.” JSS 58 (2013): 59–63.,,article,unknown,,Not yet classified,unclassified,0,0
SRC-30F5C3AD388A,An Incantation Bowl for Sowing Discord,Ortal-Paz Saar,2013,Journal of Semitic Studies,"Saar, Ortal-Paz. ‘An Incantation Bowl for Sowing Discord.’ JSS 58, no. 2 (2013): 241–256.",10.1093/jss/fgt002,article,partial,,Not yet classified,unclassified,0,0
SRC-7FBBB775E502,Aramaic Bowl Spells,Shaul Shaked; James Nathan Ford; Siam Bhayro,2013,,Aramaic Bowl Spells (2013). Crossref DOI 10.1163/9789004229372.,10.1163/9789004229372,book,unknown,corpus_edition,Edition of many bowls,derived,33,0
SRC-FFDF4474C458,Aramaic Bowl Spells: Jewish Babylonian Aramaic Bowls Volume One,Shaul Shaked; James Nathan Ford; Siam Bhayro,2013,,Aramaic Bowl Spells: Jewish Babylonian Aramaic Bowls Volume One (2013). OpenAlex W8938722.,,book,unknown,,Not yet classified,unclassified,0,0
SRC-5119876CE9C6,"Auction 32: Objects, Judaica, Israeliana, Archeology and Medals",Kedem Auction House,2013,,"Kedem Auction House. Auction 32: Objects, Judaica, Israeliana, Archeology and Medals. Jerusalem, 2 July 2013.",,catalogue,partial,catalogue,Collection catalogue,derived,0,0
SRC-C1798B5E29D4,Remarks upon a Terra-Cotta Vase,"Rodwell, John Medows",2013,Transactions of the Society for Biblical Archaeology,"Rodwell, John Medows. “Remarks upon a Terra-Cotta Vase.” Transactions of the Society for Biblical Archaeology 2 (1873): 114–18 Saar, Ortal-Paz. “ An Incantation Bowl for Sowing Discord.” JSS 58 (2013): 241–56.",,article,unknown,,Not yet classified,unclassified,0,0
SRC-DDC815E3BD9F,The Art of the Aramaic Incantation Bowls,Naama Vilozny,2013,Aramaic Bowl Spells,The Art of the Aramaic Incantation Bowls (2013). Crossref DOI 10.1163/9789004229372_003.,10.1163/9789004229372_003,chapter,unknown,,Not yet classified,unclassified,0,0
SRC-EAA1816C2A9E,Yet Again on the Unique Incantation Bowl BM 135563,Matthew Morgenstern,2013,Journal of the American Society for Premodern Asia,Yet Again on the Unique Incantation Bowl BM 135563 (2013). Crossref DOI 10.7817/jameroriesoci.133.1.0111.,10.7817/jameroriesoci.133.1.0111,article,unknown,,Not yet classified,unclassified,0,0
SRC-B47F6370B1D0,A Babylonian Jewish Aramaic Incantation Bowl with a List of Deities and Toponyms,Dan Levene; Gideon Bohak,2012,Jewish Studies Quarterly,"Levene, Dan, and Gideon Bohak. ‘A Babylonian Jewish Aramaic Incantation Bowl with a List of Deities and Toponyms.’ JSQ 19 (2012): 56–72.",10.1628/094457012799440203,article,partial,,Not yet classified,unclassified,0,0
SRC-F182BDCFD377,A SYRIAC MAGIC BOWL,Gaby Abousamra,2012,The Harp (Volume 25),A SYRIAC MAGIC BOWL (2012). Crossref DOI 10.31826/9781463233143-015.,10.31826/9781463233143-015,chapter,unknown,,Not yet classified,unclassified,0,0
SRC-8F8BA58FAE9F,An Incantation Bowl for Rav Mešaršia Son of Qaqay,James Nathan Ford; Alon Ten-Ami,2012,Tarbiz,"Ford, James Nathan, and Alon Ten-Ami. ‘An Incantation Bowl for Rav Mešaršia Son of Qaqay’ [Hebrew]. Tarbiz 80, no. 2 (2012): 219–230. JSTOR 23607828.",,article,partial,,Not yet classified,unclassified,0,0
SRC-83A3DFDE7924,Mandaic Magic Bowls in the Moussaieff Collection: A Preliminary Survey,Matthew Morgenstern,2012,New Inscriptions and Seals Relating to the Biblical World,"Morgenstern, Matthew. “Mandaic Magic Bowls in the Moussaieff Collection: A Preliminary Survey.” In New Inscriptions and Seals Relating to the Biblical World, 157–170. Society of Biblical Literature, 2012. https://doi.org/10.2307/j.ctt32bzp2.17.",10.2307/j.ctt32bzp2.17,chapter,partial,,Not yet classified,unclassified,0,0
SRC-05600A08834D,Once Again on the Unique Incantation Bowl BM 135563,Theodore Kwasman; Christa Müller-Kessler,2012,Journal of the American Oriental Society,Once Again on the Unique Incantation Bowl BM 135563 (2012). Crossref DOI 10.7817/jameroriesoci.132.2.0189.,10.7817/jameroriesoci.132.2.0189,article,unknown,,Not yet classified,unclassified,0,0
SRC-9D7F88975731,A New Parallel to the Jewish Babylonian Aramaic Magic Bowl IM 76106 (Nippur 11 N78),James Nathan Ford,2011,Aramaic Studies,"Ford, James Nathan. ‘A New Parallel to the Jewish Babylonian Aramaic Magic Bowl IM 76106 (Nippur 11 N78).’ Aramaic Studies 9 (2011).",10.1163/147783511X619845,article,partial,,Not yet classified,unclassified,0,0
SRC-7018315A1B2F,An Aramaic Incantation Bowl in Iraq Museum,"Al-Jubouri, Bahaa Amer",2011,Sumer,"Al-Jubouri, Bahaa Amer. “ An Aramaic Incantation Bowl in Iraq Museum.” Sumer 65 (2011): 25–30.",,article,unknown,,Not yet classified,unclassified,0,0
SRC-BE7030C8987B,Transmission And Transformation Of Spells: The Case Of The Jewish Babylonian Aramaic Bowls,Shaul Shaked,2011,,Transmission And Transformation Of Spells: The Case Of The Jewish Babylonian Aramaic Bowls (2011). OpenAlex W764721192.,10.1163/ej.9789004203518.i-390.53,chapter,unknown,,Not yet classified,unclassified,0,0
SRC-05BB967B7F98,Une nouvelle coupe magique araméenne,"Abousamra, Gaby",2010,,"Abousamra, Gaby. “Une nouvelle coupe magique araméenne.” In Magie et divination dans les cultures de l’Orient: Actes du colloque organisé par l’Institut du Proche-Orient ancien du Collège de France, la Société asiatique et le CNRS (UMR 7192) les 19 et 20 juin 2008, Paris, Collège de France, ed. Jean-Marie Durand and Antoine Jacquet, 109–21. Cahiers de l’Institut du Proche-Orient ancien du Collège de France 3. Paris: J. Maisonneuve, 2010.",,chapter,unknown,,Not yet classified,unclassified,0,0
SRC-479F50E73B60,“Your mysteries are concealed.” A prophylactic Jewish Aramaic magic bowl with some notes on literary influences,Dan Levene,2010,ePrints Soton (University of Southampton),“Your mysteries are concealed.” A prophylactic Jewish Aramaic magic bowl with some notes on literary influences (2010). OpenAlex W2589140792.,,chapter,unknown,,Not yet classified,unclassified,0,0
SRC-C40FB2ED8EE8,“Your mysteries are concealed.” A prophylactic Jewish Aramaic magic bowl with some notes on literary influences,Dan Levene,2010,ePrints Soton (University of Southampton),“Your mysteries are concealed.” A prophylactic Jewish Aramaic magic bowl with some notes on literary influences (2010). Repository location indexed by OpenAlex W2589140792.,,chapter,available,,Not yet classified,unclassified,0,0
SRC-8008307DAAEE,Religion and the Aramaic Incantation Bowls,Michael G. Morony,2007,Religion Compass,"Morony, Michael G. 'Religion and the Aramaic Incantation Bowls.' Religion Compass 1 (2007). DOI: 10.1111/j.1749-8171.2007.00029.x.",10.1111/j.1749-8171.2007.00029.x,article,unknown,,Not yet classified,unclassified,0,0
SRC-1A922C3F041F,The Jewish Babylonian Aramaic Magic Bowl BM 91767 Reconsidered,Christa Müller-Kessler,2007,Le Muséon,"Müller-Kessler, ‘The Jewish Babylonian Aramaic Magic Bowl BM 91767 Reconsidered,’ Le Muséon 120 (2007).",10.2143/MUS.120.1.2020266,article,partial,,Not yet classified,unclassified,0,0
SRC-ED9C9D8C07C1,The Jewish Babylonian Aramaic Magic Bowl BM 91767 Reconsidered,Morgenstern [and others; see citation],2007,Le Muséon,———. “The Jewish Babylonian Aramaic Magic Bowl BM 91767 Reconsidered.” Le Muséon 120 (2007): 5–27.,,article,unknown,,Not yet classified,unclassified,0,0
SRC-A08F75BDD59C,‘If You Appear as a Pig’: Another Incantation Bowl (Moussaieff 164),Dan Levene,2007,Journal of Semitic Studies,"Levene, Dan. ‘If You Appear as a Pig: Another Incantation Bowl (Moussaieff 164).’ JSS 52 (2007): 59–70.",10.1093/jss/fgl037,article,partial,,Not yet classified,unclassified,0,0
SRC-B106D6356C1C,Dramatis Personae in the Jewish Magic Texts: Some Differences between Incantation Bowls and Geniza Magic,Shaked [and others; see citation],2006,JSQ,———. “Dramatis Personae in the Jewish Magic Texts: Some Differences between Incantation Bowls and Geniza Magic.” JSQ 13 (2006): 363– 87.,,article,unknown,,Not yet classified,unclassified,0,0
SRC-A84A167A5779,‘Bring to the Gates … upon a Good Smell and upon Good Fragrances’: An Aramaic Incantation Bowl for Success in Business,Dan Levene; Siam Bhayro,2006,Archiv für Orientforschung,"Levene, Dan, and Siam Bhayro. ‘Bring to the Gates … upon a Good Smell and upon Good Fragrances.’ Archiv für Orientforschung 51 (2005/2006): 242–246.",,article,partial,,Not yet classified,unclassified,0,1
SRC-0E3CF64AADCA,"""Mandaic Incantation: lead rolls and magic bowls""",YAMAUCHI Edwin,2005,ARAM Periodical,"""Mandaic Incantation: lead rolls and magic bowls"" (2005). Crossref DOI 10.2143/aram.11.1.504467.",10.2143/aram.11.1.504467,article,unknown,,Not yet classified,unclassified,0,0
SRC-AA82BA0DE399,Additional Notes to the Aramaic Magic Bowl BM 135563,Matthew Morgenstern,2005,Aramaic Studies,Additional Notes to the Aramaic Magic Bowl BM 135563 (2005). Crossref DOI 10.1177/1477835105059093.,10.1177/1477835105059093,article,unknown,,Not yet classified,unclassified,0,0
SRC-63345F60155B,"Die Zauberschalentexte in der Hilprecht-Sammlung, Jena, und weitere Nippur-Texte anderer Sammlungen",Müller-Kessler [and others; see citation],2005,,"———. Die Zauberschalentexte in der Hilprecht-Sammlung, Jena, und weitere Nippur-Texte anderer Sammlungen . Texte und Materialien der Frau Professor Hilprecht Collection of Babylonian Antiquities im Eigentum der Universität Jena 7. Wiesbaden: Harrassowitz, 2005.",,book,unknown,,Not yet classified,unclassified,0,0
SRC-35775EE8D342,Form and Purpose in Aramaic Spells: Some Jewish Themes,Shaked [and others; see citation],2005,,"———. “Form and Purpose in Aramaic Spells: Some Jewish Themes.” In Officina Magica: Essays on the Practice of Magic in Antiquity , ed. Shaul Shaked, 1–30. IJS Studies in Judaica 4. Leiden: Brill, 2005.",,chapter,unknown,,Not yet classified,unclassified,0,0
SRC-F58EBEF863E7,Peculiarità linguistiche in una coppa magica aramaic inedita,Moriggi [and others; see citation],2005,,"———. “Peculiarità linguistiche in una coppa magica aramaic inedita.” In Proceedings of the 10th Meeting of Hamito-Semitic (Afroasiatic) Linguistics (Florence, 18–20 April 2001) , ed. Pelio Fronzaroli and Paolo Marrassini, 257–66. Quaderni di semitistica 25. Florence: Università de Firenze, 2005.",,chapter,unknown,,Not yet classified,unclassified,0,0
SRC-FD7C9081F047,Syriac Incantation Bowl from Iraqi Museum,A Faraj,2005,BOA (University of Milano-Bicocca),Syriac Incantation Bowl from Iraqi Museum (2005). OpenAlex W2915038643.,,article,unknown,,Not yet classified,unclassified,0,0
SRC-E689BC4C3787,Syriac Incantation Bowl from Iraqi Museum,A Faraj,2005,BOA (University of Milano-Bicocca),Syriac Incantation Bowl from Iraqi Museum (2005). Repository location indexed by OpenAlex W2915038643.,,article,available,,Not yet classified,unclassified,0,0
SRC-3075F08B12BB,Two New Incantation Bowls from Rome (Italy),Moriggi [and others; see citation],2005,,———. “Two New Incantation Bowls from Rome (Italy).” AS 3 (2005): 43–58.,,article,unknown,,Not yet classified,unclassified,0,0
SRC-69C22D670211,“Bring to the Gates… upon a good smell and upon good fragrances”: an Aramaic incantation bowl for success in business,D. Levene; Siam Bhayro,2005,ePrints Soton (University of Southampton),“Bring to the Gates… upon a good smell and upon good fragrances”: an Aramaic incantation bowl for success in business (2005). Repository location indexed by OpenAlex W27568255.,,article,available,,Not yet classified,unclassified,0,0
SRC-62F5BFBBBF01,Notes on a Recently Published Magic Bowl,Matthew Morgenstern,2004,Aramaic Studies,Notes on a Recently Published Magic Bowl (2004). Crossref DOI 10.1163/000000004781540380.,10.1163/000000004781540380,article,unknown,,Not yet classified,unclassified,0,0
SRC-DF29C7D96B98,Notes on a Recently Published Magic Bowl,M. Morgenstern,2004,Aramaic Studies,Notes on a Recently Published Magic Bowl (2004). Crossref DOI 10.1177/147783510400200204.,10.1177/147783510400200204,article,unknown,,Not yet classified,unclassified,0,0
SRC-E961C60043EC,A Corpus of Magic Bowls: Incantation Texts in Jewish Aramaic from Late Antiquity,Levene [and others; see citation],2003,,"———. A Corpus of Magic Bowls: Incantation Texts in Jewish Aramaic from Late Antiquity. London: Kegan Paul, 2003.",,book,unknown,,Not yet classified,unclassified,0,0
SRC-25F456A40523,A Magical Bowl in Judaeo-Aramaic,Emiliano Martínez Borobio,2003,Isimu: Revista sobre Oriente Próximo y Egipto en la Antigüedad 6,"Martínez Borobio, Emiliano. “A Magical Bowl in Judaeo-Aramaic.” Isimu 6 (2003): 323–336. https://doi.org/10.15366/isimu2003.6.018.",10.15366/isimu2003.6.018,article,available,single_object_edition,Edition of one bowl,derived,1,0
SRC-29C07A77636C,Heal O’ Israel: A Pair of Duplicate Magic Bowls from the Pergamon Museum in Berlin,Levene [and others; see citation],2003,JJS,———. “Heal O’ Israel: A Pair of Duplicate Magic Bowls from the Pergamon Museum in Berlin.” JJS 54 (2003): 104–21.,,article,unknown,,Not yet classified,unclassified,0,0
SRC-F43806E84747,Magic and Society in Late Sasanian Iraq,Michael G. Morony,2003,,"Morony, Michael G. 'Magic and Society in Late Sasanian Iraq.' 2003.",,chapter,unknown,,Not yet classified,unclassified,0,0
SRC-A01A00423544,Trois nouvelles coupes magiques araméennes,"Gorea, Maria",2003,Semitica,"Gorea, Maria. “Trois nouvelles coupes magiques araméennes.” Semitica 51 (2003): 73–92.",,article,unknown,single_object_edition,Edition of one bowl,derived,1,0
SRC-1EE58A703971,Another Look at Mandaic Incantation Bowl BM 91715,Christa Müller-Kessler,2002,Journal article,"Müller-Kessler, ‘Another Look at Mandaic Incantation Bowl BM 91715’ (2002).",,article,partial,,Not yet classified,unclassified,0,0
SRC-FORD2002-JANES,Another Look at Mandaic Incantation Bowl BM 91715,J. N. Ford,2002,Journal of the Ancient Near Eastern Society 29,"Ford, J. N. 2002. Another Look at Mandaic Incantation Bowl BM 91715. Journal of the Ancient Near Eastern Society 29: 31–47.",,article,partial,,Not yet classified,unclassified,0,0
SRC-0C4E39F5E15F,Linguistic Peculiarities in the Aramaic Magic Bowl Texts,Alison G. Salvesen,2002,Journal of Jewish Studies,Linguistic Peculiarities in the Aramaic Magic Bowl Texts (2002). Crossref DOI 10.18647/2443/jjs-2002.,10.18647/2443/jjs-2002,article,unknown,,Not yet classified,unclassified,0,0
SRC-34C33C92D6CA,Aramaean Demons in Rome: Incantation Bowls in the Museo Nazionale d’Arte Orientale,"Moriggi, Marco",2001,East and West,"Moriggi, Marco. “ Aramaean Demons in Rome: Incantation Bowls in the Museo Nazionale d’Arte Orientale.” East and West 51 (2001): 205–28.",,article,unknown,,Not yet classified,unclassified,0,0
SRC-26F4495F3314,Linguistic Peculiarities in the Aramaic Magic Bowl Texts,Eljakim Wajsberg; Hannu Juusola,2001,The Jewish Quarterly Review,Linguistic Peculiarities in the Aramaic Magic Bowl Texts (2001). Crossref DOI 10.2307/1455620.,10.2307/1455620,article,unknown,,Not yet classified,unclassified,0,0
SRC-D721A94FA3B2,Linguistic Peculiarities in the Aramaic Magic Bowl Texts (review),,2001,Jewish Quarterly Review,Linguistic Peculiarities in the Aramaic Magic Bowl Texts (review) (2001). Crossref DOI 10.1353/jqr.2001.0002.,10.1353/jqr.2001.0002,article,unknown,,Not yet classified,unclassified,0,0
SRC-195B6B6E19A1,A Unique Talmudic Aramaic Incantation Bowl,Christa Müller-Kessler; Theodore Kwasman,2000,Journal of the American Oriental Society,"Müller-Kessler, Christa, and Theodore Kwasman. ‘A Unique Talmudic Aramaic Incantation Bowl.’ JAOS 120 (2000): 159–165.",10.2307/605019,article,partial,,Not yet classified,unclassified,0,0
SRC-72D809FB4249,Catalogue of the Aramaic and Mandaic Incantation Bowls in the British Museum,"J. B. Segal, with a contribution by Erica C. D. Hunter",2000,,"Segal, J. B., with Erica C. D. Hunter. Catalogue of the Aramaic and Mandaic Incantation Bowls in the British Museum. London: British Museum Press, 2000.",,catalogue,partial,catalogue,Collection catalogue,derived,252,0
SRC-A89710493F2C,Interrelations between Mandaic Lead Rolls and Incantation Bowls,Christa Müller-Kessler,2000,"Mesopotamian Magic: Textual, Historical and Interpretative Perspectives",Interrelations between Mandaic Lead Rolls and Incantation Bowls (2000). Crossref DOI 10.1163/9789004496293_016.,10.1163/9789004496293_016,chapter,unknown,,Not yet classified,unclassified,0,0
SRC-A219DE471B07,"The ancient world - Hannu Juusola: Linguistic peculiarities in the Aramaic magic bowl texts. (Studia Orientalia 86.) vii, 264 pp. Helsinki: Finnish Oriental Society, 1999.",Dan Levene,2000,Bulletin of the School of Oriental and African Studies,"The ancient world - Hannu Juusola: Linguistic peculiarities in the Aramaic magic bowl texts. (Studia Orientalia 86.) vii, 264 pp. Helsinki: Finnish Oriental Society, 1999. (2000). OpenAlex W2012231470.",10.1017/s0041977x00007242,article,unknown,,Not yet classified,unclassified,0,0
SRC-2471CE31E5D9,Two Incantation Bowls from Babylon,Erica C. D. Hunter,2000,Iraq,"Hunter, Erica C. D. ‘Two Incantation Bowls from Babylon.’ Iraq 62 (2000): 139–147.",10.2307/4200485,article,available,,Not yet classified,unclassified,0,0
SRC-5F62C41EEF94,Two Incantation Bowls from Babylon,Herman [and others; see citation],2000,Iraq,———. “Two Incantation Bowls from Babylon.” Iraq 62 (2000): 139–47.,,article,unknown,,Not yet classified,unclassified,0,0
SRC-307DAFB2C071,"""... and by the name of Jesus ..."" An unpublished magic bowl in Jewish Aramaic",D. Levene,1999,ePrints Soton (University of Southampton),"""... and by the name of Jesus ..."" An unpublished magic bowl in Jewish Aramaic (1999). OpenAlex W1602462662.",,article,unknown,,Not yet classified,unclassified,0,0
SRC-21417589C8F9,‘… and by the name of Jesus …’ An Unpublished Magic Bowl in Jewish Aramaic,Dan Levene,1999,Jewish Studies Quarterly,"Levene, Dan. ‘“… and by the name of Jesus …” An Unpublished Magic Bowl in Jewish Aramaic.’ JSQ 6, no. 4 (1999): 283–308.",,article,partial,,Not yet classified,unclassified,0,0
SRC-696E71D7E586,Amulets and Magic Bowls: Aramaic Incantations of Late Antiquity,"Naveh, Joseph, and Shaul Shaked",1998,,"Naveh, Joseph, and Shaul Shaked. Amulets and Magic Bowls: Aramaic Incantations of Late Antiquity. Jerusalem: Magnes; Leiden: Brill, 1985; 2nd/3rd ed., Jerusalem, 1987/1998.",,book,unknown,corpus_edition,Edition of many bowls,derived,7,0
SRC-D444187E44BA,More Magic Spells and Formulae,Geller [and others; see citation],1997,BSOAS,———. “More Magic Spells and Formulae.” BSOAS 60 (1997): 327–35.,,article,unknown,,Not yet classified,unclassified,0,0
SRC-7354A637359A,Two Incantation Bowls from the Collection of the Iraq Museum,Herman [and others; see citation],1997,Sumer,———. “Two Incantation Bowls from the Collection of the Iraq Museum.” Sumer 49 (1997): 107–26.,,article,unknown,,Not yet classified,unclassified,0,0
SRC-A06D3C4C7CDF,"‘Peace Be upon You, Exalted Angels’: On Hekhalot, Liturgy and Incantation Bowls","Shaked, Shaul",1995,JSQ,"Shaked, Shaul. “‘Peace Be upon You, Exalted Angels’: On Hekhalot, Liturgy and Incantation Bowls.” JSQ 2 (1995): 197–219.",,article,unknown,,Not yet classified,unclassified,0,0
SRC-6B7999FA31E9,Eine aramäische Zauberschale im Museum für Vor- und Fruhgeschichte zu Berlin,"Müller-Kessler, Christa",1994,Orientalia,"Müller-Kessler, Christa. “Eine aramäische Zauberschale im Museum für Vor- und Fruhgeschichte zu Berlin.” Orientalia 63 (1994): 5–9.",,article,unknown,,Not yet classified,unclassified,0,0
SRC-C628D3B5E8F9,Two Mandaic Incantation Bowls from Nippur,Erica C. D. Hunter,1994,Baghdader Mitteilungen,"Hunter, Erica C. D. ‘Two Mandaic Incantation Bowls from Nippur.’ Baghdader Mitteilungen 25 (1994): 605–618, 18N97.",,article,available,corpus_edition,Edition of many bowls,derived,2,0
SRC-795E719C624E,Magic Spells and Formulae: Aramaic Incantations of Late Antiquity,Naveh [and others; see citation],1993,,"———, and Shaul Shaked. Magic Spells and Formulae: Aramaic Incantations of Late Antiquity. Jerusalem: Magnes, 1993.",,book,unknown,single_object_edition,Edition of one bowl,derived,1,0
SRC-FF4308945F0F,An Aramaic Incantation Bowl from Khafaje,Edward M. Cook,1992,Bulletin of the American Schools of Oriental Research,"Cook, Edward M. ‘An Aramaic Incantation Bowl from Khafaje.’ BASOR 285 (1992): 79–81.",10.2307/1357216,article,partial,,Not yet classified,unclassified,0,0
SRC-FDF316738255,Die Inschriften auf den babylonischen Thongefässen,"Chwolson, Daniel",1992,BASOR,"Chwolson, Daniel. “Die Inschriften auf den babylonischen Thongefässen.” In Corpus Inscriptionum Hebraicarum, col. 103–20. Saint Petersburg: H. Schmitzdorff, 1882. 42 Aramaic Incantation Bowls Cook, Edward M. “ An Aramaic Incantation Bowl from Khafaje.” BASOR 285 (1992): 79–81.",,chapter,unknown,,Not yet classified,unclassified,0,0
SRC-7FE468EAAF58,Une coupe magique araméenne,"Gawlikowski, Michel",1990,Semitica,"Gawlikowski, Michel. “Une coupe magique araméenne.” Semitica 38 (1990): 137–45.",,article,unknown,,Not yet classified,unclassified,0,0
SRC-B28F4418A956,Amulets and Magic Bowls: Aramaic Incantations of Late Antiquity,Joseph Naveh; Shaul Shaked,1987,,"Naveh, Joseph, and Shaul Shaked. Amulets and Magic Bowls: Aramaic Incantations of Late Antiquity. Jerusalem: Magnes Press, 1985; 2nd ed., 1987.",,book,unknown,,Not yet classified,unclassified,0,0
SRC-202A5D83B21F,Eight Incantation Bowls,Geller [and others; see citation],1986,Orientalia Lovaniensia Periodica,———. “Eight Incantation Bowls.” Orientalia Lovaniensia Periodica 17 (1986): 101–17.,,article,unknown,,Not yet classified,unclassified,0,0
SRC-7B96CC040B1B,Magic Bowls in the Moriah Collection,Gordon [and others; see citation],1984,Orientalia,———. “Magic Bowls in the Moriah Collection.” Orientalia 53 (1984): 220– 41.,,article,unknown,,Not yet classified,unclassified,0,0
SRC-0D5A017F426B,An Aramaic Incantation Bowl from Borsippa,Tapani Harviainen,1981,Studia Orientalia,"Harviainen, Tapani. ‘An Aramaic Incantation Bowl from Borsippa.’ Studia Orientalia (1981).",,article,available,,Not yet classified,unclassified,0,0
SRC-68826E462E63,Four Aramaic Incantation Bowls,Geller [and others; see citation],1980,,"———. “Four Aramaic Incantation Bowls.” In The Bible World: Essays in Honor of Cyrus H. Gordon , ed. Gary Rendsburg, Ruth Adler, Milton Arfa, and Nathan H. Winter, 47–60. New York: Ktav, 1980.",,chapter,unknown,,Not yet classified,unclassified,0,0
SRC-A8946898A981,Five Aramaic Incantation Bowls from Tell Baruda ( Choche),"Franco, Fulvio",1979,,"Franco, Fulvio. “Five Aramaic Incantation Bowls from Tell Baruda ( Choche).” Mesopotamia 13/14 (1978–1979): 233–49.",,article,unknown,,Not yet classified,unclassified,0,0
SRC-77BC594D2166,"A Syriac Incantation Bowl in the Finnish National Museum, Helsinki",Tapani Harviainen,1978,,"Harviainen, Tapani. A Syriac Incantation Bowl in the Finnish National Museum, Helsinki. Studia Orientalia 51:1. Helsinki, 1978.",,book,partial,,Not yet classified,unclassified,0,0
SRC-589994C2222B,An Aramaic Incantation Bowl in the Allard Pierson Museum,Klaas A. D. Smelik,1978,Bibliotheca Orientalis,"Smelik, Klaas. ‘An Aramaic Incantation Bowl in the Allard Pierson Museum.’ Bibliotheca Orientalis 35 (1978): 174–177.",,article,partial,,Not yet classified,unclassified,0,0
SRC-D7DD2C56A96B,An Aramaic incantation bowl in the Allard Pierson Museum,Klaas Smelik,1978,Ghent University Academic Bibliography (Ghent University),An Aramaic incantation bowl in the Allard Pierson Museum (1978). OpenAlex W2624188500.,,article,unknown,,Not yet classified,unclassified,0,0
SRC-E14B9966B61E,Two Aramaic Incantations,Gordon [and others; see citation],1978,,"———. “Two Aramaic Incantations.” In Biblical and Near Eastern Studies: Essays in Honor of William Sanford LaSor , ed. Gary A. Tuttle, 231–44. Grand Rapids: Eerdmans, 1978.",,chapter,unknown,,Not yet classified,unclassified,0,0
SRC-B1AA93ACD1E1,Two Incantation Bowls Inscribed in Syriac and Aramaic,Markham J. Geller,1976,Bulletin of the School of Oriental and African Studies,"Geller, Markham J. ‘Two Incantation Bowls Inscribed in Syriac and Aramaic.’ BSOAS 39, no. 2 (1976): 422–427.",10.1017/S0041977X00050096,article,partial,,Not yet classified,unclassified,0,0
SRC-0F771B1F1909,Two New Aramaic Incantation Bowls,Isbell [and others; see citation],1976,BASOR,———. “Two New Aramaic Incantation Bowls.” BASOR 223 (1976): 15–23.,,article,unknown,,Not yet classified,unclassified,0,0
SRC-D670EE201303,Appendix C: Alphabetic Texts,Kaufman [and others; see citation],1975,,"———. “ Appendix C: Alphabetic Texts.” In Excavations at Nippur: Eleventh Season, ed. McGuire Gibson, 151-52. Chicago: University of Chicago Press, 1975.",,chapter,unknown,,Not yet classified,unclassified,0,0
SRC-1FE46019356A,Corpus of the Aramaic Incantation Bowls,"Isbell, Charles D",1975,,"Isbell, Charles D. Corpus of the Aramaic Incantation Bowls . SBLDS 17. Missoula, MT: Society of Biblical Literature, 1975.",,book,unknown,corpus_edition,Edition of many bowls,derived,17,0
SRC-B4623876826F,A Unique Magic Bowl from Nippur,"Kaufman, Stephen A",1973,JNES,"Kaufman, Stephen A. “ A Unique Magic Bowl from Nippur.” JNES 32 (1973): 170–74.",,article,unknown,,Not yet classified,unclassified,0,0
SRC-3EBD27903913,Epigraphic Notes: Four Aramaic Magic Bowls in the Hermitage Museum,Borisov [and others; see citation],1969,,———. “Epigraphic Notes: Four Aramaic Magic Bowls in the Hermitage Museum” [Russian]. Epigraphics of the East 19 (1969): 3–13.,,article,unknown,,Not yet classified,unclassified,0,0
SRC-539BB677443B,Jewish and Mandaean Incantation Bowls in the Royal Ontario Museum,W. S. McCullough,1967,,"McCullough, W. S. Jewish and Mandaean Incantation Bowls in the Royal Ontario Museum. Toronto: University of Toronto Press, 1967, DA 5.",,book,available,corpus_edition,Edition of many bowls,derived,2,0
SRC-AF9EF12C3CB9,Mandaic Incantation Texts,Edwin M. Yamauchi,1967,American Oriental Series 49,"Yamauchi, Edwin M. Mandaic Incantation Texts. American Oriental Series 49. New Haven: American Oriental Society, 1967.",,book,partial,,Not yet classified,unclassified,0,0
SRC-298080BE701F,Aramaic Magic Bowls,"Yamauchi, Edwin M",1965,JAOS,"Yamauchi, Edwin M. “ Aramaic Magic Bowls.” JAOS 85 (1965): 511–23.",,article,unknown,,Not yet classified,unclassified,0,0
SRC-7F0FBA89D925,"Les coupes magiques araméennes de Mésopotamie (PhD thesis, Université de Paris, 1963)","Jeruzalmi, Isak",1963,,"Jeruzalmi, Isak. Les coupes magiques araméennes de Mésopotamie (PhD thesis, Université de Paris, 1963).",,book,unknown,,Not yet classified,unclassified,0,0
SRC-723E7803459B,Two Magic Bowls in Teheran,Gordon [and others; see citation],1951,Orientalia,———. “Two Magic Bowls in Teheran.” Orientalia 20 (1951): 306–15.,,article,unknown,,Not yet classified,unclassified,0,0
SRC-E29AEC3E5CF4,Aramaic Incantation Bowls,Gordon [and others; see citation],1941,Orientalia,"———. “ Aramaic Incantation Bowls.” Orientalia 10 (1941): 116–41, 272–84, 339–60.",,article,unknown,,Not yet classified,unclassified,0,0
SRC-1372060A77E6,Two Magic Bowls: New Incantation Texts from Mesopotamia,"Obermann, Julian",1940,AJSL,"Obermann, Julian. “Two Magic Bowls: New Incantation Texts from Mesopotamia.” AJSL 57 (1940): 1–31.",,article,unknown,,Not yet classified,unclassified,0,0
SRC-5F202013D250,Epigraphic Notes,"Borisov, A. Y",1939,,"Borisov, A. Y. “Epigraphic Notes” [Russian]. Trudy otdela vostoka: Gosudarstvennyj Ermitazh 1 (1939): 227–35.",,article,unknown,,Not yet classified,unclassified,0,0
SRC-43C1E102538E,Aramaic and Mandaic Magical Bowls,Gordon [and others; see citation],1937,ArOr,———. “ Aramaic and Mandaic Magical Bowls.” ArOr 9 (1937): 84–106.,,article,unknown,,Not yet classified,unclassified,0,0
SRC-0383E0E0A2F2,An Aramaic Exorcism,Gordon [and others; see citation],1934,ArOr,———. “ An Aramaic Exorcism.” ArOr 6 (1934): 466–74.,,article,unknown,,Not yet classified,unclassified,0,0
SRC-C45C16AC2B8E,An Aramaic Incantation,Gordon [and others; see citation],1934,Annual of the American Schools of Oriental Research,———. “ An Aramaic Incantation.” Annual of the American Schools of Oriental Research 14 (1934): 141–44.,,article,unknown,,Not yet classified,unclassified,0,0
SRC-554602FDAE59,An Aramaic Incantation (in the Beẓalel National Antiquities Museum),"Narquis, M",1934,,"Narquis, M. “ An Aramaic Incantation (in the Beẓalel National Antiquities Museum)” [Hebrew]. Tarbiz ̣ 6 (1934): 106–7.",,article,unknown,,Not yet classified,unclassified,0,0
SRC-60CB324330C9,Aramaic Magical Bowls in the Istanbul and Baghdad Museums,"Gordon, Cyrus H",1934,ArOr,"Gordon, Cyrus H. “ Aramaic Magical Bowls in the Istanbul and Baghdad Museums.” ArOr 6 (1934): 319–34.",,article,unknown,,Not yet classified,unclassified,0,0
SRC-40DB8695EC30,La collection Lycklama au Musée de Cannes,"Billiet, Joseph",1931,Gazette des Beaux-Arts,"Billiet, Joseph. “La collection Lycklama au Musée de Cannes.” Gazette des Beaux-Arts 828 (1931): 321–40.",,article,unknown,,Not yet classified,unclassified,0,0
SRC-04B8D14FB2C9,Notes on Semitic Epigraphy,"Shileyko, V. K",1921,,"Shileyko, V. K. “Notes on Semitic Epigraphy” [Russian]. Izvestija Rossijskoj Akademii materialnoj kultury 1 (1921): 103–10.",,article,unknown,,Not yet classified,unclassified,0,0
SRC-D4CF2125EF21,A Syriac Incantation Bowl with Christian Formula,James A. Montgomery,1918,The American Journal of Semitic Languages and Literatures,"Montgomery, James A. ‘A Syriac Incantation Bowl with Christian Formula.’ AJSL 34 (1918): 137–139.",10.1086/369853,article,partial,,Not yet classified,unclassified,0,0
SRC-C727595F6971,Amulets and Bowls with Magic Inscriptions,Schwab [and others; see citation],1916,JQR,———. “ Amulets and Bowls with Magic Inscriptions.” JQR 7 (1916): 619– 28.,,article,unknown,,Not yet classified,unclassified,0,0
SRC-5915E51A5AA2,Une coupe d’incantation chaldéenne de la collection du Professeur Pozzi,Schwab [and others; see citation],1915,,———. “Une coupe d’incantation chaldéenne de la collection du Professeur Pozzi.” Comptes rendus des séances de l’Académie des Inscriptions et Belles-Lettres 59 (1915): 383–89.,,article,unknown,,Not yet classified,unclassified,0,0
SRC-943673B56FB8,Aramaic Incantation Texts from Nippur,James A. Montgomery,1913,"University Museum, Babylonian Section, Publications, Volume III","Montgomery, James A. Aramaic Incantation Texts from Nippur. University Museum, Babylonian Section, Publications 3. Philadelphia, 1913.",,book,available,corpus_edition,Edition of many bowls,derived,84,1
SRC-F46C267EB36A,An Aramaic Incantation Text,"Myhrman, David W",1909,,"Myhrman, David W. “ An Aramaic Incantation Text.” In Hilprecht Anniversary Volume: Studies in Assyriology and Archaeology Dedicated to Her46 Aramaic Incantation Bowls mann V. Hilprecht upon the Twenty-Fifth Anniversary of His Doctorate and His Fiftieth Birthday (July 28), 342–51. Leipzig: Hinrichs, 1909.",,chapter,unknown,,Not yet classified,unclassified,0,0
SRC-E7D5F020B31C,Inscriptions mandaïtes des coupes de Khouabir,Henri Pognon,1898,,"Pognon, Henri. Inscriptions mandaïtes des coupes de Khouabir. Paris, 1898.",,book,unknown,,Not yet classified,unclassified,0,0
SRC-0B6C0E1133EF,Jüdisch-babylonische Zaubertexte: Herausgegeben und Erklärt,"Stübe, Rudolf",1895,,"Stübe, Rudolf. Jüdisch-babylonische Zaubertexte: Herausgegeben und Erklärt . Halle: J. Krause, 1895.",,book,unknown,,Not yet classified,unclassified,0,0
SRC-B4B294D793B8,Une coupe d’incantation,"Lacau, Pierre",1894,Revue d’assyriologie et d’archéologie orientale,"Lacau, Pierre. “Une coupe d’incantation.” Revue d’assyriologie et d’archéologie orientale 3 (1894): 49–51.",,article,unknown,,Not yet classified,unclassified,0,0
SRC-7E55A07F2355,"Zu den Zauberschalen des königlichen Museums in Berlin (Vgl. ZA. VIII, Ss. 313ff.; IX, Ss. 11ff.)","Fraenkel, Siegmund",1894,Zeitschrift für Assyriologie und Vorderasiatische Archäologie,"Fraenkel, Siegmund. “Zu den Zauberschalen des königlichen Museums in Berlin (Vgl. ZA. VIII, Ss. 313ff.; IX, Ss. 11ff.).” Zeitschrift für Assyriologie und Vorderasiatische Archäologie 9 (1894): 308–9.",,article,unknown,,Not yet classified,unclassified,0,0
SRC-53202A840D51,Über einige aramäische Inschriften auf Thongefässen des Königlichen Museums zu Berlin,Wohlstein [and others; see citation],1894,Zeitschrift für Assyriologie und Vorderasiatische Archäologie,———. “Über einige aramäische Inschriften auf Thongefässen des Königlichen Museums zu Berlin.” Zeitschrift für Assyriologie und Vorderasiatische Archäologie 9 (1894): 11–41.,,article,unknown,,Not yet classified,unclassified,0,0
SRC-A12DF738AF6A,Über einige aramäische Inschriften auf Thongefässen des Königlichen Museums zu Berlin,Wohlstein. Jos,1893,Zeitschrift für Assyriologie und Vorderasiatische Archäologie,Wohlstein. Jos. “Über einige aramäische Inschriften auf Thongefässen des Königlichen Museums zu Berlin.” Zeitschrift für Assyriologie und Vorderasiatische Archäologie 8 (1893): 313–40.,,article,unknown,,Not yet classified,unclassified,0,0
SRC-F42955665921,Coupes à inscriptions magiques,Moïse Schwab,1891,Proceedings of the Society of Biblical Archaeology 13,"Schwab, Moïse. ‘Coupes à inscriptions magiques.’ Proceedings of the Society of Biblical Archaeology 13 (1891): 583–595.",,article,available,,Not yet classified,unclassified,0,1
SRC-5578BA6F9AA4,A Few Notes on an Aramaic Inscription on a Vase Located in Moscow,"Harkavy, Abraham Elijah",1889,,"Harkavy, Abraham Elijah. “ A Few Notes on an Aramaic Inscription on a Vase Located in Moscow” [Russian]. Zapiski vostočnago otdelenija imperatorskago russkago arxeologičeskago obščestava 4 (1889): 83–95.",,article,unknown,,Not yet classified,unclassified,0,0
SRC-6AACCCF09C88,Une coupe d’incantation,"Schwab, Moïse",1886,Revue d’assyriologie et d’archéologie orientale,"Schwab, Moïse. “Une coupe d’incantation.” Revue d’assyriologie et d’archéologie orientale 1 (1886): 117–19.",,article,unknown,,Not yet classified,unclassified,0,0
SRC-D1AD287AC9C9,Sur un vase judéo-babylonien du musée Lycklama de Cannes (Provence),"Hyvernat, Henri",1885,Zeitschrift für Keilschriftforschung und verwandte Gebiete,"Hyvernat, Henri. “Sur un vase judéo-babylonien du musée Lycklama de Cannes (Provence).” Zeitschrift für Keilschriftforschung und verwandte Gebiete 2 (1885): 113–48.",,article,unknown,,Not yet classified,unclassified,0,0
SRC-A134B1DECDED,Un vase judéo-chaldéen de la Bibliothèque Nationale,"Babelon, Ernest, and Moïse Schwab",1882,REJ,"Babelon, Ernest, and Moïse Schwab. “Un vase judéo-chaldéen de la Bibliothèque Nationale.” REJ 4 (1882): 165–72.",,article,unknown,,Not yet classified,unclassified,0,0
SRC-E75599494684,Observations sur un vase judéo-babylonien du British Museum,"Halévy, Joseph",1877,,"Halévy, Joseph. “Observations sur un vase judéo-babylonien du British Museum.” Comptes rendus des séances de l’académie des inscriptions et belles-lettres 5 (1877): 288–93.",,article,unknown,,Not yet classified,unclassified,0,0
SRC-9D89ADCA0174,Epigraphische Beiträge zur Geschichte der Juden,Levy [and others; see citation],1861,Jahrbuch für die Geschichte der Juden und des Judenthums,———. “Epigraphische Beiträge zur Geschichte der Juden.” Jahrbuch für die Geschichte der Juden und des Judenthums 2 (1861): 259–324.,,article,unknown,,Not yet classified,unclassified,0,0
SRC-212816ED7316,Über die von Layard aufgefundenen chaldäischen Inschriften auf Topfgefässen: Ein Beitrag zur hebräischen Paläographie und zur Religionsgeschichte,"Levy, M. A",1855,ZDMG,"Levy, M. A. “Über die von Layard aufgefundenen chaldäischen Inschriften auf Topfgefässen: Ein Beitrag zur hebräischen Paläographie und zur Religionsgeschichte.” ZDMG 9 (1855): 465–91.",,article,unknown,,Not yet classified,unclassified,0,0
SRC-8900A7CAF037,Discoveries in the Ruins of Nineveh and Babylon,Austen Henry Layard; Thomas Ellis,1853,,"Layard, Austen Henry. Discoveries in the Ruins of Nineveh and Babylon. London: John Murray, 1853. Includes Thomas Ellis's decipherments of the incantation bowls Layard acquired.",,book,unknown,,Not yet classified,unclassified,0,0
SRC-5EDC66BBEFE7,Transcription and Translation of Seven Magic Bowls (untitled),"Ellis, Thomas",1853,,"Ellis, Thomas. “Transcription and Translation of Seven Magic Bowls (untitled).” In Discoveries in the Ruins of Nineveh and Babylon: With Travels in Armenia, Kurdistan, and the Desert; Being the Result of a Second Expedition Undertaken for the Trustees of the British Museum , by Austin H. Layard, 509–23. New York: G. P. Putnam, 1853.",,chapter,unknown,,Not yet classified,unclassified,0,0
SRC-FC77989995C8,Archaeological Center Auction 57,Archaeological Center Ltd.,,,"Archaeological Center Ltd. Auction 57. Auction catalogue, lots 440–442, accessed 4 September 2026.",,catalogue,available,catalogue,Collection catalogue,derived,0,1
SRC-C0613CA57C89,Auction 69 Part One,Archaeological Center / Deutsch Auction,,,"Deutsch Auction. Auction 69 Part One. Auction catalogue, accessed 4 September 2026.",,catalogue,partial,catalogue,Collection catalogue,derived,0,0
SRC-4B0CEB2BE96C,Bonhams Antiquities catalogue — lot 58,Bonhams,,,"Bonhams, Antiquities, 101 New Bond Street, London, catalogue bonham10350, lot 58.",,catalogue,partial,catalogue,Collection catalogue,derived,0,0
