record_id,personal_name,sex,parental_name,matronym_or_patronym,language,family_tree,geographical_provenance,present_location,publication,text_number_in_publication,bowl_no_in_sokoloff,additional_references,same_clients_appear_in,same_scribe_as,link_to_photo
921,"בר מחלפתא 
Hamilton 1971, p. 151:
--יחהרמח בת מחלפתא X",M,מחלפתא,Matronym,Syriac,,Unknown,Iraq Museum,Teixidor 1962,Iraq Museum 41382,0,"Hamilton 1971, Text 13.
Not included in Sokoloff.",,,
922,בת אימא X,F,אימא,Matronym,Jewish Aramaic,,Kish,Ashmolean Museum,"Gordon 1941, pp. 279","Not numbered by Gordon. 
Ashmolean Museum 1932.619.",0,Not included in Sokoloff.,,,
923,בת אימא X,F,אימא,Matronym,Jewish Aramaic,,Unknown,Iraq Museum,Gordon 1978,Iraq Museum 9731,113,,,,
924,בת שישאי X,F,שישאי,Matronym?,Jewish Aramaic,זבינא בר ניונדוך = X בת שישאי ?,Unknown,"Unknown (sold by Sotheby's, London?)",Geller 1997,Text A,0,Not included in Sokoloff.,,,
928,X-שרתא פת רובקאי,F,רובקאי,?,Mandaic,,Khouabir,?,Pognon 1898,No. 20,0,Not included in Sokoloff.,,,
931,א[ ] בר אימי,M,אימי,Matronym,Jewish Aramaic,,?,Private collection (Samir Dehays),Unpublished (D. Levene personal file),SD Bowl 11,0,Not included in Sokoloff.,,,
932,אאינה בת מאמה / אינה בת מאמה,F,מאמה,Matronym,Jewish Aramaic,"? = מאמה (ממה) 
! 
רב מארי  /  אינה",Unknown,British Museum,CAMIB,024A (BM 91760),135,"Müller-Kessler 2001/2, p. 122.",,,http://www.britishmuseum.org/research/search_the_collection_database/search_object_details.aspx?objectid=1402743&partid=1&IdNum=91760&orig=%2fresearch%2fsearch_the_collection_database%2fmuseum_no__provenance_search.aspx
933,אבא (בר כומיש),M,כומיש,Matronym mentioned,Jewish Aramaic,"כומיש בת מחלפתא = ?
!
כלתא (?)  /  ארתשריה  /  אבא  /  יזדיד  /  הוניק",Nippur,University of Pennsylvania Museum,AIT,Bowl 17 (CBS 2922),19,"Epstein, p. 345-346. 
CAIB 13.",,,
934,אבא בר ברכיתא,M,ברכיתא,Matronym,Jewish Aramaic,"? = אימי בת רבקא
!
לילי  /  מר","Unknown, purchased in Baghdad.","Royal Museum (presently the Old Museum), Berlin",Wohlstein 1894,inv. No. 2416,120,,"VA 2423 (unpublished, D. Levene personal file).","VA 2423 (unpublished, D. Levene personal file).",
935,אבא בר ברכיתא,M,ברכיתא,Matronym,Jewish Aramaic,"? = אימי בת ריבקא
!
לילי  /  מר",?,Berlin Museum,Unpublished (D. Levene personal file),VA 2423 (unpublished),0,Not included in Sokoloff.,VA 2416 (Wohlstein 1894).,VA 2416 (Wohlstein 1894).,
936,אבאן בר דדי,M,דדי,?,Jewish Aramaic,,Borsippa,British Museum,CAMIB,021A (BM 127396),134,,"The same client, Aban, appears in the partial duplicate bowl CAMIB 022A, written by the same scribe.",CAMIB 022A,http://www.britishmuseum.org/research/search_the_collection_database/search_object_details.aspx?objectid=1402673&partid=1&IdNum=127396&orig=%2fresearch%2fsearch_the_collection_database%2fmuseum_no__provenance_search.aspx
937,אבאן בר דדי,M,דדי,?,Jewish Aramaic,,Borsippa,British Museum,CAMIB,022A (BM 127395),0,Not included in Sokoloff.,"The same client, Aban, appears in the partial duplicate bowl CAMIB 021A, written by the same scribe.",CAMIB 021A,http://www.britishmuseum.org/research/search_the_collection_database/search_object_details.aspx?objectid=1402697&partid=1&IdNum=127395&orig=%2fresearch%2fsearch_the_collection_database%2fmuseum_no__provenance_search.aspx
938,אבאן בר סיסין אנאהיד,M,סיסין אנאהיד,Matronym,Mandaic,,Unknown (said to have come from Khuzistan),Private collection (name not given).,Müller-Kessler 2005,41e - Lead amulet,0,"Lead amulet.
First published by Greenfield & Naveh 1985.
Not included in Sokoloff.",,,
939,אבאן בר סיסין אנאהיד,M,סיסינאנאחיד,Matronym,Mandaic,,Khuzistan? (I am not sure if the editors mean that the amulet was uncovered there or that at present it is found there),?,Greenfield & Naveh 1985,Lead amulet,0,"Lead amulet.
Müller-Kessler 2005, 41e. 
Not included in Sokoloff.",,,
940,"אבאן גושמיס בר אנושפרית /
אבאן גושנס בר אנושפרית",M,אנושפרית,Matronym?,Jewish Aramaic,אבאן גושמיס (אבאן גושנס) בר אנושפרית = לאלי,Kutha (Tell Ibrahim),British Museum,CAMIB,015A (BM 91755),0,"Müller-Kessler 2001/2, p. 121.
Not included in Sokoloff.","The same client, Aban Gušmis (or Gušnas) appears in bowl CAMIB 016A, written by the same scribe. His wife is also mentioned there, but not by name.",CAMIB 016A,http://www.britishmuseum.org/research/search_the_collection_database/search_object_details.aspx?objectid=1402667&partid=1&IdNum=91755&orig=%2fresearch%2fsearch_the_collection_database%2fmuseum_no__provenance_search.aspx
941,אבאן גושנס בר אנושפרית,M,אנושפרית,Matronym?,Jewish Aramaic,,Kutha (Tell Ibrahim),British Museum,CAMIB,016A (BM 91741),0,"Müller-Kessler 2001/2, p. 121.
Not included in Sokoloff.","The same client, Aban Gušmis (or Gušnas) appears in bowl CAMIB 015A, written by the same scribe. His wife is also mentioned there, this time by name (Lalay).",CAMIB 015A,http://www.britishmuseum.org/research/search_the_collection_database/search_object_details.aspx?objectid=1402665&partid=1&IdNum=91741&orig=%2fresearch%2fsearch_the_collection_database%2fmuseum_no__provenance_search.aspx
942,אבדא (בר גושנזדוך),M,גושנזדוך,Matronym,Jewish Aramaic,"באבוי בר אימי (?) = גושנזדוך
!
אבדא  /  זבינא  /  חורמיז",Unknown,British Museum,CAMIB,023A (BM 139524),35,"First published as Geller 1980, Bowl C. 
Müller-Kessler 2001/2, pp. 121-122.",,,http://www.britishmuseum.org/research/search_the_collection_database/search_object_details.aspx?objectid=1402729&partid=1&IdNum=139524&orig=%2fresearch%2fsearch_the_collection_database%2fmuseum_no__provenance_search.aspx
943,אבדראחמאן בר מישויא,M,מישויא,Matronym,Mandaic,אבדראחמאן בר מישויא = בשנירא פת שחפריד,Kutha (Tell Ibrahim),British Museum,CAMIB,081M (BM 117880),0,"Müller-Kessler 2001/2, pp. 131-132.
Not included in Sokoloff.","The same two clients appear in six Mandaic bowls in the British Museum, CAMIB Bowls 077M-082M. Abdrahman bar Mišoya appears without his wife in CAMIB Bowl 076M. Bašniray appears also in CAMIB bowls 083M-085M.",,http://www.britishmuseum.org/research/search_the_collection_database/search_object_details.aspx?objectid=805278&partid=1&IdNum=117880&orig=%2fresearch%2fsearch_the_collection_database%2fmuseum_no__provenance_search.aspx
944,"אבדראחמאן בר מעשוי /
אבדראחמאן בר מישויא",M,"מעשוי /
מישויא",Matronym,Mandaic,אבדראחמאן בר מישויא = בשנירא פת שחפריד,Kutha (Tell Ibrahim),British Museum,CAMIB,082M (BM 91709),0,"Müller-Kessler 2001/2, p. 132.
Not included in Sokoloff.","The same two clients appear in six Mandaic bowls in the British Museum, CAMIB Bowls 077M-082M. Abdrahman bar Mišoya appears without his wife in CAMIB Bowl 076M. Bašniray appears also in CAMIB bowls 083M-085M.",,http://www.britishmuseum.org/research/search_the_collection_database/search_object_details.aspx?objectid=1402962&partid=1&IdNum=91709&orig=%2fresearch%2fsearch_the_collection_database%2fmuseum_no__provenance_search.aspx
945,אבדרחמאן אבאן גושנאהף בר מישויא,M,מישויא,Matronym,Mandaic,אבדרחמאן בר מישויא = בשניראי פת שאחפריד,Kutha (Tell Ibrahim),British Museum,CAMIB,079M (BM 117872),0,"Müller-Kessler 2001/2, p. 130.
Not included in Sokoloff.","The same two clients appear in six Mandaic bowls in the British Museum, CAMIB Bowls 077M-082M. Abdrahman bar Mišoya appears without his wife in CAMIB Bowl 076M. Bašniray appears also in CAMIB bowls 083M-085M.",,http://www.britishmuseum.org/research/search_the_collection_database/search_object_details.aspx?objectid=1402969&partid=1&IdNum=117872&orig=%2fresearch%2fsearch_the_collection_database%2fmuseum_no__provenance_search.aspx
946,אבדרחמאן בר מישויא,M,מישויא,Matronym,Mandaic,אבדרחמאן בר מישויא = בשנירא פת שאחאפריד,Kutha (Tell Ibrahim),British Museum,CAMIB,077M (BM 117874),0,"Müller-Kessler 2001/2, p. 130.
Not included in Sokoloff.","The same two clients appear in six Mandaic bowls in the British Museum, CAMIB Bowls 077M-082M. Abdrahman bar Mišoya appears without his wife in CAMIB Bowl 076M. Bašniray appears also in CAMIB bowls 083M-085M.",,http://www.britishmuseum.org/research/search_the_collection_database/search_object_details.aspx?objectid=1402928&partid=1&IdNum=117874&orig=%2fresearch%2fsearch_the_collection_database%2fmuseum_no__provenance_search.aspx
947,אבדרחמאן בר מישויא,M,מישויא,Matronym,Mandaic,אבדרחמאן בר מישויא = בשניראי פת שאחפריד,Kutha (Tell Ibrahim),British Museum,CAMIB,078M (BM 91722),0,"Müller-Kessler 2001/2, p. 130.
Not included in Sokoloff.","The same two clients appear in six Mandaic bowls in the British Museum, CAMIB Bowls 077M-082M. Abdrahman bar Mišoya appears without his wife in CAMIB Bowl 076M. Bašniray appears also in CAMIB bowls 083M-085M.",,http://www.britishmuseum.org/research/search_the_collection_database/search_object_details.aspx?objectid=367380&partid=1&IdNum=91722&orig=%2fresearch%2fsearch_the_collection_database%2fmuseum_no__provenance_search.aspx
948,"אבדרחמאן בר מישויא
{ א(ב)דרחמאן בר מיש[ויא] }",M,מיש[ויא],Matronym,Mandaic,,Kutha (Tell Ibrahim),British Museum,CAMIB,076M (BM 91761),0,"Müller-Kessler 2001/2, p. 130.
Not included in Sokoloff.","The same client, Abdrahman bar Mišoya, appears in seven Mandaic bowls in the British Museum, CAMIB Bowls 076M-082M.",,http://www.britishmuseum.org/research/search_the_collection_database/search_object_details.aspx?objectid=1402929&partid=1&IdNum=91761&orig=%2fresearch%2fsearch_the_collection_database%2fmuseum_no__provenance_search.aspx
949,אבונא / אבונה בר גריבתא,M,גריבתא,?,Jewish Aramaic,,Nippur,University of Pennsylvania Museum,AIT,Bowl 2 (CBS 2945),2,"Epstein, pp. 331-333. 
CAIB 2.",Pabak and Abuna appear also in Bowl AIT 4.,,
950,אבונא בר גריבתא,M,גריבתא,?,Jewish Aramaic,,Nippur,University of Pennsylvania Museum,AIT,Bowl 4 (CBS 2923),4,"Epstein, pp. 333-334.",Pabak and Abuna appear also in Bowl AIT 2.,,
951,אבונא בר חתוי,M,חתוי,?,Jewish Aramaic,אבונא בר חתוי = רהבניתא בת שיליי / שיילוי,Unknown,Private collection (Shlomo Moussaieff),"Shaked 1999a, pp. 188-189",Moussaieff Bowl 11,126,,,,
952,אבח בת אשרקום,F,אשרקום,?,Jewish Aramaic,,?,Private collection (Samir Dehays),Unpublished (D. Levene personal file),SD Bowl 27,0,Not included in Sokoloff.,,,
953,אבי בת גושנזדוך,F,גושנזדוך,Matronym,Jewish Aramaic,"ברשבא בר היליון = גושנזדוך בת לאלו
!
אבי",Unknown,Iraq Museum,"Gordon 1941, pp. 350-352",Iraq Museum 11113,0,Not included in Sokoloff.,,,
954,אביא באת נאנאי,F,נאנאי,Matronym,Mandaic,קוקאי בר גושנאי = אביא באת נאנאי,"Unknown, purchased in Baghdad.",Harvard Semitic Museum,Gordon 1937,Text M (HSM 8669),0,"MIT, Text 26.
Not included in Sokoloff.",,,
955,אבן בר עוירתי,M,עוירתי,Matronym,Jewish Aramaic,"? = עוירתי
!
אבן  /  אימי  /  טאטי
                   !
                      שישין
? = ורזין בת ממאי
!
מחלפתא",Unknown,Iraq Museum?,Gordon 1941,Text 4 (Iraq Museum 9732),46,CAIB 40.,,,
956,אבנדד בר בתגדא,M,בתגדא,Matronym,Jewish Aramaic,אבנדד בר בתגדא = סמי בת פרסיתא,Unknown,Private collection (Shlomo Moussaieff),Levene 2007,Moussaieff 164,0,Not included in Sokoloff.,,,
957,אבנדוך בת פושבי,F,פושבי,Matronym,Jewish Aramaic,"פושבי = ?
!
פרוך בר פושבי  /  ניונדוך בת פושבי  /  אבנדוך בת פושבי",Nippur,University of Pennsylvania Museum,AIT,Bowl 5 (CBS 2952),5,"Epstein, p. 334. 
CAIB 10.",,,
958,אברא (בר גושנזדוך),M,גושנזדוך,Matronym,Jewish Aramaic,"באבוי בר אימי (?) = גושנזדוך
!
אברא  /  זבינא  /  חורמיז","Unknown, purchased in Teheran, private collection (M. Majzub), but ""positively identified as a Nippur bowl"", since it was written by the same scribe as bowls AIT 12 and AIT 16 (Geller, p. 56).",British Museum,Geller 1980,Bowl C (now BM 139524),35,CAMIB 023A.,,"AIT 12; 
AIT 16.",http://www.britishmuseum.org/research/search_the_collection_database/search_object_details.aspx?objectid=1402729&partid=1&IdNum=139524&orig=%2fresearch%2fsearch_the_collection_database%2fmuseum_no__provenance_search.aspx
959,אברהם (בר ממא[ ]),M,ממא[   ],Matronym mentioned,Jewish Aramaic,"? = ממא[   ] בת ממליך
!
אברהם",Unknown,Hilprecht Collection,Müller-Kessler 2005,12 (HS 3034),0,Not included in Sokoloff.,,"Müller-Kessler 2005 Bowl 12a (=Iraq Museum 141802, Nippur 11N77) (duplicate, client names unreadable) (Müller-Kessler 2005, p. 62).",
960,אברהם (בר שרקוי),M,שרקוי,Matronym mentioned,Jewish Aramaic,"דדבה בר אסמנדוך = שרקוי בת דאדה
!
הוניק  /  יסמין  /  כופיתי /  מהדוך  /  אברהם  /  פנוי  /  שילי",Nippur,University of Pennsylvania Museum,AIT,Bowl 12 (CBS 9009),14,"Epstein, pp. 341-342. 
CAIB 23.
Müller-Kessler 2005, pp. 104-106.","This family also appears in Bowl AIT 16, and the father of the family also in Bowls AIT 31 and AIT 33.",,
961,אברהם (בר שרקוי),M,שרקוי,Matronym mentioned,Jewish Aramaic,"דדבה בר אסמנדוך = שרקוי בת דאדה
!
הוניק  /  יסמין  /  כופיתי /  מהדוך  /  פנוי  /  אברהם  / שילי",Nippur,University of Pennsylvania Museum,AIT,Bowl 16 (CBS 2920),18,"Epstein, p. 345. 
CAIB 24.
Müller-Kessler 2005, pp. 104-106.","This family also appears in Bowl AIT 12, and the father of the family also in Bowls AIT 31 and AIT 33. The mother, Šarkoi, is the client of another Syriac bowl, Müller-Kessler 2005, Bowl 35 (HS 3039).",,
962,אברהם בר (תוס?),M,תוס?,?,Jewish Aramaic,,Unknown,"Private collection (Yizhak Einhorn, Tel Aviv)",MSF,Bowl 21,84,,,,
963,אברהם בר לאלי,M,לאלי,Matronym,Jewish Aramaic,,?,Private collection (Samir Dehays),Unpublished (D. Levene personal file),SD Bowl 27,0,Not included in Sokoloff.,,,
964,אברחימאן בר מישויא,M,מישויא,Matronym,Mandaic,אברחימאן (אבדרחמאן) בר מישויא = בשניראי פת שאחאפריד,Kutha (Tell Ibrahim),British Museum,CAMIB,080M (BM 91733),0,"Müller-Kessler 2001/2, p. 131.
Not included in Sokoloff.","The same two clients appear in six Mandaic bowls in the British Museum, CAMIB Bowls 077M-082M. Abdrahman bar Mišoya appears without his wife in CAMIB Bowl 076M. Bašniray appears also in CAMIB bowls 083M-085M.",,http://www.britishmuseum.org/research/search_the_collection_database/search_object_details.aspx?objectid=805279&partid=1&IdNum=91733&orig=%2fresearch%2fsearch_the_collection_database%2fmuseum_no__provenance_search.aspx
965,אברקח בר שהדאכת,M,שהדאכת,Matronym,Syriac,"? = מהגושנודאית בת ענתי
!
בתריכ  /  שדשלא
? = שהדאכת בת אודשכית?
!
אברקח  /  בושקירי",Unknown,"Martin Bodmer Library, Geneva",Geller 1976,Syriac Bowl A,0,"Gordon 1941, Magg's Bowl (mentioned, not published).
First published as: Hamilton 1971, Text 18.
Not included in Sokoloff.",,,
966,אגבלתא בר קרקוי,M,קרקוי,Matronym,Jewish Aramaic,אגבלתא בר קרקוי = קאקאי בת (פ)וזיקתוי,Unknown,"Jewish National University Library. Originally in the private collection of Gershom Sholem, formerly owned by Dr. W. Rosenbaum, antique dealer from Ascona, Switzerland.",AMB,Bowl 12a (JNUL Heb. 4˚ 6079),76,,,,
967,אדד גושנץ בר מהדוך,M,מהדוך,Matronym,Jewish Aramaic,אדד גושנץ בר מהדוך = איצפנדרמיד בת טהמנדוך,,Private collection (Shlomo Moussaieff),Levene 2003,M142,0,Not included in Sokoloff.,,,
968,אדומא בר ננאי דואטויא,M,ננאי,Matronym,Mandaic,,Unknown,British Museum,CAMIB,103M (BM 135438),0,"Müller-Kessler 2001/2, p. 137. 
Not included in Sokoloff.",,,http://www.britishmuseum.org/research/search_the_collection_database/search_object_details.aspx?objectid=1403092&partid=1&IdNum=135438&orig=%2fresearch%2fsearch_the_collection_database%2fmuseum_no__provenance_search.aspx
969,אדון (בר אחת),M,אחת,Matronym mentioned,Jewish Aramaic,"? = אחת
!
אדון  /  בוזמנדד",Nippur?,Hilprecht collection,Gordon 1937,Text I,0,"CAIB 54.
Müller-Kessler 2005, Bowl 6.
Not included in Sokoloff.","One of the two clients, Bahmandar (Buzmandad), appears by herself in Müller-Kessler 2005, Bowl 7. The two bowls were written by the same scribe (Müller-Kessler 2005, p. 30)..","Gordon 1937, Text J (a duplicate of Text I) (Gordon 1937, p. 91).
Müller-Kessler 2005, Bowl 7 (Müller-Kessler 2005, p. 30).",
970,אדון (בר אחת),M,אחת,Matronym,Jewish Aramaic,"? = אחת
!
אדון  /  בהמנדר",Unknown,Hilprecht Collection,Müller-Kessler 2005,6 (HS 3010),0,"First published by Gordon 1937, Text I.
CAIB 54.
Not included in Sokoloff.","One of the two clients, Bahmandar, appears on her own in Müller-Kessler 2005, Bowl 7. The two bowls were written by the same scribe (Müller-Kessler 2005, p. 30).","Gordon 1937, Text J (a duplicate of Text I) (Gordon 1937, p. 91).
Müller-Kessler 2005, Bowl 7 (Müller-Kessler 2005, p. 30).",
971,אדורדו(ך),F,none,none,Jewish Aramaic,כודאי בר פאלי = אדורדוך,Unknown,"Israel Museum, Jerusalem.",AMB,Bowl 8 (IM 69.20.265),73,First published by Narkis 1934.,,,
972,אדי בר דוכרי,M,דוכרי,?,Jewish Aramaic,,Unknown,Private collection (Martin Schøyen),Shaked 2005,MS 1928/49,0,Not included in Sokoloff.,,"Possibly written by the same scribe as MS 2053/125 (Shaked 2005, p. 22).",
1847,X--זיזאי,M,זיזאי?,Matronym?,Mandaic,X--זיזאי = כוחורמיזד פת ראדחא,Unknown. Purchased in Teheran in 1970.,"Museo Nazionale d'Arte Orientale, Rome",Moriggi 2001,IsIAO 5205,0,Not included in Sokoloff.,,,
1860,אבנדאד בר שושאי,M,שושאי,Matronym?,Jewish Aramaic,אבנדאד בר שושאי = X בת דודאי,Unknown.,"Private collection (Louise Michail, Milano)",Moriggi 2005b,Not numbered by Moriggi.,0,Not included in Sokoloff.,,,
1861,X בת דודאי,F,דודאי,Matronym,Jewish Aramaic,אבנדאד בר שושאי = בת דודאי X,Unknown.,"Private collection (Louise Michail, Milano)",Moriggi 2005b,Not numbered by Moriggi.,0,Not included in Sokoloff.,,,
