entry,printed_pages,pdf_pages,translation_id,translation_review,translation_hebrew_characters,translation_preface,transcription_id,transcription_review,transcription_hebrew_word_spaces
VA.2484,20–29,34–43,TXT-83B6C1C8C3F6,reading_text_checked,0,no,TXT-2F52B2B1C28A,reading_text_checked,367
VA.2509,30–34,44–48,TXT-60EDC5BF9129,reading_text_checked,0,no,TXT-DDD212B0978B,reading_text_checked,208
VA.2423,35–44,49–58,TXT-40685C1D4E57,reading_text_checked,0,no,TXT-60151E84D03F,reading_text_checked,352
VA.2416,45–51,59–65,TXT-9AF1B6FA9F5E,reading_text_checked,0,no,TXT-040D62C8E512,reading_text_checked,339
VA.2434,52–56,66–70,TXT-0192673CF1EA,reading_text_checked,0,no,TXT-860000CE8F74,reading_text_checked,125
VA.2424,57–61,71–75,TXT-D534DF1EE94B,reading_text_checked,0,no,TXT-3BE6176BBBB8,reading_text_checked,113
VA.2496,62–73,76–87,TXT-C5FC2DC99707,reading_text_checked,0,no,TXT-5DBC54A45B0E,reading_text_checked,137
VA.2575,62–73,76–87,TXT-BD4F3D1F4FF3,reading_text_checked,0,no,TXT-B1508DB0C989,reading_text_checked,137
VA.3382,74–78,88–92,TXT-AFAFECD88C21,reading_text_checked,0,no,TXT-D896CA506E20,reading_text_checked,130
VA.3381,79–83,93–97,TXT-CF476A971CAB,reading_text_checked,0,no,TXT-07B1DF18B19B,reading_text_checked,101
VA.2492,84–86,98–100,TXT-5F1ED9E21331,reading_text_checked,0,no,TXT-B2AEA92D36F3,reading_text_checked,59
VA.2418,87–89,101–103,TXT-5F43504F1716,reading_text_checked,0,no,TXT-6B0BF37735DD,reading_text_checked,75
VA.2417,90–94,104–108,TXT-FF9768AEFFE5,reading_text_checked,0,no,TXT-5C991FF06224,reading_text_checked,124
SD 27,95–107,109–121,TXT-106AE36A3A0B,reading_text_checked,0,no,TXT-3D5B38D8AEBE,reading_text_checked,190
M102,108–109,122–123,TXT-5E2F1A228089,reading_text_checked,0,no,TXT-1A6661D831E5,reading_text_checked,256
M163,110–113,124–127,TXT-7C76BACA64B2,reading_text_checked,0,no,TXT-F6729066BAFE,reading_text_checked,543
005A (BM 91745),114–115,128–129,TXT-A565E786BDEA,reading_text_checked,0,no,TXT-00DB9AC2E0BB,reading_text_checked,164
024A (BM 91760),116–116,130–130,TXT-C80BDDB9436A,reading_text_checked,0,no,TXT-9700A1667AA8,reading_text_checked,81
039A (BM 91771),117–118,131–132,TXT-F5B521C37B90,reading_text_checked,0,no,TXT-B2ECA126525C,reading_text_checked,238
040A (BM 91767),119–120,133–134,TXT-E594B6552604,reading_text_checked,0,no,TXT-DE94D3DCF49D,reading_text_checked,245
041A (BM 91763),121–122,135–136,TXT-A1470AF86452,reading_text_checked,0,no,TXT-EE24C6C21C1B,reading_text_checked,233
043A (BM 91770),123–123,137–137,TXT-CFB30ADE4D88,reading_text_checked,0,no,TXT-427EB06FB672,reading_text_checked,55
N&Sh B6,124–124,138–138,TXT-B296B786F9AD,reading_text_checked,0,no,TXT-61BCE47AD433,reading_text_checked,119
N&Sh B7,125–125,139–139,TXT-2172137D873A,reading_text_checked,0,no,TXT-10361AB6D35E,reading_text_checked,77
N&Sh B9,126–127,140–141,TXT-BA74FB413499,reading_text_checked,0,no,TXT-0DCEB6A50E71,reading_text_checked,191
N&Sh B21,128–129,142–143,TXT-AA95B91990A5,reading_text_checked,0,no,TXT-A33CA1E37B70,reading_text_checked,162
N&Sh B23,130–130,144–144,TXT-547402277C65,reading_text_checked,0,no,TXT-C63F5AC92B20,reading_text_checked,99
Isbell 22 (Gordon 1934b),131–131,145–145,TXT-D46B1F4F15DA,reading_text_checked,0,no,TXT-20C33F09E87E,reading_text_checked,75
Royal Ontario Museum 907.1.1,132–132,146–146,TXT-B7D1E392E69D,reading_text_checked,0,no,TXT-B0F56B949744,reading_text_checked,35
YBC 2393,133–133,147–147,TXT-C989B1FFF554,reading_text_checked,0,no,TXT-770D2D23C9F5,reading_text_checked,80
